gateway_id,offline_flag_hours,disconnect_flag_hours,reboot_flag_hours,recent_offline_mean,recent_disconnect_mean,recent_reboot_mean,total_flagged_hours,week_start,needs_visit
0202CB0A6B1F,5.0,1.0,0.0,41.70886075949367,0.10126582278481013,0.0,6.0,2025-08-25,0
02043B6BA08B,2.0,5.0,0.0,19.264150943396228,0.031446540880503145,0.0,7.0,2025-08-25,0
02075B45BF24,0.0,7.0,10.0,71.8,0.04827586206896552,0.06896551724137931,17.0,2025-08-25,0
02091DF7CCB8,1.0,0.0,0.0,1314.6239316239316,1.3162393162393162,0.07692307692307693,1.0,2025-08-25,0
02097AB58D3C,2.0,11.0,0.0,62.835443037974684,0.06962025316455696,0.0,13.0,2025-08-25,0
020CC6FB9659,2.0,1.0,1.0,221.62987012987014,0.42857142857142855,0.006493506493506494,4.0,2025-08-25,0
02132677328F,0.0,0.0,0.0,150.95714285714286,0.2714285714285714,0.0,0.0,2025-08-25,0
02142F017781,0.0,4.0,0.0,185.50310559006212,0.024844720496894408,0.0,4.0,2025-08-25,0
02145826103B,3.0,5.0,0.0,69.69871794871794,0.2564102564102564,0.0,8.0,2025-08-25,0
0217820BFFB2,3.0,9.0,0.0,222.48344370860926,0.32450331125827814,0.0,12.0,2025-08-25,0
021D82B56A3F,8.0,9.0,11.0,12959.976744186046,6.267441860465116,0.13953488372093023,28.0,2025-08-25,0
02251388D3A2,1.0,6.0,0.0,97.29813664596273,0.037267080745341616,0.0,7.0,2025-08-25,0
0228A99EE35A,4.0,5.0,0.0,50.74193548387097,0.03225806451612903,0.0,9.0,2025-08-25,0
022C6F326E3B,2.0,4.0,5.0,668.5639097744361,1.0676691729323309,0.03759398496240601,11.0,2025-08-25,0
022DB47C41AC,0.0,0.0,0.0,221.86013986013987,0.21678321678321677,0.0,0.0,2025-08-25,0
023015602FAA,2.0,7.0,0.0,50.70987654320987,0.043209876543209874,0.0,9.0,2025-08-25,0
0230D261A1CD,2.0,7.0,0.0,18.987179487179485,0.04487179487179487,0.0,9.0,2025-08-25,0
0230EEF72435,1.0,0.0,0.0,71.91082802547771,1.1656050955414012,0.0,1.0,2025-08-25,0
02314F9A9168,3.0,8.0,0.0,42.81875,0.05,0.0,11.0,2025-08-25,0
023257D29366,4.0,4.0,0.0,28.873493975903614,0.024096385542168676,0.0,8.0,2025-08-25,0
023270320B57,2.0,3.0,0.0,55.24683544303797,0.8291139240506329,0.0,5.0,2025-08-25,0
02388A18854F,0.0,0.0,0.0,1563.488,5.88,0.232,0.0,2025-08-25,0
0239AD51B7AF,1.0,0.0,0.0,106.24342105263158,0.34210526315789475,0.0,1.0,2025-08-25,0
023A663EFD87,2.0,1.0,0.0,155.26415094339623,0.6415094339622641,0.0,3.0,2025-08-25,0
023AD5204E1C,3.0,5.0,0.0,81.86503067484662,0.03067484662576687,0.0,8.0,2025-08-25,0
023ADDDECF84,0.0,0.0,0.0,62225.307692307695,13.5,0.1282051282051282,0.0,2025-08-25,0
02423E0E6E9F,7.0,2.0,3.0,434.49295774647885,0.44366197183098594,0.02112676056338028,12.0,2025-08-25,0
024570739DE0,1.0,8.0,1.0,15.13375796178344,0.050955414012738856,0.006369426751592357,10.0,2025-08-25,0
02478CD90F3A,1.0,7.0,0.0,157.02083333333334,0.04861111111111111,0.0,8.0,2025-08-25,0
024DD3A9ADCA,2.0,1.0,9.0,213.6115107913669,0.2949640287769784,0.06474820143884892,12.0,2025-08-25,0
024ED433BF7D,0.0,0.0,1.0,292.3898305084746,1.152542372881356,0.00847457627118644,1.0,2025-08-25,0
0253BB40EDA6,3.0,4.0,0.0,128.1768292682927,0.03048780487804878,0.0,7.0,2025-08-25,0
0257E855DBCE,5.0,1.0,1.0,44.807453416149066,0.08074534161490683,0.006211180124223602,7.0,2025-08-25,0
0259991BA036,2.0,1.0,2.0,24.69182389937107,0.09433962264150944,0.012578616352201259,5.0,2025-08-25,0
026A6007FA48,0.0,0.0,1.0,122945.4,21.272727272727273,0.5454545454545454,1.0,2025-08-25,0
027137436C87,2.0,8.0,0.0,22.725609756097562,0.04878048780487805,0.0,10.0,2025-08-25,0
0278E06A2F67,1.0,1.0,0.0,30.635220125786162,0.006289308176100629,0.0,2.0,2025-08-25,0
0279D2AC6ACE,2.0,10.0,0.0,33.99342105263158,0.07236842105263158,0.0,12.0,2025-08-25,0
027B2DC4EA84,0.0,1.0,0.0,145.53642384105962,0.07947019867549669,0.0,1.0,2025-08-25,0
027D07FC97FC,0.0,3.0,0.0,6.109489051094891,0.021897810218978103,0.0,3.0,2025-08-25,1
027FE9CED489,2.0,2.0,0.0,52.99363057324841,0.5605095541401274,0.0,4.0,2025-08-25,0
028764AA026E,1.0,1.0,0.0,7.9573170731707314,0.006097560975609756,0.0,2.0,2025-08-25,0
02892F51E1CB,4.0,8.0,9.0,28818.263157894737,14.671052631578947,0.11842105263157894,21.0,2025-08-25,0
0289694A6E5B,2.0,3.0,0.0,90.74666666666667,0.2,0.0,5.0,2025-08-25,0
028B24EADDAD,4.0,0.0,0.0,96.02631578947368,0.08552631578947369,0.0,4.0,2025-08-25,0
028CC0AE5719,5.0,3.0,0.0,98.47435897435898,0.1858974358974359,0.0,8.0,2025-08-25,0
0293918A963F,1.0,1.0,0.0,192.920245398773,0.006134969325153374,0.0,2.0,2025-08-25,0
02980E461859,1.0,5.0,0.0,63.0,0.03067484662576687,0.0,6.0,2025-08-25,0
029A2B32D17E,5.0,5.0,1.0,884.1185185185185,1.4074074074074074,0.007407407407407408,11.0,2025-08-25,0
029C03C2BF19,10.0,6.0,0.0,15879.641025641025,7.0085470085470085,0.0,16.0,2025-08-25,0
029DA26B1A92,4.0,2.0,0.0,50.97575757575758,0.10303030303030303,0.0,6.0,2025-08-25,0
02A80292CB97,2.0,4.0,0.0,65.75757575757575,0.17575757575757575,0.0,6.0,2025-08-25,0
02B5C5ADC792,3.0,4.0,1.0,254.6979865771812,0.1610738255033557,0.006711409395973154,8.0,2025-08-25,0
02B742646A0E,3.0,1.0,0.0,65.41666666666667,0.14743589743589744,0.0,4.0,2025-08-25,0
02BAD919855D,2.0,3.0,0.0,247.38194444444446,0.20833333333333334,0.0,5.0,2025-08-25,0
02BD26A4C3A0,2.0,8.0,0.0,66.38414634146342,0.04878048780487805,0.0,10.0,2025-08-25,0
02C0F45F31E7,8.0,0.0,1.0,203276.12121212122,48.31818181818182,0.030303030303030304,9.0,2025-08-25,0
02CFFA3A3F35,1.0,3.0,0.0,15.950920245398773,0.018404907975460124,0.0,4.0,2025-08-25,0
02D49A34B2FE,0.0,0.0,0.0,233.53676470588235,0.25,0.07352941176470588,0.0,2025-08-25,0
02D4DFEF402A,4.0,8.0,0.0,18.23448275862069,0.30344827586206896,0.0,12.0,2025-08-25,0
02D7623552C8,1.0,0.0,0.0,45857.32307692308,12.092307692307692,3.3384615384615386,1.0,2025-08-25,1
02DC03A0F1E6,1.0,7.0,0.0,58.80379746835443,0.04430379746835443,0.0,8.0,2025-08-25,0
02E12310186C,2.0,11.0,1.0,112.69135802469135,0.07407407407407407,0.006172839506172839,14.0,2025-08-25,0
02EBC6CD4398,3.0,12.0,0.0,62.91875,0.075,0.0,15.0,2025-08-25,0
02F093C88F2E,4.0,3.0,0.0,251.89375,0.16875,0.0,7.0,2025-08-25,0
02F18EEE028A,2.0,2.0,1.0,51.833333333333336,0.11333333333333333,0.006666666666666667,5.0,2025-08-25,0
02F56F7C8E0B,0.0,2.0,0.0,13.725609756097562,0.012195121951219513,0.0,2.0,2025-08-25,0
02F5CE7705EC,3.0,10.0,2.0,2460.126984126984,4.055555555555555,0.015873015873015872,15.0,2025-08-25,0
02F98EB34A7A,2.0,5.0,0.0,9.859756097560975,0.03048780487804878,0.0,7.0,2025-08-25,0
02FBDD4A2C43,8.0,7.0,0.0,2148.2384615384617,0.36153846153846153,0.0,15.0,2025-08-25,1
060C5773A61B,4.0,0.0,0.0,1494.578125,1.2265625,0.0,4.0,2025-08-25,0
060EE3CB4779,2.0,1.0,2.0,3014.149606299213,1.811023622047244,0.015748031496062992,5.0,2025-08-25,0
06132D7396F8,0.0,0.0,0.0,701.0378787878788,1.121212121212121,0.0,0.0,2025-08-25,0
0616F247083A,5.0,2.0,2.0,153.93333333333334,0.1259259259259259,0.014814814814814815,9.0,2025-08-25,0
061A4322745C,6.0,3.0,1.0,140.52380952380952,0.32653061224489793,0.006802721088435374,10.0,2025-08-25,0
06238EE3BE6C,7.0,6.0,3.0,174.8427672955975,0.2389937106918239,0.018867924528301886,16.0,2025-08-25,0
062EA113798F,3.0,5.0,2.0,30.32075471698113,0.031446540880503145,0.012578616352201259,10.0,2025-08-25,0
0634F78DB4C5,3.0,0.0,2.0,460.136690647482,0.6258992805755396,0.014388489208633094,5.0,2025-08-25,0
0639EA5602C1,3.0,6.0,0.0,32.49390243902439,0.036585365853658534,0.0,9.0,2025-08-25,0
0644582257D9,3.0,0.0,1.0,193.5,0.11486486486486487,0.006756756756756757,4.0,2025-08-25,0
064AED1EC0AA,0.0,1.0,8.0,79.11643835616438,0.15753424657534246,0.0547945205479452,9.0,2025-08-25,0
064BE19B0A9E,3.0,4.0,2.0,187.38853503184714,0.025477707006369428,0.012738853503184714,9.0,2025-08-25,0
064C94C771EC,1.0,1.0,0.0,21.618181818181817,0.006060606060606061,0.0,2.0,2025-08-25,0
064E66B5367B,2.0,1.0,0.0,131.9805194805195,0.37662337662337664,0.0,3.0,2025-08-25,0
06509A84E873,4.0,1.0,1.0,7.382716049382716,0.10493827160493827,0.006172839506172839,6.0,2025-08-25,0
065B928716CD,0.0,0.0,9.0,2123.7096774193546,3.0403225806451615,0.08064516129032258,9.0,2025-08-25,0
065C003A8D0C,3.0,1.0,9.0,1282.5230769230768,1.2538461538461538,0.06923076923076923,13.0,2025-08-25,0
066430BA5119,3.0,5.0,0.0,86.11392405063292,0.03164556962025317,0.0,8.0,2025-08-25,0
0665C3FE6D67,1.0,4.0,0.0,45.84172661870504,0.03597122302158273,0.0,5.0,2025-08-25,0
06711BE6AD2A,1.0,11.0,1.0,110.55844155844156,0.07142857142857142,0.006493506493506494,13.0,2025-08-25,0
06787526FEB3,3.0,4.0,0.0,1387.876923076923,2.0692307692307694,0.0,7.0,2025-08-25,1
0683D2A8DA42,1.0,9.0,0.0,102.63125,0.05625,0.0,10.0,2025-08-25,0
068553B3AA23,3.0,4.0,0.0,16.474683544303797,0.02531645569620253,0.0,7.0,2025-08-25,0
0687F36E02C6,6.0,3.0,0.0,87.55555555555556,0.15432098765432098,0.0,9.0,2025-08-25,0
06903F988F32,4.0,0.0,0.0,148486.31147540984,52.36065573770492,29.295081967213115,4.0,2025-08-25,0
0693096C4C42,5.0,6.0,0.0,353.13157894736844,0.039473684210526314,0.0,11.0,2025-08-25,0
069357B9F15F,0.0,0.0,0.0,4005.905982905983,2.5128205128205128,0.23076923076923078,0.0,2025-08-25,0
06981FD8AA87,0.0,2.0,1.0,277.625,0.13157894736842105,0.046052631578947366,3.0,2025-08-25,0
069A98DEEB1D,0.0,0.0,1.0,559.5284552845528,0.8130081300813008,0.008130081300813009,1.0,2025-08-25,0
06AA1DE70CBF,2.0,5.0,0.0,75.29012345679013,0.030864197530864196,0.0,7.0,2025-08-25,0
06AAA28A5D6B,0.0,0.0,0.0,0.0,0.0,0.0,0.0,2025-08-25,0
06AEE181F595,8.0,4.0,0.0,6595.1894736842105,2.663157894736842,0.0,12.0,2025-08-25,0
06B162DC93E3,1.0,3.0,0.0,12.556962025316455,0.0189873417721519,0.0,4.0,2025-08-25,0
06B641B75B29,2.0,0.0,0.0,168468.5,53.45652173913044,26.08695652173913,2.0,2025-08-25,0
06C0D5E3BCDB,0.0,0.0,2.0,308.28776978417267,0.22302158273381295,0.014388489208633094,2.0,2025-08-25,0
06C0F27E810B,0.0,1.0,0.0,40.53658536585366,0.11585365853658537,0.0,1.0,2025-08-25,0
06C67619095C,0.0,0.0,0.0,0.0,0.0,0.0,0.0,2025-08-25,0
06C77FEA9550,1.0,1.0,3.0,342.3448275862069,0.6620689655172414,0.020689655172413793,5.0,2025-08-25,0
06C98DF4F0FA,0.0,0.0,0.0,0.0,0.0,0.0,0.0,2025-08-25,0
06CE0F3CFB3C,8.0,11.0,3.0,6364.290909090909,0.5181818181818182,0.02727272727272727,22.0,2025-08-25,0
06D0342253A0,2.0,1.0,0.0,179.50931677018633,0.09316770186335403,0.0,3.0,2025-08-25,0
06D388A19D5D,3.0,2.0,0.0,10.949685534591195,0.15723270440251572,0.0,5.0,2025-08-25,0
06D6B7018E15,1.0,0.0,0.0,70.59235668789809,0.07006369426751592,0.0,1.0,2025-08-25,0
06D7F6C73E0C,1.0,5.0,0.0,17.24848484848485,0.030303030303030304,0.0,6.0,2025-08-25,0
06D84598CCB4,4.0,8.0,0.0,64.64556962025317,0.05063291139240506,0.0,12.0,2025-08-25,0
06DAF11BD38F,4.0,9.0,0.0,55.455128205128204,0.0641025641025641,0.0,13.0,2025-08-25,0
06DF118D7989,4.0,2.0,2.0,321.0127388535032,0.3885350318471338,0.012738853503184714,8.0,2025-08-25,0
06EA136A2996,2.0,3.0,0.0,77.69135802469135,0.018518518518518517,0.0,5.0,2025-08-25,0
06EDBAE64B57,2.0,2.0,0.0,53.71951219512195,0.012195121951219513,0.0,4.0,2025-08-25,0
06EEBD283262,0.0,1.0,0.0,13.225,0.00625,0.0,1.0,2025-08-25,0
06EFD61B80ED,0.0,2.0,0.0,3.746913580246914,0.012345679012345678,0.0,2.0,2025-08-25,0
06F2469B50EF,1.0,5.0,4.0,365.29801324503313,0.033112582781456956,0.026490066225165563,10.0,2025-08-25,0
06F2CDBD2C41,4.0,1.0,0.0,173.7578125,0.234375,0.0,5.0,2025-08-25,0
06F40EA87663,1.0,7.0,2.0,62.9874213836478,0.0440251572327044,0.012578616352201259,10.0,2025-08-25,0
06F49BD8F572,0.0,2.0,3.0,33.16352201257862,0.11320754716981132,0.018867924528301886,5.0,2025-08-25,0
06FDA7D7B22A,5.0,3.0,2.0,1566.409090909091,0.21428571428571427,0.012987012987012988,10.0,2025-08-25,0
06FFEC2EFA5E,4.0,5.0,0.0,361.24285714285713,0.6142857142857143,0.0,9.0,2025-08-25,0
0A0B47664A85,2.0,3.0,0.0,34.306748466257666,0.22699386503067484,0.0,5.0,2025-08-25,0
0A10201AFE0A,0.0,11.0,0.0,59.97530864197531,0.06790123456790123,0.0,11.0,2025-08-25,0
0A1037E90A63,4.0,5.0,1.0,114.73809523809524,0.02976190476190476,0.005952380952380952,10.0,2025-08-25,0
0A10A5A5056E,2.0,0.0,0.0,101.9496855345912,0.16981132075471697,0.0,2.0,2025-08-25,0
0A15BC628AFC,2.0,5.0,0.0,824.9673202614379,0.032679738562091505,0.0,7.0,2025-08-25,1
0A182EFD3C61,1.0,0.0,7.0,87.60714285714286,0.8428571428571429,0.05,8.0,2025-08-25,0
0A184A2E46B7,3.0,0.0,1.0,18054.522522522522,30.18018018018018,0.009009009009009009,4.0,2025-08-25,0
0A19C62F4F6D,13.0,17.0,0.0,1029.890410958904,0.589041095890411,0.0,30.0,2025-08-25,0
0A1FB1C98A92,5.0,12.0,0.0,18.70625,0.075,0.0,17.0,2025-08-25,0
0A23474F1944,6.0,3.0,0.0,48.449367088607595,0.23417721518987342,0.0,9.0,2025-08-25,0
0A25F6E3466C,0.0,0.0,1.0,375670.9166666667,52.416666666666664,7.166666666666667,1.0,2025-08-25,0
0A268A7E40CD,3.0,11.0,0.0,73.44585987261146,0.07643312101910828,0.0,14.0,2025-08-25,0
0A272C5A2C9B,1.0,1.0,1.0,18.233128834355828,0.006134969325153374,0.006134969325153374,3.0,2025-08-25,0
0A2778A31BE3,1.0,1.0,0.0,32.074074074074076,0.006172839506172839,0.0,2.0,2025-08-25,0
0A3528D089D9,3.0,2.0,0.0,88.07272727272728,0.11515151515151516,0.0,5.0,2025-08-25,0
0A3983033084,7.0,0.0,0.0,93.95031055900621,0.13664596273291926,0.0,7.0,2025-08-25,0
0A42B2DB6370,0.0,1.0,0.0,3.6645962732919255,0.006211180124223602,0.0,1.0,2025-08-25,0
0A4673793B3E,0.0,2.0,0.0,1.603658536585366,0.012195121951219513,0.0,2.0,2025-08-25,0
0A485668F5C0,3.0,0.0,1.0,242.0344827586207,0.3448275862068966,0.006896551724137931,4.0,2025-08-25,0
0A4C884F240A,4.0,3.0,0.0,215.3375796178344,0.4968152866242038,0.0,7.0,2025-08-25,0
0A4E33E2692B,2.0,1.0,2.0,637.4850746268656,0.6343283582089553,0.014925373134328358,5.0,2025-08-25,0
0A52DDE896BF,6.0,8.0,0.0,1058.7823129251701,1.7755102040816326,0.0,14.0,2025-08-25,0
0A55DA266F71,0.0,3.0,0.0,4.9937888198757765,0.018633540372670808,0.0,3.0,2025-08-25,0
0A568E79FEF6,0.0,0.0,0.0,0.0,0.0,0.0,0.0,2025-08-25,0
0A57338657F8,2.0,0.0,0.0,18.944099378881987,0.11801242236024845,0.0,2.0,2025-08-25,0
0A57A684E20B,2.0,4.0,0.0,43.29192546583851,0.024844720496894408,0.0,6.0,2025-08-25,0
0A5C1439B384,3.0,5.0,0.0,152.26347305389223,0.029940119760479042,0.0,8.0,2025-08-25,0
0A5D017E401E,1.0,2.0,0.0,92.15723270440252,0.1069182389937107,0.0,3.0,2025-08-25,0
0A5E96449374,3.0,0.0,4.0,1527.2478632478633,1.5897435897435896,0.03418803418803419,7.0,2025-08-25,0
0A61E3165158,4.0,6.0,0.0,58.166666666666664,0.16666666666666666,0.0,10.0,2025-08-25,0
0A62EECEEBD1,1.0,5.0,0.0,87.67073170731707,0.03048780487804878,0.0,6.0,2025-08-25,0
0A6324E3E043,3.0,1.0,5.0,115.27848101265823,0.0759493670886076,0.03164556962025317,9.0,2025-08-25,0
0A6390E0FBA4,1.0,1.0,0.0,2301.268907563025,3.1092436974789917,0.0,2.0,2025-08-25,0
0A663B6B4B28,4.0,2.0,0.0,8772.259615384615,15.278846153846153,0.19230769230769232,6.0,2025-08-25,0
0A682ED9C6DD,3.0,10.0,3.0,160.79591836734693,0.06802721088435375,0.02040816326530612,16.0,2025-08-25,0
0A68A2032450,5.0,1.0,0.0,170.6771653543307,0.16535433070866143,0.0,6.0,2025-08-25,0
0A68DF0B3D07,3.0,12.0,0.0,34.03164556962025,0.0759493670886076,0.0,15.0,2025-08-25,0
0A68F38A6ACF,1.0,1.0,0.0,11491.759036144578,1.963855421686747,0.3614457831325301,2.0,2025-08-25,0
0A6C571A1550,3.0,4.0,0.0,17.13939393939394,0.024242424242424242,0.0,7.0,2025-08-25,0
0A6D3595373D,3.0,12.0,0.0,103.60122699386503,0.07975460122699386,0.0,15.0,2025-08-25,0
0A6DA0C82CCB,0.0,1.0,0.0,28.981927710843372,0.006024096385542169,0.0,1.0,2025-08-25,0
0A71A6F9D6C6,1.0,0.0,0.0,184.28220858895705,0.12269938650306748,0.0,1.0,2025-08-25,0
0A78FAF47B00,1.0,0.0,1.0,171.93421052631578,0.2894736842105263,0.006578947368421052,2.0,2025-08-25,0
0A7AAFDD9E11,3.0,9.0,0.0,4599.1720430107525,0.4731182795698925,0.0,12.0,2025-08-25,0
0A7AC5BDAF86,4.0,7.0,1.0,21.22360248447205,0.043478260869565216,0.006211180124223602,12.0,2025-08-25,0
0A800188C20F,3.0,10.0,0.0,114.1741935483871,0.06451612903225806,0.0,13.0,2025-08-25,0
0A8407CF4D85,3.0,12.0,0.0,92.4746835443038,0.0759493670886076,0.0,15.0,2025-08-25,0
0A87B8C2734F,0.0,3.0,0.0,56.41935483870968,0.12903225806451613,0.0,3.0,2025-08-25,0
0A8EA87BB037,4.0,4.0,0.0,63.80120481927711,0.1566265060240964,0.0,8.0,2025-08-25,0
0A9547C11A56,2.0,0.0,0.0,28.14012738853503,0.1592356687898089,0.0,2.0,2025-08-25,0
0A96EACD8070,1.0,0.0,0.0,98804.9156626506,36.096385542168676,1.1566265060240963,1.0,2025-08-25,0
0A974F5D7D8C,2.0,0.0,1.0,19677.774509803923,3.4411764705882355,1.6568627450980393,3.0,2025-08-25,0
0A9A3BFD6C9B,2.0,1.0,0.0,49.46666666666667,0.32,0.0,3.0,2025-08-25,0
0AA18F330F59,1.0,2.0,0.0,2279.2321428571427,3.517857142857143,0.0,3.0,2025-08-25,0
0AA2818A7B27,0.0,0.0,0.0,0.0,0.0,0.0,0.0,2025-08-25,0
0AA296FF247D,2.0,2.0,1.0,101.36805555555556,0.14583333333333334,0.006944444444444444,5.0,2025-08-25,0
0AA2F2CAB50B,4.0,1.0,1.0,930.1118881118881,2.6083916083916083,0.006993006993006993,6.0,2025-08-25,0
0AA3F18DE550,5.0,13.0,1.0,145.77777777777777,0.08024691358024691,0.006172839506172839,19.0,2025-08-25,0
0AA473D2FC17,3.0,10.0,1.0,23.28048780487805,0.06707317073170732,0.006097560975609756,14.0,2025-08-25,0
0AA4B065E5A5,1.0,6.0,0.0,11.939024390243903,0.036585365853658534,0.0,7.0,2025-08-25,0
0AA9051FFFFA,2.0,3.0,0.0,37.35220125786164,0.018867924528301886,0.0,5.0,2025-08-25,0
0AB410184143,1.0,2.0,0.0,34.90909090909091,0.012121212121212121,0.0,3.0,2025-08-25,0
0AB5F9C21BF8,0.0,1.0,6.0,190.20945945945945,0.33783783783783783,0.04054054054054054,7.0,2025-08-25,0
0AB6B45C775A,2.0,0.0,1.0,3135.0943396226417,3.8867924528301887,0.10377358490566038,3.0,2025-08-25,0
0AB97B7632EB,0.0,0.0,0.0,0.0,0.0,0.0,0.0,2025-08-25,0
0ABC8E60F4C1,2.0,0.0,0.0,403.88028169014086,0.09154929577464789,0.0,2.0,2025-08-25,0
0ABD2E513F79,4.0,3.0,0.0,727.2222222222222,0.19444444444444445,0.0,7.0,2025-08-25,0
0ABE42BE4165,4.0,2.0,0.0,72.57236842105263,0.13157894736842105,0.0,6.0,2025-08-25,0
0AC437023B18,3.0,7.0,0.0,6.203947368421052,0.05921052631578947,0.0,10.0,2025-08-25,0
0AD276FC5E27,6.0,6.0,1.0,1828.1190476190477,0.6428571428571429,0.007936507936507936,13.0,2025-08-25,0
0AD2C92E9756,0.0,2.0,1.0,16.950617283950617,0.012345679012345678,0.006172839506172839,3.0,2025-08-25,0
0ADD02AB693D,2.0,10.0,0.0,66.47741935483872,0.07096774193548387,0.0,12.0,2025-08-25,0
0AE03793586F,0.0,1.0,0.0,13.299363057324841,0.006369426751592357,0.0,1.0,2025-08-25,0
0AE21E7A17E4,5.0,1.0,0.0,165.24074074074073,0.35802469135802467,0.0,6.0,2025-08-25,0
0AE6BF39C720,1.0,1.0,0.0,44.85,0.24375,0.0,2.0,2025-08-25,0
0AEF10F3A994,0.0,1.0,0.0,25.29936305732484,0.05732484076433121,0.0,1.0,2025-08-25,0
0AF1F0E3B640,3.0,7.0,0.0,60.936708860759495,0.05063291139240506,0.0,10.0,2025-08-25,0
0AF51D7D0F73,2.0,2.0,0.0,355.8758620689655,0.4689655172413793,0.0,4.0,2025-08-25,0
0AF8DCB98E4B,1.0,2.0,0.0,120.26923076923077,0.23717948717948717,0.0,3.0,2025-08-25,0
0AF9846E92DD,3.0,4.0,0.0,5944.521276595745,1.3404255319148937,0.0,7.0,2025-08-25,0
0AFB7B311996,5.0,4.0,6.0,9809.595041322315,0.39669421487603307,0.30578512396694213,15.0,2025-08-25,0
0AFE702BB093,1.0,4.0,4.0,1446.4018691588785,3.6261682242990654,0.037383177570093455,9.0,2025-08-25,0
0AFFC263C0D9,3.0,1.0,7.0,1232.4583333333333,0.8,0.058333333333333334,11.0,2025-08-25,0
0E03D8F69853,8.0,4.0,4.0,15915.85,7.06,0.04,16.0,2025-08-25,0
0E0A8D6EB6B9,0.0,0.0,0.0,296.8129496402878,0.22302158273381295,0.0,0.0,2025-08-25,0
0E0C3EB7915D,4.0,0.0,0.0,66.96153846153847,0.33974358974358976,0.0,4.0,2025-08-25,0
0E0E2996F51A,0.0,0.0,1.0,115.42666666666666,0.2866666666666667,0.006666666666666667,1.0,2025-08-25,0
0E113B01A9A2,2.0,8.0,0.0,16.944444444444443,0.04938271604938271,0.0,10.0,2025-08-25,0
0E11F69747A8,0.0,0.0,0.0,0.0,0.0,0.0,0.0,2025-08-25,0
0E121B6B8661,0.0,0.0,0.0,704.9652777777778,0.4236111111111111,0.2013888888888889,0.0,2025-08-25,0
0E1B6F4DBA34,3.0,5.0,0.0,101.20394736842105,0.39473684210526316,0.0,8.0,2025-08-25,1
0E1C622E61BC,2.0,10.0,3.0,112.83660130718954,0.06535947712418301,0.0196078431372549,15.0,2025-08-25,0
0E1D7CA1DB0C,1.0,0.0,0.0,74.1625,0.16875,0.0,1.0,2025-08-25,0
0E21C239D865,2.0,3.0,0.0,68.51533742331289,0.018404907975460124,0.0,5.0,2025-08-25,0
0E2575C7EE05,4.0,2.0,3.0,250.3987341772152,0.1518987341772152,0.0189873417721519,9.0,2025-08-25,0
0E2728C481CA,2.0,1.0,3.0,512.7333333333333,0.5703703703703704,0.022222222222222223,6.0,2025-08-25,0
0E293C5E4650,0.0,1.0,0.0,45.075471698113205,0.11949685534591195,0.0,1.0,2025-08-25,0
0E2DEE345837,0.0,7.0,0.0,59.9559748427673,0.0440251572327044,0.0,7.0,2025-08-25,0
0E31C429C185,0.0,1.0,0.0,23.280254777070063,0.006369426751592357,0.0,1.0,2025-08-25,0
0E34282F4B53,3.0,4.0,0.0,51.32298136645963,0.024844720496894408,0.0,7.0,2025-08-25,0
0E3D06A07E94,0.0,2.0,2.0,1561.96,2.168,0.016,4.0,2025-08-25,0
0E3D96237639,2.0,6.0,0.0,19.158536585365855,0.036585365853658534,0.0,8.0,2025-08-25,0
0E41CF7F74D5,2.0,5.0,0.0,22.871794871794872,0.15384615384615385,0.0,7.0,2025-08-25,0
0E462188408C,3.0,1.0,0.0,22.412903225806453,0.9612903225806452,0.0,4.0,2025-08-25,0
0E4CE5FB4405,3.0,0.0,0.0,216.3840579710145,0.26811594202898553,0.0,3.0,2025-08-25,0
0E50A5B2E5C4,2.0,6.0,1.0,78.56774193548387,0.03870967741935484,0.0064516129032258064,9.0,2025-08-25,0
0E543D410B0C,4.0,8.0,0.0,74.44242424242424,0.048484848484848485,0.0,12.0,2025-08-25,0
0E55F28AB569,2.0,3.0,0.0,8.474683544303797,0.02531645569620253,0.0,5.0,2025-08-25,0
0E5A9CEA8093,0.0,0.0,2.0,128.63870967741934,0.14838709677419354,0.012903225806451613,2.0,2025-08-25,0
0E5CD9B19DCB,0.0,0.0,1.0,0.0,0.0,0.006535947712418301,1.0,2025-08-25,0
0E5DFCF65AD4,0.0,0.0,0.0,653.8512396694215,0.2066115702479339,0.0,0.0,2025-08-25,0
0E61D34F9993,5.0,1.0,1.0,15.975460122699387,0.07975460122699386,0.006134969325153374,7.0,2025-08-25,0
0E69783262BE,8.0,0.0,0.0,237.8791946308725,0.1476510067114094,0.0,8.0,2025-08-25,0
0E69C64B6E57,1.0,1.0,0.0,12.670807453416149,0.006211180124223602,0.0,2.0,2025-08-25,0
0E6A7794AFC7,0.0,5.0,0.0,107.09868421052632,0.03289473684210526,0.0,5.0,2025-08-25,0
0E6ACE6D3146,5.0,5.0,0.0,44.961290322580645,0.24516129032258063,0.0,10.0,2025-08-25,0
0E6D2CBAED41,3.0,1.0,2.0,1429.8345323741007,2.1366906474820144,0.014388489208633094,6.0,2025-08-25,0
0E752F1B295C,7.0,2.0,5.0,1148.5347222222222,1.4791666666666667,0.034722222222222224,14.0,2025-08-25,1
0E7A8A5414C2,5.0,5.0,3.0,166.1225806451613,0.2645161290322581,0.01935483870967742,13.0,2025-08-25,0
0E892C46A442,3.0,6.0,0.0,59.18300653594771,1.326797385620915,0.0,9.0,2025-08-25,0
0E89F7D5B5BD,0.0,2.0,7.0,82.84516129032258,0.4,0.04516129032258064,9.0,2025-08-25,0
0E8B8566815B,0.0,0.0,0.0,204.08227848101265,0.13924050632911392,0.0,0.0,2025-08-25,0
0E8CF9CA526F,1.0,4.0,0.0,56.666666666666664,0.024242424242424242,0.0,5.0,2025-08-25,0
0E8F36DAB9C2,0.0,0.0,2.0,1280.9906542056074,0.822429906542056,0.018691588785046728,2.0,2025-08-25,0
0E9761D8EB58,0.0,2.0,2.0,6753.072072072072,13.477477477477477,0.018018018018018018,4.0,2025-08-25,0
0E9A30D927A5,1.0,3.0,2.0,195.33112582781456,0.2251655629139073,0.013245033112582781,6.0,2025-08-25,0
0E9DC914D8DF,1.0,1.0,0.0,10.1125,0.00625,0.0,2.0,2025-08-25,0
0EA0447DA91C,2.0,0.0,0.0,1701.4609375,2.6015625,0.0,2.0,2025-08-25,0
0EA22CFA3A24,0.0,2.0,0.0,550.0933333333334,0.6133333333333333,0.0,2.0,2025-08-25,0
0EA52A2A7581,2.0,1.0,6.0,102.97297297297297,0.21621621621621623,0.04054054054054054,9.0,2025-08-25,0
0EAEFEAEFB09,3.0,3.0,0.0,60.75816993464052,0.4444444444444444,0.0,6.0,2025-08-25,0
0EB04F2114F4,1.0,1.0,0.0,29.478527607361965,0.006134969325153374,0.0,2.0,2025-08-25,0
0EB6B31D8AFB,1.0,1.0,0.0,114.78181818181818,0.006060606060606061,0.0,2.0,2025-08-25,0
0EBF1B27CDE1,1.0,1.0,0.0,109.2751677852349,0.42953020134228187,0.0,2.0,2025-08-25,0
0EC8A35D0C20,7.0,9.0,10.0,9175.587301587302,0.8174603174603174,0.07936507936507936,26.0,2025-08-25,0
0ED0849FD6D8,4.0,5.0,0.0,539.1267605633802,0.39436619718309857,0.0,9.0,2025-08-25,0
0ED1E9DBD593,4.0,5.0,1.0,1421.9349593495936,0.7398373983739838,0.008130081300813009,10.0,2025-08-25,0
0ED4052A2763,1.0,2.0,0.0,15.446540880503145,0.012578616352201259,0.0,3.0,2025-08-25,0
0ED5057ECE3F,0.0,0.0,0.0,7057.472727272727,4.463636363636364,0.7454545454545455,0.0,2025-08-25,0
0EDC7177CCA9,4.0,5.0,2.0,148.70186335403727,0.031055900621118012,0.012422360248447204,11.0,2025-08-25,0
0EE071F7B24A,1.0,2.0,0.0,10.880503144654089,0.012578616352201259,0.0,3.0,2025-08-25,0
0EE09EDA649F,1.0,7.0,0.0,947.0208333333334,0.04861111111111111,0.0,8.0,2025-08-25,0
0EE317BA7C52,1.0,0.0,2.0,7081.431034482759,2.9310344827586206,1.0344827586206897,3.0,2025-08-25,0
0EE51B79E853,2.0,4.0,0.0,17.368098159509202,0.024539877300613498,0.0,6.0,2025-08-25,0
0EE78E4317BB,7.0,1.0,0.0,152.95394736842104,0.14473684210526316,0.0,8.0,2025-08-25,0
0EE9497950EE,3.0,3.0,0.0,41.96153846153846,0.4230769230769231,0.0,6.0,2025-08-25,0
0EEA98D1BFDB,5.0,12.0,0.0,24.75,0.08536585365853659,0.0,17.0,2025-08-25,0
0EECB108FF91,1.0,0.0,0.0,42.17901234567901,0.4012345679012346,0.0,1.0,2025-08-25,0
0EF023E6452D,4.0,2.0,2.0,236.3489932885906,0.16778523489932887,0.087248322147651,8.0,2025-08-25,0
0EF08481B333,1.0,9.0,0.0,21.29032258064516,0.05806451612903226,0.0,10.0,2025-08-25,0
0EF437108E63,4.0,2.0,0.0,278.75714285714287,0.39285714285714285,0.0,6.0,2025-08-25,0
0EF47B410B41,3.0,6.0,0.0,79.11801242236025,0.037267080745341616,0.0,9.0,2025-08-25,0
0EFD600E2623,2.0,4.0,0.0,83.72670807453416,0.024844720496894408,0.0,6.0,2025-08-25,0
0202CB0A6B1F,5.0,0.0,0.0,50.879746835443036,0.12025316455696203,0.0,5.0,2025-09-01,0
02043B6BA08B,1.0,8.0,0.0,90.6158940397351,0.052980132450331126,0.0,9.0,2025-09-01,0
02075B45BF24,1.0,8.0,11.0,112.3921568627451,0.05228758169934641,0.0784313725490196,20.0,2025-09-01,0
02091DF7CCB8,1.0,1.0,1.0,1006.4833333333333,1.475,0.06666666666666667,3.0,2025-09-01,1
02097AB58D3C,2.0,7.0,0.0,42.41139240506329,0.04430379746835443,0.0,9.0,2025-09-01,0
020CC6FB9659,2.0,6.0,1.0,681.9281045751634,0.7647058823529411,0.006535947712418301,9.0,2025-09-01,0
02132677328F,9.0,8.0,0.0,2027.0964912280701,0.9298245614035088,0.0,17.0,2025-09-01,0
02142F017781,2.0,2.0,1.0,265.5792682926829,0.012195121951219513,0.006097560975609756,5.0,2025-09-01,0
02145826103B,4.0,6.0,0.0,86.63087248322148,0.26174496644295303,0.0,10.0,2025-09-01,0
0217820BFFB2,4.0,8.0,0.0,304.0127388535032,0.3630573248407643,0.0,12.0,2025-09-01,0
021D82B56A3F,1.0,0.0,6.0,3580.0508474576272,2.635593220338983,0.05084745762711865,7.0,2025-09-01,0
02251388D3A2,1.0,2.0,0.0,109.4746835443038,0.012658227848101266,0.0,3.0,2025-09-01,0
0228A99EE35A,3.0,8.0,1.0,34.41772151898734,0.05063291139240506,0.006329113924050633,12.0,2025-09-01,0
022C6F326E3B,1.0,0.0,2.0,364.53076923076924,0.8615384615384616,0.015384615384615385,3.0,2025-09-01,0
022DB47C41AC,0.0,0.0,1.0,347.512987012987,0.16883116883116883,0.006493506493506494,1.0,2025-09-01,0
023015602FAA,0.0,1.0,0.0,7.204968944099379,0.006211180124223602,0.0,1.0,2025-09-01,0
0230D261A1CD,1.0,10.0,0.0,30.371794871794872,0.0641025641025641,0.0,11.0,2025-09-01,0
0230EEF72435,2.0,3.0,0.0,104.6624203821656,1.267515923566879,0.0,5.0,2025-09-01,0
02314F9A9168,2.0,4.0,0.0,19.59748427672956,0.025157232704402517,0.0,6.0,2025-09-01,0
023257D29366,2.0,4.0,0.0,13.392638036809815,0.024539877300613498,0.0,6.0,2025-09-01,0
023270320B57,4.0,8.0,0.0,93.52830188679245,0.9685534591194969,0.0,12.0,2025-09-01,0
02388A18854F,0.0,0.0,1.0,1395.8347107438017,5.31404958677686,0.2809917355371901,1.0,2025-09-01,0
0239AD51B7AF,7.0,2.0,0.0,167.6578947368421,0.3881578947368421,0.0,9.0,2025-09-01,0
023A663EFD87,1.0,3.0,0.0,101.54482758620689,0.5379310344827586,0.0,4.0,2025-09-01,0
023AD5204E1C,2.0,2.0,0.0,39.84662576687116,0.012269938650306749,0.0,4.0,2025-09-01,0
023ADDDECF84,0.0,0.0,0.0,20309.7,6.7875,0.05,0.0,2025-09-01,0
02423E0E6E9F,4.0,0.0,3.0,246.71428571428572,0.29285714285714287,0.02142857142857143,7.0,2025-09-01,0
024570739DE0,1.0,4.0,0.0,5.157575757575757,0.024242424242424242,0.0,5.0,2025-09-01,0
02478CD90F3A,0.0,7.0,1.0,100.65277777777777,0.04861111111111111,0.006944444444444444,8.0,2025-09-01,0
024DD3A9ADCA,3.0,0.0,10.0,219.75886524822695,0.2907801418439716,0.07801418439716312,13.0,2025-09-01,0
024ED433BF7D,1.0,1.0,0.0,340.0508474576271,1.2203389830508475,0.0,2.0,2025-09-01,0
0253BB40EDA6,0.0,1.0,0.0,4.031847133757962,0.006369426751592357,0.0,1.0,2025-09-01,0
0257E855DBCE,2.0,13.0,1.0,22.438271604938272,0.08024691358024691,0.006172839506172839,16.0,2025-09-01,0
0259991BA036,1.0,1.0,2.0,16.81935483870968,0.07741935483870968,0.01935483870967742,4.0,2025-09-01,0
026A6007FA48,0.0,0.0,0.0,38769.219047619044,8.876190476190477,0.14285714285714285,0.0,2025-09-01,0
027137436C87,1.0,6.0,0.0,16.21212121212121,0.03636363636363636,0.0,7.0,2025-09-01,0
0278E06A2F67,0.0,1.0,1.0,2.1219512195121952,0.006097560975609756,0.006097560975609756,2.0,2025-09-01,0
0279D2AC6ACE,3.0,1.0,0.0,47.94039735099338,0.11920529801324503,0.0,4.0,2025-09-01,0
027B2DC4EA84,1.0,1.0,0.0,131.94267515923568,0.07643312101910828,0.0,2.0,2025-09-01,0
027D07FC97FC,11.0,25.0,1.0,597.7567567567568,0.25225225225225223,0.009009009009009009,37.0,2025-09-01,0
027FE9CED489,6.0,3.0,0.0,98.38461538461539,0.8076923076923077,0.0,9.0,2025-09-01,0
028764AA026E,0.0,2.0,0.0,8.94478527607362,0.012269938650306749,0.0,2.0,2025-09-01,0
02892F51E1CB,1.0,4.0,10.0,19498.44210526316,11.863157894736842,0.10526315789473684,15.0,2025-09-01,0
0289694A6E5B,1.0,3.0,0.0,85.1360544217687,0.23809523809523808,0.0,4.0,2025-09-01,0
028B24EADDAD,1.0,0.0,3.0,44.32051282051282,0.07692307692307693,0.019230769230769232,4.0,2025-09-01,0
028CC0AE5719,3.0,6.0,0.0,83.76219512195122,0.18902439024390244,0.0,9.0,2025-09-01,0
0293918A963F,2.0,2.0,0.0,160.78048780487805,0.012195121951219513,0.0,4.0,2025-09-01,0
02980E461859,1.0,2.0,0.0,36.36645962732919,0.012422360248447204,0.0,3.0,2025-09-01,0
029A2B32D17E,0.0,1.0,1.0,370.1666666666667,1.0069444444444444,0.006944444444444444,2.0,2025-09-01,0
029C03C2BF19,1.0,1.0,0.0,6190.611111111111,4.079365079365079,0.0,2.0,2025-09-01,0
029DA26B1A92,5.0,0.0,0.0,47.7625,0.1,0.0,5.0,2025-09-01,0
02A80292CB97,0.0,2.0,0.0,18.59006211180124,0.12422360248447205,0.0,2.0,2025-09-01,0
02B5C5ADC792,2.0,1.0,0.0,129.79166666666666,0.09722222222222222,0.0,3.0,2025-09-01,0
02B742646A0E,3.0,2.0,0.0,101.55414012738854,0.14012738853503184,0.0,5.0,2025-09-01,0
02BAD919855D,0.0,2.0,0.0,85.52027027027027,0.1554054054054054,0.0,2.0,2025-09-01,0
02BD26A4C3A0,2.0,5.0,0.0,257.2926829268293,0.03048780487804878,0.0,7.0,2025-09-01,0
02C0F45F31E7,7.0,0.0,0.0,260977.81818181818,53.54545454545455,0.0,7.0,2025-09-01,0
02CFFA3A3F35,2.0,3.0,0.0,26.713414634146343,0.018292682926829267,0.0,5.0,2025-09-01,0
02D49A34B2FE,0.0,0.0,0.0,108.13178294573643,0.3488372093023256,0.06201550387596899,0.0,2025-09-01,0
02D4DFEF402A,2.0,7.0,0.0,22.018987341772153,0.2721518987341772,0.0,9.0,2025-09-01,0
02D7623552C8,2.0,4.0,2.0,69276.05454545455,17.90909090909091,7.109090909090909,8.0,2025-09-01,0
02DC03A0F1E6,2.0,4.0,0.0,36.39622641509434,0.025157232704402517,0.0,6.0,2025-09-01,0
02E12310186C,2.0,7.0,1.0,65.34375,0.05,0.00625,10.0,2025-09-01,0
02EBC6CD4398,6.0,12.0,0.0,74.57232704402516,0.07547169811320754,0.0,18.0,2025-09-01,0
02F093C88F2E,1.0,2.0,0.0,66.41666666666667,0.07692307692307693,0.0,3.0,2025-09-01,0
02F18EEE028A,1.0,3.0,0.0,53.973509933774835,0.12582781456953643,0.0,4.0,2025-09-01,0
02F56F7C8E0B,1.0,1.0,0.0,35.39375,0.00625,0.0,2.0,2025-09-01,0
02F5CE7705EC,7.0,10.0,5.0,8103.647619047619,9.228571428571428,0.047619047619047616,22.0,2025-09-01,0
02F98EB34A7A,2.0,5.0,0.0,42.74074074074074,0.037037037037037035,0.0,7.0,2025-09-01,0
02FBDD4A2C43,7.0,4.0,1.0,6166.704545454545,0.6477272727272727,0.011363636363636364,12.0,2025-09-01,0
060C5773A61B,5.0,4.0,0.0,1556.0238095238096,1.5317460317460319,0.0,9.0,2025-09-01,0
060EE3CB4779,0.0,0.0,1.0,879.0289855072464,1.108695652173913,0.007246376811594203,1.0,2025-09-01,0
06132D7396F8,1.0,0.0,0.0,562.609375,0.8828125,0.0,1.0,2025-09-01,0
0616F247083A,2.0,2.0,1.0,112.69127516778524,0.1476510067114094,0.006711409395973154,5.0,2025-09-01,0
061A4322745C,4.0,4.0,1.0,156.84137931034482,0.27586206896551724,0.006896551724137931,9.0,2025-09-01,0
06238EE3BE6C,1.0,2.0,0.0,89.27272727272727,0.18181818181818182,0.0,3.0,2025-09-01,0
062EA113798F,3.0,16.0,0.0,69.5,0.1,0.0,19.0,2025-09-01,0
0634F78DB4C5,2.0,1.0,0.0,376.37226277372264,0.6423357664233577,0.0,3.0,2025-09-01,0
0639EA5602C1,1.0,1.0,0.0,17.532467532467532,0.006493506493506494,0.0,2.0,2025-09-01,0
0644582257D9,4.0,2.0,2.0,232.1032258064516,0.14193548387096774,0.012903225806451613,8.0,2025-09-01,0
064AED1EC0AA,1.0,1.0,1.0,56.66451612903226,0.07096774193548387,0.0064516129032258064,3.0,2025-09-01,0
064BE19B0A9E,0.0,1.0,1.0,5.850931677018633,0.006211180124223602,0.006211180124223602,2.0,2025-09-01,0
064C94C771EC,0.0,0.0,0.0,0.0,0.0,0.0,0.0,2025-09-01,0
064E66B5367B,5.0,2.0,0.0,250.48407643312103,0.4267515923566879,0.0,7.0,2025-09-01,0
06509A84E873,6.0,2.0,0.0,12.23076923076923,0.14102564102564102,0.0,8.0,2025-09-01,0
065B928716CD,2.0,2.0,5.0,1818.5748031496064,2.763779527559055,0.03937007874015748,9.0,2025-09-01,0
065C003A8D0C,3.0,1.0,4.0,1686.0569105691056,1.4796747967479675,0.04065040650406504,8.0,2025-09-01,0
066430BA5119,2.0,4.0,0.0,49.6890243902439,0.024390243902439025,0.0,6.0,2025-09-01,0
0665C3FE6D67,1.0,7.0,0.0,135.47133757961782,0.044585987261146494,0.0,8.0,2025-09-01,0
06711BE6AD2A,2.0,5.0,1.0,179.9493670886076,0.03164556962025317,0.006329113924050633,8.0,2025-09-01,0
06787526FEB3,12.0,13.0,2.0,11553.602272727272,9.170454545454545,0.022727272727272728,27.0,2025-09-01,0
0683D2A8DA42,2.0,7.0,0.0,99.69938650306749,0.04294478527607362,0.0,9.0,2025-09-01,0
068553B3AA23,4.0,7.0,0.0,22.539877300613497,0.04294478527607362,0.0,11.0,2025-09-01,0
0687F36E02C6,3.0,3.0,0.0,46.18125,0.15,0.0,6.0,2025-09-01,0
06903F988F32,2.0,0.0,0.0,170744.1851851852,54.166666666666664,30.25925925925926,2.0,2025-09-01,0
0693096C4C42,3.0,5.0,1.0,361.958904109589,0.03424657534246575,0.00684931506849315,9.0,2025-09-01,0
069357B9F15F,0.0,0.0,0.0,375.9037037037037,0.7851851851851852,0.07407407407407407,0.0,2025-09-01,0
06981FD8AA87,1.0,1.0,7.0,192.6241610738255,0.087248322147651,0.04697986577181208,9.0,2025-09-01,0
069A98DEEB1D,0.0,1.0,2.0,358.0503597122302,0.7194244604316546,0.014388489208633094,3.0,2025-09-01,0
06AA1DE70CBF,1.0,8.0,0.0,221.51234567901236,0.04938271604938271,0.0,9.0,2025-09-01,0
06AAA28A5D6B,1.0,1.0,0.0,41.84146341463415,0.006097560975609756,0.0,2.0,2025-09-01,0
06AEE181F595,3.0,5.0,0.0,8549.950495049505,3.297029702970297,0.0,8.0,2025-09-01,0
06B162DC93E3,0.0,0.0,0.0,0.0,0.0,0.0,0.0,2025-09-01,0
06B641B75B29,0.0,0.0,0.0,148833.1052631579,49.078947368421055,16.42105263157895,0.0,2025-09-01,0
06C0D5E3BCDB,3.0,4.0,1.0,936.8695652173913,0.30434782608695654,0.007246376811594203,8.0,2025-09-01,0
06C0F27E810B,5.0,1.0,0.0,78.05555555555556,0.14814814814814814,0.0,6.0,2025-09-01,0
06C67619095C,1.0,1.0,0.0,80.6375,0.00625,0.0,2.0,2025-09-01,0
06C77FEA9550,1.0,4.0,0.0,363.34265734265733,0.8671328671328671,0.0,5.0,2025-09-01,0
06C98DF4F0FA,1.0,2.0,0.0,226.72121212121212,0.012121212121212121,0.0,3.0,2025-09-01,0
06CE0F3CFB3C,8.0,11.0,0.0,25354.311926605504,1.3211009174311927,0.0,19.0,2025-09-01,0
06D0342253A0,3.0,0.0,0.0,152.656050955414,0.1337579617834395,0.0,3.0,2025-09-01,0
06D388A19D5D,1.0,1.0,0.0,6.969135802469136,0.1419753086419753,0.0,2.0,2025-09-01,0
06D6B7018E15,0.0,0.0,0.0,32.148148148148145,0.037037037037037035,0.0,0.0,2025-09-01,0
06D7F6C73E0C,1.0,3.0,0.0,13.329192546583851,0.018633540372670808,0.0,4.0,2025-09-01,0
06D84598CCB4,4.0,7.0,0.0,96.26582278481013,0.04430379746835443,0.0,11.0,2025-09-01,0
06DAF11BD38F,1.0,7.0,0.0,14.715189873417721,0.04430379746835443,0.0,8.0,2025-09-01,0
06DF118D7989,4.0,3.0,4.0,470.4344827586207,0.5586206896551724,0.027586206896551724,11.0,2025-09-01,0
06EA136A2996,0.0,0.0,0.0,0.0,0.0,0.0,0.0,2025-09-01,0
06EDBAE64B57,1.0,1.0,0.0,14.083832335329342,0.005988023952095809,0.0,2.0,2025-09-01,0
06EEBD283262,2.0,2.0,0.0,81.1055900621118,0.012422360248447204,0.0,4.0,2025-09-01,0
06EFD61B80ED,1.0,7.0,0.0,25.60843373493976,0.04819277108433735,0.0,8.0,2025-09-01,0
06F2469B50EF,0.0,1.0,3.0,18.0,0.006329113924050633,0.0189873417721519,4.0,2025-09-01,0
06F2CDBD2C41,4.0,3.0,0.0,128.65714285714284,0.2357142857142857,0.0,7.0,2025-09-01,0
06F40EA87663,0.0,4.0,1.0,8.279503105590063,0.024844720496894408,0.006211180124223602,5.0,2025-09-01,0
06F49BD8F572,0.0,0.0,0.0,15.29251700680272,0.07482993197278912,0.0,0.0,2025-09-01,0
06FDA7D7B22A,1.0,1.0,0.0,347.43589743589746,0.09615384615384616,0.0,2.0,2025-09-01,0
06FFEC2EFA5E,7.0,9.0,1.0,473.0,0.8088235294117647,0.007352941176470588,17.0,2025-09-01,0
0A0B47664A85,3.0,4.0,0.0,27.57668711656442,0.2147239263803681,0.0,7.0,2025-09-01,0
0A10201AFE0A,0.0,4.0,0.0,26.8375,0.025,0.0,4.0,2025-09-01,0
0A1037E90A63,1.0,2.0,0.0,140.72560975609755,0.012195121951219513,0.0,3.0,2025-09-01,0
0A10A5A5056E,3.0,0.0,0.0,180.2549019607843,0.2679738562091503,0.0,3.0,2025-09-01,0
0A15BC628AFC,7.0,16.0,1.0,2687.189189189189,0.11486486486486487,0.006756756756756757,24.0,2025-09-01,0
0A182EFD3C61,4.0,3.0,3.0,151.94444444444446,1.1319444444444444,0.020833333333333332,10.0,2025-09-01,0
0A184A2E46B7,3.0,0.0,1.0,27932.77108433735,32.963855421686745,0.012048192771084338,4.0,2025-09-01,0
0A19C62F4F6D,2.0,14.0,0.0,4235.0,1.1370967741935485,0.0,16.0,2025-09-01,0
0A1FB1C98A92,3.0,9.0,0.0,11.9125,0.05625,0.0,12.0,2025-09-01,0
0A23474F1944,3.0,3.0,0.0,29.483660130718953,0.19607843137254902,0.0,6.0,2025-09-01,0
0A25F6E3466C,0.0,0.0,0.0,232442.91176470587,37.705882352941174,1.6764705882352942,0.0,2025-09-01,0
0A268A7E40CD,3.0,10.0,0.0,69.6025641025641,0.0641025641025641,0.0,13.0,2025-09-01,0
0A272C5A2C9B,1.0,2.0,0.0,11.981707317073171,0.012195121951219513,0.0,3.0,2025-09-01,0
0A2778A31BE3,0.0,0.0,0.0,0.0,0.0,0.0,0.0,2025-09-01,0
0A3528D089D9,1.0,2.0,0.0,38.53164556962025,0.08860759493670886,0.0,3.0,2025-09-01,0
0A3983033084,3.0,0.0,0.0,185.04430379746836,0.08860759493670886,0.0,3.0,2025-09-01,0
0A42B2DB6370,0.0,0.0,0.0,0.0,0.0,0.0,0.0,2025-09-01,0
0A4673793B3E,1.0,2.0,0.0,1.1927710843373494,0.012048192771084338,0.0,3.0,2025-09-01,0
0A485668F5C0,6.0,1.0,0.0,438.875,0.5069444444444444,0.0,7.0,2025-09-01,0
0A4C884F240A,5.0,6.0,2.0,350.6845637583893,0.6241610738255033,0.013422818791946308,13.0,2025-09-01,0
0A4E33E2692B,0.0,1.0,2.0,444.4375,0.71875,0.015625,3.0,2025-09-01,0
0A52DDE896BF,3.0,4.0,0.0,2050.8083333333334,2.9833333333333334,0.0,7.0,2025-09-01,0
0A55DA266F71,1.0,4.0,1.0,19.9873417721519,0.02531645569620253,0.006329113924050633,6.0,2025-09-01,0
0A568E79FEF6,1.0,1.0,0.0,2.085889570552147,0.006134969325153374,0.0,2.0,2025-09-01,0
0A57338657F8,3.0,2.0,0.0,20.98701298701299,0.12337662337662338,0.0,5.0,2025-09-01,0
0A57A684E20B,1.0,7.0,0.0,65.31055900621118,0.043478260869565216,0.0,8.0,2025-09-01,0
0A5C1439B384,3.0,8.0,0.0,133.78980891719746,0.050955414012738856,0.0,11.0,2025-09-01,0
0A5D017E401E,1.0,1.0,0.0,167.9503105590062,0.18633540372670807,0.0,2.0,2025-09-01,0
0A5E96449374,3.0,2.0,6.0,1572.6637931034484,1.6120689655172413,0.05172413793103448,11.0,2025-09-01,0
0A61E3165158,4.0,1.0,1.0,161.51552795031057,0.19254658385093168,0.006211180124223602,6.0,2025-09-01,0
0A62EECEEBD1,2.0,6.0,0.0,165.8625,0.04375,0.0,8.0,2025-09-01,0
0A6324E3E043,7.0,0.0,6.0,171.0632911392405,0.10759493670886076,0.0379746835443038,13.0,2025-09-01,0
0A6390E0FBA4,1.0,2.0,0.0,1873.1968503937007,3.0551181102362204,0.0,3.0,2025-09-01,0
0A663B6B4B28,0.0,0.0,0.0,2505.8333333333335,6.266666666666667,0.041666666666666664,0.0,2025-09-01,0
0A682ED9C6DD,5.0,8.0,10.0,1617.111111111111,0.358974358974359,0.09401709401709402,23.0,2025-09-01,0
0A68A2032450,3.0,3.0,1.0,140.72413793103448,0.1793103448275862,0.006896551724137931,7.0,2025-09-01,0
0A68DF0B3D07,2.0,17.0,0.0,94.48427672955975,0.1069182389937107,0.0,19.0,2025-09-01,0
0A68F38A6ACF,0.0,0.0,0.0,7661.546511627907,1.7790697674418605,0.19767441860465115,0.0,2025-09-01,0
0A6C571A1550,3.0,4.0,0.0,16.634146341463413,0.024390243902439025,0.0,7.0,2025-09-01,0
0A6D3595373D,0.0,4.0,0.0,11.95679012345679,0.024691358024691357,0.0,4.0,2025-09-01,0
0A6DA0C82CCB,1.0,1.0,0.0,18.208588957055216,0.006134969325153374,0.0,2.0,2025-09-01,0
0A71A6F9D6C6,1.0,1.0,0.0,82.28125,0.08125,0.0,2.0,2025-09-01,0
0A78FAF47B00,2.0,4.0,0.0,162.4967320261438,0.23529411764705882,0.0,6.0,2025-09-01,0
0A7AAFDD9E11,2.0,14.0,0.0,4405.1925925925925,0.4222222222222222,0.0,16.0,2025-09-01,0
0A7AC5BDAF86,5.0,11.0,2.0,55.27922077922078,0.07142857142857142,0.012987012987012988,18.0,2025-09-01,0
0A800188C20F,3.0,14.0,0.0,286.97163120567376,0.10638297872340426,0.0,17.0,2025-09-01,0
0A8407CF4D85,0.0,6.0,0.0,21.40625,0.0375,0.0,6.0,2025-09-01,0
0A87B8C2734F,3.0,1.0,1.0,141.50335570469798,0.1610738255033557,0.006711409395973154,5.0,2025-09-01,0
0A8EA87BB037,3.0,1.0,0.0,61.3375,0.15,0.0,4.0,2025-09-01,0
0A9547C11A56,3.0,2.0,0.0,52.56716417910448,0.14925373134328357,0.0,5.0,2025-09-01,0
0A96EACD8070,0.0,0.0,0.0,40502.117647058825,19.686274509803923,0.3431372549019608,0.0,2025-09-01,0
0A974F5D7D8C,0.0,0.0,0.0,2643.511811023622,1.062992125984252,0.41732283464566927,0.0,2025-09-01,0
0A9A3BFD6C9B,2.0,1.0,0.0,24.203703703703702,0.24074074074074073,0.0,3.0,2025-09-01,0
0AA18F330F59,3.0,3.0,0.0,3181.4190476190474,4.8,0.0,6.0,2025-09-01,0
0AA2818A7B27,1.0,1.0,0.0,222.04320987654322,0.006172839506172839,0.0,2.0,2025-09-01,0
0AA296FF247D,3.0,2.0,2.0,171.42763157894737,0.19078947368421054,0.013157894736842105,7.0,2025-09-01,0
0AA2F2CAB50B,2.0,2.0,1.0,1477.7786259541986,2.564885496183206,0.007633587786259542,5.0,2025-09-01,0
0AA3F18DE550,1.0,9.0,0.0,43.59509202453988,0.05521472392638037,0.0,10.0,2025-09-01,0
0AA473D2FC17,5.0,8.0,1.0,28.566037735849058,0.05660377358490566,0.006289308176100629,14.0,2025-09-01,0
0AA4B065E5A5,3.0,9.0,1.0,24.503105590062113,0.055900621118012424,0.006211180124223602,13.0,2025-09-01,0
0AA9051FFFFA,2.0,4.0,0.0,51.0503144654088,0.025157232704402517,0.0,6.0,2025-09-01,0
0AB410184143,1.0,1.0,0.0,131.15757575757576,0.006060606060606061,0.0,2.0,2025-09-01,0
0AB5F9C21BF8,5.0,2.0,3.0,219.0653594771242,0.38562091503267976,0.0196078431372549,10.0,2025-09-01,0
0AB6B45C775A,2.0,1.0,4.0,5360.74358974359,5.346153846153846,0.1794871794871795,7.0,2025-09-01,1
0AB97B7632EB,1.0,1.0,0.0,149.3841463414634,0.006097560975609756,0.0,2.0,2025-09-01,0
0ABC8E60F4C1,1.0,10.0,2.0,255.45669291338584,0.08661417322834646,0.015748031496062992,13.0,2025-09-01,0
0ABD2E513F79,7.0,10.0,10.0,4893.758333333333,0.9,0.09166666666666666,27.0,2025-09-01,0
0ABE42BE4165,3.0,2.0,0.0,50.673202614379086,0.1111111111111111,0.0,5.0,2025-09-01,0
0AC437023B18,2.0,10.0,0.0,11.447852760736197,0.06748466257668712,0.0,12.0,2025-09-01,0
0AD276FC5E27,0.0,0.0,1.0,440.2910447761194,0.40298507462686567,0.007462686567164179,1.0,2025-09-01,0
0AD2C92E9756,1.0,2.0,0.0,34.0,0.0125,0.0,3.0,2025-09-01,0
0ADD02AB693D,2.0,12.0,0.0,39.75974025974026,0.08441558441558442,0.0,14.0,2025-09-01,0
0AE03793586F,2.0,7.0,0.0,90.45333333333333,0.04666666666666667,0.0,9.0,2025-09-01,0
0AE21E7A17E4,2.0,1.0,0.0,80.5576923076923,0.3076923076923077,0.0,3.0,2025-09-01,0
0AE6BF39C720,4.0,0.0,0.0,80.43037974683544,0.22151898734177214,0.0,4.0,2025-09-01,0
0AEF10F3A994,2.0,0.0,0.0,44.063291139240505,0.056962025316455694,0.0,2.0,2025-09-01,0
0AF1F0E3B640,3.0,6.0,0.0,149.90184049079755,0.03680981595092025,0.0,9.0,2025-09-01,0
0AF51D7D0F73,5.0,3.0,0.0,696.4057971014493,0.5217391304347826,0.0,8.0,2025-09-01,0
0AF8DCB98E4B,4.0,5.0,0.0,199.1523178807947,0.2913907284768212,0.0,9.0,2025-09-01,0
0AF9846E92DD,1.0,4.0,1.0,6449.056179775281,2.0224719101123596,0.011235955056179775,6.0,2025-09-01,0
0AFB7B311996,0.0,2.0,0.0,1326.8045112781954,0.15037593984962405,0.12781954887218044,2.0,2025-09-01,0
0AFE702BB093,2.0,0.0,1.0,1356.858407079646,2.6814159292035398,0.008849557522123894,3.0,2025-09-01,0
0AFFC263C0D9,2.0,3.0,12.0,1251.515873015873,0.8809523809523809,0.09523809523809523,17.0,2025-09-01,0
0E03D8F69853,4.0,1.0,1.0,12587.936842105262,5.673684210526316,0.010526315789473684,6.0,2025-09-01,0
0E0A8D6EB6B9,0.0,0.0,0.0,54.48717948717949,0.1282051282051282,0.0,0.0,2025-09-01,0
0E0C3EB7915D,0.0,3.0,0.0,38.74666666666667,0.18,0.0,3.0,2025-09-01,0
0E0E2996F51A,2.0,0.0,2.0,152.28467153284672,0.27007299270072993,0.014598540145985401,4.0,2025-09-01,0
0E113B01A9A2,2.0,6.0,0.0,15.577639751552795,0.037267080745341616,0.0,8.0,2025-09-01,0
0E11F69747A8,1.0,1.0,0.0,19.521472392638035,0.006134969325153374,0.0,2.0,2025-09-01,0
0E121B6B8661,0.0,0.0,0.0,309.77777777777777,0.2716049382716049,0.10493827160493827,0.0,2025-09-01,0
0E1B6F4DBA34,3.0,1.0,0.0,149.7278911564626,0.5374149659863946,0.0,4.0,2025-09-01,0
0E1C622E61BC,2.0,5.0,1.0,81.45333333333333,0.03333333333333333,0.006666666666666667,8.0,2025-09-01,0
0E1D7CA1DB0C,2.0,3.0,0.0,112.43312101910828,0.2229299363057325,0.0,5.0,2025-09-01,0
0E21C239D865,3.0,4.0,0.0,98.79375,0.025,0.0,7.0,2025-09-01,0
0E2575C7EE05,2.0,1.0,0.0,125.13496932515338,0.1411042944785276,0.0,3.0,2025-09-01,0
0E2728C481CA,1.0,1.0,4.0,380.6953125,0.7109375,0.03125,6.0,2025-09-01,0
0E293C5E4650,2.0,2.0,0.0,117.36477987421384,0.1320754716981132,0.0,4.0,2025-09-01,0
0E2DEE345837,1.0,6.0,1.0,56.17901234567901,0.037037037037037035,0.006172839506172839,8.0,2025-09-01,0
0E31C429C185,2.0,2.0,0.0,87.79113924050633,0.012658227848101266,0.0,4.0,2025-09-01,0
0E34282F4B53,0.0,2.0,0.0,14.018867924528301,0.018867924528301886,0.0,2.0,2025-09-01,0
0E3D06A07E94,1.0,0.0,1.0,1322.1583333333333,1.75,0.008333333333333333,2.0,2025-09-01,0
0E3D96237639,3.0,8.0,0.0,16.4390243902439,0.04878048780487805,0.0,11.0,2025-09-01,0
0E41CF7F74D5,1.0,4.0,0.0,14.873417721518987,0.1962025316455696,0.0,5.0,2025-09-01,0
0E462188408C,4.0,3.0,0.0,24.962025316455698,1.2215189873417722,0.0,7.0,2025-09-01,0
0E4CE5FB4405,2.0,1.0,0.0,190.68027210884352,0.2653061224489796,0.0,3.0,2025-09-01,0
0E50A5B2E5C4,2.0,6.0,0.0,96.40764331210191,0.03821656050955414,0.0,8.0,2025-09-01,0
0E543D410B0C,2.0,6.0,0.0,38.75151515151515,0.04242424242424243,0.0,8.0,2025-09-01,0
0E55F28AB569,4.0,10.0,0.0,41.23566878980892,0.06369426751592357,0.0,14.0,2025-09-01,0
0E5A9CEA8093,0.0,0.0,1.0,124.03086419753086,0.13580246913580246,0.006172839506172839,1.0,2025-09-01,0
0E5CD9B19DCB,2.0,5.0,0.0,129.09493670886076,0.03164556962025317,0.0,7.0,2025-09-01,0
0E5DFCF65AD4,0.0,1.0,0.0,131.77124183006535,0.0915032679738562,0.0,1.0,2025-09-01,0
0E61D34F9993,7.0,7.0,2.0,238.94594594594594,0.3310810810810811,0.013513513513513514,16.0,2025-09-01,0
0E69783262BE,1.0,2.0,1.0,100.40506329113924,0.0949367088607595,0.006329113924050633,4.0,2025-09-01,0
0E69C64B6E57,2.0,8.0,0.0,131.27329192546583,0.049689440993788817,0.0,10.0,2025-09-01,0
0E6A7794AFC7,0.0,3.0,0.0,107.03205128205128,0.019230769230769232,0.0,3.0,2025-09-01,0
0E6ACE6D3146,4.0,5.0,1.0,42.87179487179487,0.27564102564102566,0.00641025641025641,10.0,2025-09-01,0
0E6D2CBAED41,3.0,2.0,6.0,1158.4274193548388,1.8387096774193548,0.04838709677419355,11.0,2025-09-01,0
0E752F1B295C,15.0,10.0,18.0,7144.6106194690265,4.345132743362832,0.168141592920354,43.0,2025-09-01,0
0E7A8A5414C2,3.0,4.0,0.0,126.57594936708861,0.2974683544303797,0.0,7.0,2025-09-01,0
0E892C46A442,2.0,1.0,0.0,43.71895424836601,0.9803921568627451,0.0,3.0,2025-09-01,0
0E89F7D5B5BD,4.0,1.0,8.0,189.3421052631579,0.4473684210526316,0.05263157894736842,13.0,2025-09-01,0
0E8B8566815B,0.0,0.0,0.0,100.49693251533742,0.08588957055214724,0.0,0.0,2025-09-01,0
0E8CF9CA526F,1.0,6.0,0.0,59.15094339622642,0.03773584905660377,0.0,7.0,2025-09-01,0
0E8F36DAB9C2,0.0,0.0,3.0,951.5480769230769,0.9038461538461539,0.028846153846153848,3.0,2025-09-01,0
0E9761D8EB58,1.0,4.0,3.0,11686.322916666666,21.802083333333332,0.03125,8.0,2025-09-01,0
0E9A30D927A5,0.0,0.0,3.0,24.605263157894736,0.08552631578947369,0.019736842105263157,3.0,2025-09-01,0
0E9DC914D8DF,1.0,2.0,0.0,8.213414634146341,0.012195121951219513,0.0,3.0,2025-09-01,0
0EA0447DA91C,6.0,3.0,0.0,2480.375,3.1171875,0.0,9.0,2025-09-01,0
0EA22CFA3A24,2.0,2.0,0.0,702.9645390070922,0.524822695035461,0.0,4.0,2025-09-01,0
0EA52A2A7581,3.0,3.0,4.0,91.70068027210884,0.19727891156462585,0.027210884353741496,10.0,2025-09-01,0
0EAEFEAEFB09,2.0,2.0,0.0,52.904458598726116,0.47770700636942676,0.0,4.0,2025-09-01,0
0EB04F2114F4,0.0,0.0,0.0,0.0,0.0,0.0,0.0,2025-09-01,0
0EB6B31D8AFB,1.0,2.0,0.0,57.888888888888886,0.012345679012345678,0.0,3.0,2025-09-01,0
0EBF1B27CDE1,5.0,2.0,0.0,242.7111111111111,0.6296296296296297,0.0,7.0,2025-09-01,0
0EC8A35D0C20,1.0,0.0,1.0,3003.576923076923,0.34615384615384615,0.01282051282051282,2.0,2025-09-01,0
0ED0849FD6D8,3.0,0.0,0.0,430.09090909090907,0.32575757575757575,0.0,3.0,2025-09-01,0
0ED1E9DBD593,4.0,2.0,0.0,1204.6311475409836,0.6475409836065574,0.0,6.0,2025-09-01,0
0ED4052A2763,4.0,5.0,0.0,40.21341463414634,0.03048780487804878,0.0,9.0,2025-09-01,0
0ED5057ECE3F,1.0,0.0,0.0,3854.7985074626868,2.3656716417910446,0.3656716417910448,1.0,2025-09-01,0
0EDC7177CCA9,0.0,1.0,1.0,5.563291139240507,0.006329113924050633,0.006329113924050633,2.0,2025-09-01,0
0EE071F7B24A,2.0,2.0,0.0,20.18709677419355,0.012903225806451613,0.0,4.0,2025-09-01,0
0EE09EDA649F,0.0,5.0,0.0,42.21333333333333,0.03333333333333333,0.0,5.0,2025-09-01,0
0EE317BA7C52,0.0,0.0,0.0,1378.3658536585365,1.048780487804878,0.2804878048780488,0.0,2025-09-01,0
0EE51B79E853,3.0,8.0,0.0,71.95092024539878,0.049079754601226995,0.0,11.0,2025-09-01,0
0EE78E4317BB,3.0,1.0,0.0,84.57432432432432,0.10810810810810811,0.0,4.0,2025-09-01,0
0EE9497950EE,5.0,2.0,0.0,76.22641509433963,0.49056603773584906,0.0,7.0,2025-09-01,0
0EEA98D1BFDB,1.0,3.0,0.0,51.21739130434783,0.018633540372670808,0.0,4.0,2025-09-01,0
0EECB108FF91,3.0,4.0,0.0,85.09876543209876,0.5987654320987654,0.0,7.0,2025-09-01,0
0EF023E6452D,3.0,3.0,2.0,251.68840579710144,0.2028985507246377,0.07246376811594203,8.0,2025-09-01,0
0EF08481B333,2.0,7.0,0.0,29.06451612903226,0.04516129032258064,0.0,9.0,2025-09-01,0
0EF437108E63,8.0,1.0,0.0,856.4264705882352,0.5514705882352942,0.0,9.0,2025-09-01,0
0EF47B410B41,2.0,6.0,0.0,46.64556962025316,0.0379746835443038,0.0,8.0,2025-09-01,0
0EFD600E2623,1.0,2.0,0.0,15.951219512195122,0.012195121951219513,0.0,3.0,2025-09-01,0
0202CB0A6B1F,3.0,2.0,0.0,42.129629629629626,0.11728395061728394,0.0,5.0,2025-09-08,0
02043B6BA08B,0.0,5.0,0.0,11.00632911392405,0.03164556962025317,0.0,5.0,2025-09-08,0
02075B45BF24,4.0,18.0,10.0,190.13013698630138,0.13013698630136986,0.0684931506849315,32.0,2025-09-08,0
02091DF7CCB8,7.0,7.0,12.0,5415.1505376344085,3.6881720430107525,0.4946236559139785,26.0,2025-09-08,0
02097AB58D3C,0.0,6.0,0.0,12.10828025477707,0.050955414012738856,0.0,6.0,2025-09-08,0
020CC6FB9659,1.0,0.0,1.0,261.74,0.52,0.006666666666666667,2.0,2025-09-08,0
02132677328F,4.0,6.0,3.0,4112.666666666667,1.5585585585585586,0.02702702702702703,13.0,2025-09-08,0
02142F017781,0.0,0.0,0.0,0.0,0.0,0.0,0.0,2025-09-08,0
02145826103B,2.0,4.0,0.0,51.35761589403973,0.19205298013245034,0.0,6.0,2025-09-08,0
0217820BFFB2,1.0,3.0,0.0,210.39333333333335,0.28,0.0,4.0,2025-09-08,0
021D82B56A3F,0.0,0.0,1.0,472.75,1.0142857142857142,0.007142857142857143,1.0,2025-09-08,0
02251388D3A2,1.0,2.0,0.0,38.651898734177216,0.012658227848101266,0.0,3.0,2025-09-08,0
0228A99EE35A,1.0,3.0,2.0,12.03225806451613,0.01935483870967742,0.012903225806451613,6.0,2025-09-08,0
022C6F326E3B,1.0,0.0,0.0,307.6216216216216,0.7972972972972973,0.0,1.0,2025-09-08,0
022DB47C41AC,2.0,2.0,0.0,239.07142857142858,0.24025974025974026,0.0,4.0,2025-09-08,0
023015602FAA,3.0,3.0,1.0,35.7239263803681,0.018404907975460124,0.006134969325153374,7.0,2025-09-08,0
0230D261A1CD,1.0,6.0,0.0,8.68125,0.0375,0.0,7.0,2025-09-08,0
0230EEF72435,1.0,2.0,0.0,87.48701298701299,1.4935064935064934,0.0,3.0,2025-09-08,0
02314F9A9168,2.0,8.0,0.0,41.77777777777778,0.05555555555555555,0.0,10.0,2025-09-08,0
023257D29366,5.0,5.0,0.0,37.41916167664671,0.029940119760479042,0.0,10.0,2025-09-08,0
023270320B57,2.0,1.0,0.0,100.1474358974359,0.9935897435897436,0.0,3.0,2025-09-08,0
02388A18854F,0.0,0.0,1.0,1057.9354838709678,4.475806451612903,0.27419354838709675,1.0,2025-09-08,0
0239AD51B7AF,4.0,0.0,0.0,142.4041095890411,0.3767123287671233,0.0,4.0,2025-09-08,0
023A663EFD87,2.0,1.0,0.0,65.20261437908496,0.43790849673202614,0.0,3.0,2025-09-08,0
023AD5204E1C,0.0,0.0,0.0,0.0,0.0,0.0,0.0,2025-09-08,0
023ADDDECF84,0.0,0.0,0.0,6849.6,3.209090909090909,0.0,0.0,2025-09-08,0
02423E0E6E9F,1.0,2.0,2.0,182.43243243243242,0.2635135135135135,0.013513513513513514,5.0,2025-09-08,0
024570739DE0,2.0,5.0,1.0,4.4787878787878785,0.030303030303030304,0.006060606060606061,8.0,2025-09-08,0
02478CD90F3A,10.0,15.0,0.0,613.8684210526316,0.09868421052631579,0.0,25.0,2025-09-08,0
024DD3A9ADCA,0.0,0.0,7.0,164.94776119402985,0.34328358208955223,0.05223880597014925,7.0,2025-09-08,0
024ED433BF7D,5.0,0.0,2.0,618.488188976378,1.4960629921259843,0.015748031496062992,7.0,2025-09-08,0
0253BB40EDA6,2.0,3.0,0.0,45.23566878980892,0.01910828025477707,0.0,5.0,2025-09-08,0
0257E855DBCE,3.0,11.0,1.0,28.28476821192053,0.0728476821192053,0.006622516556291391,15.0,2025-09-08,0
0259991BA036,3.0,2.0,2.0,37.22292993630573,0.12738853503184713,0.012738853503184714,7.0,2025-09-08,0
026A6007FA48,0.0,0.0,0.0,4283.265151515152,2.4166666666666665,0.022727272727272728,0.0,2025-09-08,0
027137436C87,3.0,8.0,0.0,21.150602409638555,0.060240963855421686,0.0,11.0,2025-09-08,0
0278E06A2F67,1.0,4.0,0.0,26.73125,0.025,0.0,5.0,2025-09-08,0
0279D2AC6ACE,5.0,2.0,0.0,52.39869281045752,0.09803921568627451,0.0,7.0,2025-09-08,0
027B2DC4EA84,1.0,0.0,0.0,189.5,0.057692307692307696,0.0,1.0,2025-09-08,0
027D07FC97FC,7.0,3.0,1.0,5972.318181818182,0.5,0.015151515151515152,11.0,2025-09-08,0
027FE9CED489,4.0,3.0,0.0,89.45695364238411,0.8410596026490066,0.0,7.0,2025-09-08,0
028764AA026E,2.0,2.0,1.0,25.695121951219512,0.012195121951219513,0.006097560975609756,5.0,2025-09-08,0
02892F51E1CB,0.0,0.0,6.0,4137.70796460177,5.646017699115045,0.05309734513274336,6.0,2025-09-08,0
0289694A6E5B,6.0,6.0,0.0,273.5135135135135,0.2635135135135135,0.0,12.0,2025-09-08,0
028B24EADDAD,1.0,0.0,0.0,33.72258064516129,0.09032258064516129,0.0,1.0,2025-09-08,0
028CC0AE5719,5.0,5.0,0.0,128.0496894409938,0.14906832298136646,0.0,10.0,2025-09-08,0
0293918A963F,1.0,1.0,0.0,58.8875,0.00625,0.0,2.0,2025-09-08,0
02980E461859,1.0,4.0,0.0,23.70625,0.025,0.0,5.0,2025-09-08,0
029A2B32D17E,1.0,2.0,0.0,391.682119205298,0.9602649006622517,0.0,3.0,2025-09-08,0
029C03C2BF19,0.0,0.0,0.0,1794.1666666666667,2.02,0.0,0.0,2025-09-08,0
029DA26B1A92,1.0,3.0,0.0,31.55128205128205,0.10256410256410256,0.0,4.0,2025-09-08,0
02A80292CB97,5.0,3.0,0.0,74.12962962962963,0.18518518518518517,0.0,8.0,2025-09-08,0
02B5C5ADC792,8.0,3.0,1.0,774.8227848101266,0.21518987341772153,0.006329113924050633,12.0,2025-09-08,0
02B742646A0E,3.0,0.0,0.0,56.53048780487805,0.10365853658536585,0.0,3.0,2025-09-08,0
02BAD919855D,1.0,1.0,0.0,76.26351351351352,0.10135135135135136,0.0,2.0,2025-09-08,0
02BD26A4C3A0,1.0,7.0,0.0,73.14545454545454,0.04242424242424243,0.0,8.0,2025-09-08,0
02C0F45F31E7,0.0,0.0,2.0,375671.0263157895,53.68421052631579,0.05263157894736842,2.0,2025-09-08,0
02CFFA3A3F35,1.0,1.0,0.0,13.91304347826087,0.006211180124223602,0.0,2.0,2025-09-08,0
02D49A34B2FE,5.0,0.0,8.0,251.5036496350365,0.32116788321167883,0.058394160583941604,13.0,2025-09-08,0
02D4DFEF402A,2.0,4.0,0.0,21.075,0.3625,0.0,6.0,2025-09-08,0
02D7623552C8,0.0,1.0,1.0,35145.92727272727,14.363636363636363,3.9272727272727272,2.0,2025-09-08,0
02DC03A0F1E6,3.0,5.0,0.0,215.74233128834356,0.03680981595092025,0.0,8.0,2025-09-08,0
02E12310186C,0.0,9.0,0.0,45.16981132075472,0.06289308176100629,0.0,9.0,2025-09-08,0
02EBC6CD4398,4.0,9.0,0.0,74.89506172839506,0.05555555555555555,0.0,13.0,2025-09-08,0
02F093C88F2E,2.0,0.0,0.0,117.26143790849673,0.10457516339869281,0.0,2.0,2025-09-08,0
02F18EEE028A,1.0,1.0,0.0,37.57692307692308,0.08974358974358974,0.0,2.0,2025-09-08,0
02F56F7C8E0B,4.0,5.0,0.0,363.01875,0.03125,0.0,9.0,2025-09-08,0
02F5CE7705EC,7.0,6.0,7.0,21848.833333333332,17.71794871794872,0.08974358974358974,20.0,2025-09-08,1
02F98EB34A7A,1.0,3.0,0.0,11.386503067484663,0.018404907975460124,0.0,4.0,2025-09-08,0
02FBDD4A2C43,4.0,7.0,0.0,6910.458333333333,0.7395833333333334,0.0,11.0,2025-09-08,0
060C5773A61B,1.0,1.0,1.0,1439.0223880597016,1.455223880597015,0.007462686567164179,3.0,2025-09-08,0
060EE3CB4779,0.0,0.0,0.0,235.43150684931507,0.4726027397260274,0.0,0.0,2025-09-08,0
06132D7396F8,3.0,0.0,0.0,655.171875,1.0,0.0,3.0,2025-09-08,0
0616F247083A,0.0,2.0,2.0,57.535483870967745,0.11612903225806452,0.012903225806451613,4.0,2025-09-08,0
061A4322745C,4.0,0.0,0.0,212.7718120805369,0.2953020134228188,0.0,4.0,2025-09-08,0
06238EE3BE6C,6.0,0.0,1.0,140.54140127388536,0.15286624203821655,0.006369426751592357,7.0,2025-09-08,0
062EA113798F,1.0,8.0,0.0,25.814102564102566,0.057692307692307696,0.0,9.0,2025-09-08,0
0634F78DB4C5,4.0,1.0,3.0,493.46762589928056,0.6762589928057554,0.02158273381294964,8.0,2025-09-08,0
0639EA5602C1,2.0,2.0,0.0,263.81481481481484,0.012345679012345678,0.0,4.0,2025-09-08,0
0644582257D9,1.0,2.0,1.0,136.79054054054055,0.19594594594594594,0.006756756756756757,4.0,2025-09-08,0
064AED1EC0AA,2.0,1.0,4.0,87.12162162162163,0.12162162162162163,0.02702702702702703,7.0,2025-09-08,0
064BE19B0A9E,1.0,2.0,2.0,16.96794871794872,0.01282051282051282,0.01282051282051282,5.0,2025-09-08,0
064C94C771EC,1.0,1.0,0.0,7.589285714285714,0.005952380952380952,0.0,2.0,2025-09-08,0
064E66B5367B,2.0,0.0,0.0,251.15189873417722,0.4240506329113924,0.0,2.0,2025-09-08,0
06509A84E873,5.0,1.0,0.0,10.28048780487805,0.12804878048780488,0.0,6.0,2025-09-08,0
065B928716CD,5.0,1.0,6.0,2180.9918032786886,2.598360655737705,0.04918032786885246,12.0,2025-09-08,0
065C003A8D0C,3.0,3.0,2.0,1316.1707317073171,1.4878048780487805,0.016260162601626018,8.0,2025-09-08,0
066430BA5119,0.0,1.0,0.0,2.6097560975609757,0.006097560975609756,0.0,1.0,2025-09-08,0
0665C3FE6D67,6.0,11.0,4.0,328.73949579831935,0.10084033613445378,0.03361344537815126,21.0,2025-09-08,0
06711BE6AD2A,1.0,6.0,0.0,58.09493670886076,0.0379746835443038,0.0,7.0,2025-09-08,0
06787526FEB3,4.0,11.0,12.0,62939.93548387097,27.370967741935484,0.20967741935483872,27.0,2025-09-08,0
0683D2A8DA42,1.0,5.0,1.0,59.68518518518518,0.037037037037037035,0.006172839506172839,7.0,2025-09-08,0
068553B3AA23,3.0,10.0,0.0,24.76875,0.0625,0.0,13.0,2025-09-08,0
0687F36E02C6,4.0,3.0,0.0,80.24375,0.16875,0.0,7.0,2025-09-08,0
06903F988F32,0.0,0.0,0.0,84354.67307692308,51.11538461538461,27.442307692307693,0.0,2025-09-08,0
0693096C4C42,1.0,1.0,0.0,93.45270270270271,0.006756756756756757,0.0,2.0,2025-09-08,0
069357B9F15F,0.0,0.0,0.0,131.60283687943263,0.3829787234042553,0.0070921985815602835,0.0,2025-09-08,0
06981FD8AA87,1.0,1.0,3.0,267.5241379310345,0.12413793103448276,0.020689655172413793,5.0,2025-09-08,0
069A98DEEB1D,1.0,1.0,2.0,511.3103448275862,0.7758620689655172,0.017241379310344827,4.0,2025-09-08,0
06AA1DE70CBF,0.0,0.0,0.0,0.0,0.0,0.0,0.0,2025-09-08,0
06AAA28A5D6B,1.0,1.0,0.0,188.6890243902439,0.006097560975609756,0.0,2.0,2025-09-08,0
06AEE181F595,4.0,5.0,0.0,16326.472527472528,4.714285714285714,0.0,9.0,2025-09-08,0
06B162DC93E3,2.0,2.0,0.0,105.06875,0.0125,0.0,4.0,2025-09-08,0
06B641B75B29,0.0,0.0,0.0,31324.833333333332,21.966666666666665,3.8,0.0,2025-09-08,0
06C0D5E3BCDB,1.0,2.0,0.0,360.8666666666667,0.17777777777777778,0.0,3.0,2025-09-08,0
06C0F27E810B,7.0,3.0,0.0,159.20987654320987,0.19753086419753085,0.0,10.0,2025-09-08,0
06C67619095C,1.0,1.0,0.0,20.062111801242235,0.006211180124223602,0.0,2.0,2025-09-08,0
06C77FEA9550,0.0,1.0,2.0,157.4625850340136,0.5986394557823129,0.013605442176870748,3.0,2025-09-08,0
06C98DF4F0FA,0.0,0.0,0.0,0.0,0.0,0.0,0.0,2025-09-08,0
06CE0F3CFB3C,0.0,2.0,1.0,7262.882352941177,0.6470588235294118,0.008403361344537815,3.0,2025-09-08,0
06D0342253A0,3.0,0.0,0.0,125.74025974025975,0.09740259740259741,0.0,3.0,2025-09-08,0
06D388A19D5D,6.0,1.0,1.0,14.666666666666666,0.12179487179487179,0.00641025641025641,8.0,2025-09-08,0
06D6B7018E15,2.0,8.0,0.0,49.98717948717949,0.05128205128205128,0.0,10.0,2025-09-08,0
06D7F6C73E0C,3.0,9.0,0.0,72.4121212121212,0.06060606060606061,0.0,12.0,2025-09-08,0
06D84598CCB4,2.0,8.0,1.0,74.4939024390244,0.04878048780487805,0.006097560975609756,11.0,2025-09-08,0
06DAF11BD38F,1.0,7.0,0.0,15.876623376623376,0.045454545454545456,0.0,8.0,2025-09-08,0
06DF118D7989,2.0,0.0,4.0,357.7792207792208,0.35714285714285715,0.025974025974025976,6.0,2025-09-08,0
06EA136A2996,0.0,1.0,0.0,1.8333333333333333,0.006172839506172839,0.0,1.0,2025-09-08,0
06EDBAE64B57,2.0,2.0,0.0,175.2710843373494,0.012048192771084338,0.0,4.0,2025-09-08,0
06EEBD283262,1.0,2.0,0.0,66.79268292682927,0.012195121951219513,0.0,3.0,2025-09-08,0
06EFD61B80ED,2.0,5.0,0.0,62.36969696969697,0.030303030303030304,0.0,7.0,2025-09-08,0
06F2469B50EF,1.0,3.0,1.0,119.90322580645162,0.025806451612903226,0.0064516129032258064,5.0,2025-09-08,0
06F2CDBD2C41,5.0,8.0,0.0,286.73825503355704,0.3288590604026846,0.0,13.0,2025-09-08,0
06F40EA87663,2.0,13.0,2.0,34.28834355828221,0.09202453987730061,0.018404907975460124,17.0,2025-09-08,0
06F49BD8F572,9.0,23.0,5.0,1292.796460176991,0.8141592920353983,0.04424778761061947,37.0,2025-09-08,1
06FDA7D7B22A,0.0,0.0,0.0,72.34177215189874,0.056962025316455694,0.0,0.0,2025-09-08,0
06FFEC2EFA5E,3.0,1.0,0.0,160.21768707482994,0.4217687074829932,0.0,4.0,2025-09-08,0
0A0B47664A85,3.0,2.0,0.0,36.5527950310559,0.16149068322981366,0.0,5.0,2025-09-08,0
0A10201AFE0A,1.0,6.0,0.0,55.993788819875775,0.037267080745341616,0.0,7.0,2025-09-08,0
0A1037E90A63,1.0,2.0,0.0,35.61309523809524,0.011904761904761904,0.0,3.0,2025-09-08,0
0A10A5A5056E,0.0,4.0,0.0,100.85897435897436,0.25,0.0,4.0,2025-09-08,0
0A15BC628AFC,1.0,9.0,2.0,551.7828947368421,0.06578947368421052,0.013157894736842105,12.0,2025-09-08,0
0A182EFD3C61,1.0,1.0,10.0,106.5072463768116,0.8695652173913043,0.07246376811594203,12.0,2025-09-08,0
0A184A2E46B7,2.0,0.0,2.0,24258.126213592233,33.23300970873787,0.019417475728155338,4.0,2025-09-08,0
0A19C62F4F6D,3.0,3.0,0.0,2213.4732824427483,0.8549618320610687,0.0,6.0,2025-09-08,0
0A1FB1C98A92,2.0,8.0,0.0,15.184049079754601,0.049079754601226995,0.0,10.0,2025-09-08,0
0A23474F1944,4.0,1.0,0.0,21.09493670886076,0.1518987341772152,0.0,5.0,2025-09-08,0
0A25F6E3466C,0.0,0.0,0.0,26876.64285714286,10.857142857142858,0.1,0.0,2025-09-08,0
0A268A7E40CD,3.0,11.0,1.0,61.24074074074074,0.06790123456790123,0.006172839506172839,15.0,2025-09-08,0
0A272C5A2C9B,2.0,2.0,0.0,27.21818181818182,0.012121212121212121,0.0,4.0,2025-09-08,0
0A2778A31BE3,4.0,5.0,0.0,50.924528301886795,0.031446540880503145,0.0,9.0,2025-09-08,0
0A3528D089D9,0.0,8.0,0.0,18.770186335403725,0.049689440993788817,0.0,8.0,2025-09-08,0
0A3983033084,1.0,11.0,0.0,49.503144654088054,0.06918238993710692,0.0,12.0,2025-09-08,0
0A42B2DB6370,4.0,5.0,0.0,86.45962732919254,0.031055900621118012,0.0,9.0,2025-09-08,0
0A4673793B3E,1.0,1.0,0.0,6.921212121212121,0.006060606060606061,0.0,2.0,2025-09-08,0
0A485668F5C0,4.0,3.0,0.0,579.9411764705883,0.5,0.0,7.0,2025-09-08,0
0A4C884F240A,3.0,2.0,3.0,272.0261437908497,0.5947712418300654,0.0196078431372549,8.0,2025-09-08,0
0A4E33E2692B,4.0,1.0,0.0,666.8239436619718,0.8028169014084507,0.0,5.0,2025-09-08,0
0A52DDE896BF,2.0,11.0,0.0,4882.15503875969,4.4728682170542635,0.0,13.0,2025-09-08,0
0A55DA266F71,4.0,8.0,2.0,14.03048780487805,0.04878048780487805,0.012195121951219513,14.0,2025-09-08,0
0A568E79FEF6,2.0,4.0,0.0,5.327160493827161,0.024691358024691357,0.0,6.0,2025-09-08,0
0A57338657F8,3.0,2.0,0.0,38.748387096774195,0.2064516129032258,0.0,5.0,2025-09-08,0
0A57A684E20B,1.0,4.0,0.0,24.89937106918239,0.025157232704402517,0.0,5.0,2025-09-08,0
0A5C1439B384,2.0,6.0,0.0,401.6898734177215,0.0379746835443038,0.0,8.0,2025-09-08,0
0A5D017E401E,2.0,4.0,0.0,125.2948717948718,0.17307692307692307,0.0,6.0,2025-09-08,0
0A5E96449374,5.0,1.0,3.0,1760.6949152542372,1.4745762711864407,0.025423728813559324,9.0,2025-09-08,0
0A61E3165158,1.0,0.0,0.0,41.29677419354839,0.12903225806451613,0.0,1.0,2025-09-08,0
0A62EECEEBD1,0.0,1.0,0.0,7.804878048780488,0.006097560975609756,0.0,1.0,2025-09-08,0
0A6324E3E043,1.0,11.0,1.0,75.88343558282209,0.06748466257668712,0.006134969325153374,13.0,2025-09-08,0
0A6390E0FBA4,2.0,0.0,0.0,1838.7685950413222,2.3140495867768593,0.0,2.0,2025-09-08,0
0A663B6B4B28,0.0,0.0,0.0,970.1020408163265,3.564625850340136,0.034013605442176874,0.0,2025-09-08,0
0A682ED9C6DD,8.0,10.0,13.0,8450.582524271844,0.9902912621359223,0.6019417475728155,31.0,2025-09-08,0
0A68A2032450,1.0,0.0,0.0,60.292857142857144,0.11428571428571428,0.0,1.0,2025-09-08,0
0A68DF0B3D07,1.0,10.0,0.0,30.018987341772153,0.06329113924050633,0.0,11.0,2025-09-08,0
0A68F38A6ACF,3.0,2.0,0.0,10830.060240963856,2.108433734939759,0.4457831325301205,5.0,2025-09-08,0
0A6C571A1550,1.0,1.0,0.0,20.975460122699385,0.006134969325153374,0.0,2.0,2025-09-08,0
0A6D3595373D,0.0,5.0,0.0,12.381818181818181,0.030303030303030304,0.0,5.0,2025-09-08,0
0A6DA0C82CCB,1.0,2.0,0.0,1522.6909090909091,0.012121212121212121,0.0,3.0,2025-09-08,0
0A71A6F9D6C6,2.0,12.0,0.0,81.33333333333333,0.07547169811320754,0.0,14.0,2025-09-08,0
0A78FAF47B00,0.0,3.0,0.0,117.14193548387097,0.24516129032258063,0.0,3.0,2025-09-08,0
0A7AAFDD9E11,1.0,1.0,0.0,3450.3840579710145,0.42028985507246375,0.0,2.0,2025-09-08,0
0A7AC5BDAF86,0.0,1.0,0.0,2.4285714285714284,0.006211180124223602,0.0,1.0,2025-09-08,0
0A800188C20F,1.0,11.0,1.0,277.43589743589746,0.07692307692307693,0.00641025641025641,13.0,2025-09-08,0
0A8407CF4D85,3.0,5.0,0.0,48.9748427672956,0.03773584905660377,0.0,8.0,2025-09-08,0
0A87B8C2734F,3.0,2.0,1.0,114.47972972972973,0.1554054054054054,0.006756756756756757,6.0,2025-09-08,0
0A8EA87BB037,1.0,4.0,0.0,30.935897435897434,0.16666666666666666,0.0,5.0,2025-09-08,0
0A9547C11A56,5.0,3.0,0.0,34.90506329113924,0.13291139240506328,0.0,8.0,2025-09-08,0
0A96EACD8070,0.0,0.0,0.0,16387.67889908257,11.311926605504587,0.24770642201834864,0.0,2025-09-08,0
0A974F5D7D8C,0.0,0.0,0.0,567.8523489932886,0.3959731543624161,0.1610738255033557,0.0,2025-09-08,0
0A9A3BFD6C9B,3.0,1.0,0.0,36.33536585365854,0.2926829268292683,0.0,4.0,2025-09-08,0
0AA18F330F59,7.0,8.0,2.0,22516.0,12.865853658536585,0.024390243902439025,17.0,2025-09-08,1
0AA2818A7B27,0.0,0.0,0.0,0.0,0.0,0.0,0.0,2025-09-08,0
0AA296FF247D,0.0,1.0,1.0,74.80985915492958,0.14788732394366197,0.007042253521126761,2.0,2025-09-08,0
0AA2F2CAB50B,1.0,3.0,0.0,892.5522388059702,2.6791044776119404,0.0,4.0,2025-09-08,0
0AA3F18DE550,3.0,9.0,0.0,69.13548387096775,0.05806451612903226,0.0,12.0,2025-09-08,0
0AA473D2FC17,3.0,6.0,1.0,33.679245283018865,0.0440251572327044,0.006289308176100629,10.0,2025-09-08,0
0AA4B065E5A5,9.0,11.0,3.0,682.7133757961783,0.40764331210191085,0.01910828025477707,23.0,2025-09-08,0
0AA9051FFFFA,1.0,3.0,0.0,25.21951219512195,0.018292682926829267,0.0,4.0,2025-09-08,0
0AB410184143,1.0,3.0,1.0,82.38650306748467,0.018404907975460124,0.006134969325153374,5.0,2025-09-08,0
0AB5F9C21BF8,5.0,1.0,8.0,251.92903225806452,0.4064516129032258,0.05161290322580645,14.0,2025-09-08,0
0AB6B45C775A,1.0,1.0,1.0,3854.804347826087,5.184782608695652,0.05434782608695652,3.0,2025-09-08,0
0AB97B7632EB,1.0,1.0,0.0,106.68484848484849,0.006060606060606061,0.0,2.0,2025-09-08,0
0ABC8E60F4C1,2.0,13.0,5.0,443.06617647058823,0.09558823529411764,0.03676470588235294,20.0,2025-09-08,0
0ABD2E513F79,2.0,3.0,5.0,2541.5648854961833,0.46564885496183206,0.03816793893129771,10.0,2025-09-08,0
0ABE42BE4165,1.0,0.0,0.0,26.677419354838708,0.0967741935483871,0.0,1.0,2025-09-08,0
0AC437023B18,2.0,9.0,0.0,6.825301204819277,0.05421686746987952,0.0,11.0,2025-09-08,0
0AD276FC5E27,1.0,0.0,0.0,440.15441176470586,0.25735294117647056,0.0,1.0,2025-09-08,0
0AD2C92E9756,4.0,4.0,2.0,153.7283950617284,0.024691358024691357,0.012345679012345678,10.0,2025-09-08,0
0ADD02AB693D,0.0,9.0,0.0,21.181818181818183,0.05844155844155844,0.0,9.0,2025-09-08,0
0AE03793586F,2.0,3.0,0.0,126.2547770700637,0.01910828025477707,0.0,5.0,2025-09-08,0
0AE21E7A17E4,2.0,0.0,0.0,119.2111801242236,0.422360248447205,0.0,2.0,2025-09-08,0
0AE6BF39C720,2.0,2.0,0.0,40.69230769230769,0.2564102564102564,0.0,4.0,2025-09-08,0
0AEF10F3A994,3.0,12.0,0.0,76.0125,0.075,0.0,15.0,2025-09-08,0
0AF1F0E3B640,0.0,6.0,0.0,46.125,0.0375,0.0,6.0,2025-09-08,0
0AF51D7D0F73,2.0,5.0,1.0,574.7655172413793,0.4689655172413793,0.006896551724137931,8.0,2025-09-08,0
0AF8DCB98E4B,5.0,12.0,0.0,396.5874125874126,0.32167832167832167,0.0,17.0,2025-09-08,0
0AF9846E92DD,0.0,1.0,1.0,2789.9444444444443,1.25,0.009259259259259259,2.0,2025-09-08,0
0AFB7B311996,0.0,1.0,0.0,725.8828828828829,0.09009009009009009,0.036036036036036036,1.0,2025-09-08,0
0AFE702BB093,2.0,0.0,3.0,781.0322580645161,2.3548387096774195,0.024193548387096774,5.0,2025-09-08,0
0AFFC263C0D9,9.0,9.0,7.0,10316.025316455696,2.949367088607595,0.569620253164557,25.0,2025-09-08,0
0E03D8F69853,2.0,0.0,1.0,3700.883211678832,2.576642335766423,0.0072992700729927005,3.0,2025-09-08,0
0E0A8D6EB6B9,1.0,2.0,0.0,106.52980132450331,0.152317880794702,0.0,3.0,2025-09-08,0
0E0C3EB7915D,1.0,3.0,0.0,25.655405405405407,0.17567567567567569,0.0,4.0,2025-09-08,0
0E0E2996F51A,4.0,0.0,4.0,327.034965034965,0.45454545454545453,0.027972027972027972,8.0,2025-09-08,0
0E113B01A9A2,3.0,5.0,0.0,23.355828220858896,0.03067484662576687,0.0,8.0,2025-09-08,0
0E11F69747A8,1.0,1.0,1.0,385.2929936305732,0.006369426751592357,0.006369426751592357,3.0,2025-09-08,0
0E121B6B8661,0.0,0.0,0.0,101.52287581699346,0.1568627450980392,0.0392156862745098,0.0,2025-09-08,0
0E1B6F4DBA34,3.0,3.0,1.0,107.77852348993288,0.47651006711409394,0.006711409395973154,7.0,2025-09-08,0
0E1C622E61BC,2.0,5.0,0.0,42.42465753424658,0.03424657534246575,0.0,7.0,2025-09-08,0
0E1D7CA1DB0C,3.0,1.0,0.0,94.18518518518519,0.12345679012345678,0.0,4.0,2025-09-08,0
0E21C239D865,1.0,2.0,0.0,16.06024096385542,0.012048192771084338,0.0,3.0,2025-09-08,0
0E2575C7EE05,5.0,3.0,0.0,294.2516129032258,0.12903225806451613,0.0,8.0,2025-09-08,0
0E2728C481CA,2.0,5.0,5.0,355.30281690140845,0.704225352112676,0.035211267605633804,12.0,2025-09-08,0
0E293C5E4650,4.0,4.0,0.0,150.52830188679246,0.1761006289308176,0.0,8.0,2025-09-08,0
0E2DEE345837,2.0,6.0,0.0,76.63414634146342,0.036585365853658534,0.0,8.0,2025-09-08,0
0E31C429C185,1.0,1.0,1.0,101.31168831168831,0.006493506493506494,0.006493506493506494,3.0,2025-09-08,0
0E34282F4B53,1.0,4.0,0.0,24.428571428571427,0.025974025974025976,0.0,5.0,2025-09-08,0
0E3D06A07E94,0.0,1.0,0.0,1298.24,2.112,0.0,1.0,2025-09-08,0
0E3D96237639,2.0,3.0,0.0,7.19496855345912,0.018867924528301886,0.0,5.0,2025-09-08,0
0E41CF7F74D5,4.0,3.0,0.0,24.333333333333332,0.1830065359477124,0.0,7.0,2025-09-08,0
0E462188408C,3.0,4.0,0.0,26.487179487179485,1.2435897435897436,0.0,7.0,2025-09-08,0
0E4CE5FB4405,1.0,1.0,1.0,149.06666666666666,0.3,0.006666666666666667,3.0,2025-09-08,0
0E50A5B2E5C4,1.0,5.0,0.0,40.21518987341772,0.03164556962025317,0.0,6.0,2025-09-08,0
0E543D410B0C,3.0,7.0,0.0,49.24096385542169,0.04216867469879518,0.0,10.0,2025-09-08,0
0E55F28AB569,3.0,10.0,0.0,45.04320987654321,0.06172839506172839,0.0,13.0,2025-09-08,0
0E5A9CEA8093,0.0,0.0,0.0,29.574074074074073,0.07407407407407407,0.0,0.0,2025-09-08,0
0E5CD9B19DCB,0.0,0.0,0.0,0.0,0.0,0.0,0.0,2025-09-08,0
0E5DFCF65AD4,0.0,0.0,0.0,31.25,0.02631578947368421,0.0,0.0,2025-09-08,0
0E61D34F9993,9.0,6.0,1.0,891.1866666666666,0.6866666666666666,0.006666666666666667,16.0,2025-09-08,0
0E69783262BE,5.0,4.0,0.0,165.05806451612904,0.12258064516129032,0.0,9.0,2025-09-08,0
0E69C64B6E57,1.0,3.0,0.0,31.660377358490567,0.018867924528301886,0.0,4.0,2025-09-08,0
0E6A7794AFC7,1.0,3.0,0.0,180.8170731707317,0.018292682926829267,0.0,4.0,2025-09-08,0
0E6ACE6D3146,2.0,7.0,0.0,35.19867549668874,0.23178807947019867,0.0,9.0,2025-09-08,0
0E6D2CBAED41,1.0,0.0,0.0,809.1777777777778,1.5777777777777777,0.0,1.0,2025-09-08,0
0E752F1B295C,11.0,8.0,7.0,24546.847619047618,9.352380952380953,0.3904761904761905,26.0,2025-09-08,0
0E7A8A5414C2,1.0,1.0,0.0,45.92307692307692,0.1858974358974359,0.0,2.0,2025-09-08,0
0E892C46A442,4.0,1.0,0.0,56.276315789473685,1.0855263157894737,0.0,5.0,2025-09-08,0
0E89F7D5B5BD,2.0,2.0,10.0,94.41666666666667,0.34615384615384615,0.0641025641025641,14.0,2025-09-08,0
0E8B8566815B,0.0,1.0,0.0,114.82432432432432,0.10810810810810811,0.0,1.0,2025-09-08,0
0E8CF9CA526F,0.0,8.0,0.0,22.113095238095237,0.047619047619047616,0.0,8.0,2025-09-08,0
0E8F36DAB9C2,3.0,1.0,1.0,1119.201923076923,0.7884615384615384,0.009615384615384616,5.0,2025-09-08,0
0E9761D8EB58,5.0,0.0,12.0,72366.59420289854,52.31884057971015,0.2318840579710145,17.0,2025-09-08,0
0E9A30D927A5,3.0,0.0,0.0,111.95364238410596,0.152317880794702,0.0,3.0,2025-09-08,0
0E9DC914D8DF,1.0,2.0,0.0,10.25925925925926,0.012345679012345678,0.0,3.0,2025-09-08,0
0EA0447DA91C,3.0,0.0,0.0,1955.336,2.856,0.0,3.0,2025-09-08,0
0EA22CFA3A24,3.0,3.0,0.0,520.3133333333334,0.5133333333333333,0.0,6.0,2025-09-08,0
0EA52A2A7581,3.0,9.0,8.0,179.36301369863014,0.3013698630136986,0.06164383561643835,20.0,2025-09-08,0
0EAEFEAEFB09,0.0,0.0,0.0,24.6,0.32903225806451614,0.0,0.0,2025-09-08,0
0EB04F2114F4,0.0,0.0,0.0,0.0,0.0,0.0,0.0,2025-09-08,0
0EB6B31D8AFB,1.0,4.0,0.0,45.239263803680984,0.024539877300613498,0.0,5.0,2025-09-08,0
0EBF1B27CDE1,4.0,2.0,0.0,161.44520547945206,0.4863013698630137,0.0,6.0,2025-09-08,0
0EC8A35D0C20,0.0,0.0,0.0,1041.3856209150326,0.16993464052287582,0.0,0.0,2025-09-08,0
0ED0849FD6D8,3.0,2.0,0.0,487.4428571428571,0.40714285714285714,0.0,5.0,2025-09-08,0
0ED1E9DBD593,1.0,0.0,0.0,842.2460317460317,0.5,0.0,1.0,2025-09-08,0
0ED4052A2763,0.0,1.0,0.0,0.8385093167701864,0.006211180124223602,0.0,1.0,2025-09-08,0
0ED5057ECE3F,0.0,0.0,0.0,1366.2720588235295,1.6911764705882353,0.125,0.0,2025-09-08,0
0EDC7177CCA9,1.0,5.0,1.0,60.789808917197455,0.03184713375796178,0.006369426751592357,7.0,2025-09-08,0
0EE071F7B24A,4.0,6.0,0.0,113.07692307692308,0.038461538461538464,0.0,10.0,2025-09-08,0
0EE09EDA649F,0.0,6.0,0.0,94.29655172413793,0.041379310344827586,0.0,6.0,2025-09-08,0
0EE317BA7C52,0.0,0.0,0.0,755.3461538461538,0.8333333333333334,0.20512820512820512,0.0,2025-09-08,0
0EE51B79E853,4.0,5.0,0.0,27.53939393939394,0.030303030303030304,0.0,9.0,2025-09-08,0
0EE78E4317BB,3.0,2.0,0.0,95.61744966442953,0.12751677852348994,0.0,5.0,2025-09-08,0
0EE9497950EE,5.0,2.0,0.0,56.05590062111801,0.39751552795031053,0.0,7.0,2025-09-08,0
0EEA98D1BFDB,0.0,11.0,0.0,14.056962025316455,0.06962025316455696,0.0,11.0,2025-09-08,0
0EECB108FF91,2.0,2.0,0.0,61.25,0.49375,0.0,4.0,2025-09-08,0
0EF023E6452D,1.0,4.0,2.0,180.07746478873239,0.22535211267605634,0.13380281690140844,7.0,2025-09-08,0
0EF08481B333,1.0,7.0,0.0,11.85625,0.04375,0.0,8.0,2025-09-08,0
0EF437108E63,3.0,5.0,0.0,943.8266666666667,0.8666666666666667,0.0,8.0,2025-09-08,0
0EF47B410B41,3.0,8.0,0.0,94.67532467532467,0.05194805194805195,0.0,11.0,2025-09-08,0
0EFD600E2623,3.0,4.0,0.0,48.09316770186335,0.024844720496894408,0.0,7.0,2025-09-08,0
0202CB0A6B1F,3.0,1.0,0.0,30.548571428571428,0.11428571428571428,0.0,4.0,2025-09-15,0
02043B6BA08B,1.0,4.0,0.0,19.246835443037973,0.02531645569620253,0.0,5.0,2025-09-15,0
02075B45BF24,5.0,7.0,7.0,734.2517482517483,0.26573426573426573,0.3356643356643357,19.0,2025-09-15,1
02091DF7CCB8,6.0,7.0,8.0,21400.772727272728,8.227272727272727,1.0303030303030303,21.0,2025-09-15,0
02097AB58D3C,6.0,14.0,0.0,86.73006134969326,0.09202453987730061,0.0,20.0,2025-09-15,0
020CC6FB9659,0.0,0.0,0.0,241.97575757575757,0.5818181818181818,0.0,0.0,2025-09-15,0
02132677328F,3.0,5.0,1.0,5212.574074074074,1.9074074074074074,0.009259259259259259,9.0,2025-09-15,0
02142F017781,0.0,0.0,0.0,0.0,0.0,0.0,0.0,2025-09-15,0
02145826103B,6.0,5.0,0.0,125.7125,0.33125,0.0,11.0,2025-09-15,0
0217820BFFB2,4.0,6.0,0.0,276.39375,0.3,0.0,10.0,2025-09-15,0
021D82B56A3F,0.0,0.0,1.0,151.27848101265823,0.4620253164556962,0.006329113924050633,1.0,2025-09-15,0
02251388D3A2,0.0,4.0,1.0,23.847058823529412,0.023529411764705882,0.0058823529411764705,5.0,2025-09-15,0
0228A99EE35A,1.0,3.0,2.0,24.31547619047619,0.017857142857142856,0.011904761904761904,6.0,2025-09-15,0
022C6F326E3B,2.0,0.0,1.0,315.7054794520548,0.5958904109589042,0.00684931506849315,3.0,2025-09-15,0
022DB47C41AC,0.0,3.0,0.0,89.15094339622641,0.13836477987421383,0.0,3.0,2025-09-15,0
023015602FAA,2.0,2.0,1.0,20.346820809248555,0.011560693641618497,0.005780346820809248,5.0,2025-09-15,0
0230D261A1CD,0.0,5.0,0.0,4.42603550295858,0.029585798816568046,0.0,5.0,2025-09-15,0
0230EEF72435,6.0,3.0,0.0,119.98125,1.74375,0.0,9.0,2025-09-15,0
02314F9A9168,0.0,4.0,0.0,7.099415204678363,0.023391812865497075,0.0,4.0,2025-09-15,0
023257D29366,2.0,3.0,0.0,15.063218390804598,0.017241379310344827,0.0,5.0,2025-09-15,0
023270320B57,0.0,0.0,0.0,35.842424242424244,0.7272727272727273,0.0,0.0,2025-09-15,0
02388A18854F,1.0,0.0,0.0,575.3282442748092,3.312977099236641,0.12213740458015267,1.0,2025-09-15,0
0239AD51B7AF,1.0,1.0,0.0,80.1055900621118,0.30434782608695654,0.0,2.0,2025-09-15,0
023A663EFD87,3.0,6.0,0.0,83.90243902439025,0.4817073170731707,0.0,9.0,2025-09-15,0
023AD5204E1C,1.0,2.0,0.0,22.571428571428573,0.011428571428571429,0.0,3.0,2025-09-15,0
023ADDDECF84,0.0,0.0,1.0,3969.890625,2.171875,0.0078125,1.0,2025-09-15,0
02423E0E6E9F,4.0,0.0,3.0,328.21153846153845,0.3525641025641026,0.019230769230769232,7.0,2025-09-15,0
024570739DE0,2.0,4.0,0.0,4.4817073170731705,0.024390243902439025,0.0,6.0,2025-09-15,0
02478CD90F3A,2.0,10.0,0.0,272.85806451612905,0.07096774193548387,0.0,12.0,2025-09-15,0
024DD3A9ADCA,1.0,5.0,8.0,160.00680272108843,0.23129251700680273,0.05442176870748299,14.0,2025-09-15,0
024ED433BF7D,4.0,3.0,2.0,376.2204724409449,1.220472440944882,0.015748031496062992,9.0,2025-09-15,0
0253BB40EDA6,2.0,3.0,0.0,52.84705882352941,0.01764705882352941,0.0,5.0,2025-09-15,0
0257E855DBCE,7.0,8.0,6.0,603.0,0.45,0.04285714285714286,21.0,2025-09-15,0
0259991BA036,5.0,1.0,4.0,51.19753086419753,0.18518518518518517,0.024691358024691357,10.0,2025-09-15,0
026A6007FA48,0.0,0.0,0.0,2425.9795918367345,1.619047619047619,0.02040816326530612,0.0,2025-09-15,0
027137436C87,3.0,13.0,0.0,52.5606936416185,0.07514450867052024,0.0,16.0,2025-09-15,0
0278E06A2F67,2.0,2.0,0.0,33.98192771084337,0.012048192771084338,0.0,4.0,2025-09-15,0
0279D2AC6ACE,2.0,2.0,0.0,31.198795180722893,0.0963855421686747,0.0,4.0,2025-09-15,0
027B2DC4EA84,2.0,14.0,1.0,141.4550898203593,0.09580838323353294,0.005988023952095809,17.0,2025-09-15,0
027D07FC97FC,1.0,5.0,4.0,1340.248366013072,0.2679738562091503,0.026143790849673203,10.0,2025-09-15,0
027FE9CED489,7.0,1.0,0.0,141.54088050314465,0.9056603773584906,0.0,8.0,2025-09-15,0
028764AA026E,3.0,5.0,0.0,176.4,0.029411764705882353,0.0,8.0,2025-09-15,0
02892F51E1CB,0.0,0.0,0.0,2717.521739130435,4.095652173913043,0.0,0.0,2025-09-15,0
0289694A6E5B,1.0,3.0,0.0,117.40522875816994,0.20915032679738563,0.0,4.0,2025-09-15,0
028B24EADDAD,1.0,12.0,0.0,40.48170731707317,0.08536585365853659,0.0,13.0,2025-09-15,0
028CC0AE5719,6.0,3.0,0.0,129.00584795321637,0.15789473684210525,0.0,9.0,2025-09-15,0
0293918A963F,0.0,0.0,0.0,0.0,0.0,0.0,0.0,2025-09-15,0
02980E461859,2.0,6.0,0.0,82.64367816091954,0.034482758620689655,0.0,8.0,2025-09-15,0
029A2B32D17E,0.0,0.0,1.0,277.9006211180124,0.8074534161490683,0.006211180124223602,1.0,2025-09-15,0
029C03C2BF19,0.0,0.0,0.0,699.4875,0.99375,0.0,0.0,2025-09-15,0
029DA26B1A92,5.0,2.0,0.0,39.857142857142854,0.10714285714285714,0.0,7.0,2025-09-15,0
02A80292CB97,0.0,2.0,0.0,22.555555555555557,0.13450292397660818,0.0,2.0,2025-09-15,0
02B5C5ADC792,8.0,1.0,0.0,582.7261146496816,0.14012738853503184,0.0,9.0,2025-09-15,0
02B742646A0E,4.0,0.0,0.0,74.70700636942675,0.11464968152866242,0.0,4.0,2025-09-15,0
02BAD919855D,5.0,1.0,0.0,228.5,0.13580246913580246,0.0,6.0,2025-09-15,0
02BD26A4C3A0,1.0,8.0,0.0,59.401162790697676,0.046511627906976744,0.0,9.0,2025-09-15,0
02C0F45F31E7,0.0,0.0,2.0,302607.77777777775,55.0,0.1111111111111111,2.0,2025-09-15,0
02CFFA3A3F35,2.0,2.0,0.0,34.78313253012048,0.012048192771084338,0.0,4.0,2025-09-15,0
02D49A34B2FE,0.0,1.0,5.0,78.4,0.17777777777777778,0.037037037037037035,6.0,2025-09-15,0
02D4DFEF402A,1.0,0.0,0.0,13.072289156626505,0.25301204819277107,0.0,1.0,2025-09-15,0
02D7623552C8,0.0,0.0,0.0,17942.136363636364,8.693181818181818,1.8863636363636365,0.0,2025-09-15,0
02DC03A0F1E6,2.0,4.0,0.0,92.20231213872832,0.023121387283236993,0.0,6.0,2025-09-15,0
02E12310186C,4.0,12.0,1.0,258.7530120481928,0.0783132530120482,0.006024096385542169,17.0,2025-09-15,0
02EBC6CD4398,6.0,13.0,0.0,131.89820359281438,0.08982035928143713,0.0,19.0,2025-09-15,0
02F093C88F2E,0.0,0.0,0.0,34.16981132075472,0.050314465408805034,0.0,0.0,2025-09-15,0
02F18EEE028A,1.0,1.0,1.0,16.96153846153846,0.07051282051282051,0.00641025641025641,3.0,2025-09-15,0
02F56F7C8E0B,2.0,3.0,0.0,184.140350877193,0.017543859649122806,0.0,5.0,2025-09-15,0
02F5CE7705EC,2.0,5.0,0.0,44122.45,21.35,0.0,7.0,2025-09-15,0
02F98EB34A7A,0.0,0.0,0.0,0.0,0.0,0.0,0.0,2025-09-15,0
02FBDD4A2C43,2.0,0.0,0.0,3186.7,0.3230769230769231,0.0,2.0,2025-09-15,0
060C5773A61B,1.0,1.0,0.0,868.7046979865772,1.1342281879194631,0.0,2.0,2025-09-15,0
060EE3CB4779,0.0,0.0,0.0,189.6219512195122,0.36585365853658536,0.0,0.0,2025-09-15,0
06132D7396F8,2.0,1.0,1.0,779.5602836879433,0.8652482269503546,0.0070921985815602835,4.0,2025-09-15,0
0616F247083A,5.0,1.0,1.0,87.8,0.1125,0.00625,7.0,2025-09-15,0
061A4322745C,6.0,1.0,1.0,276.25342465753425,0.3424657534246575,0.00684931506849315,8.0,2025-09-15,0
06238EE3BE6C,3.0,2.0,1.0,90.09356725146199,0.15789473684210525,0.005847953216374269,6.0,2025-09-15,0
062EA113798F,3.0,11.0,0.0,57.38823529411765,0.06470588235294118,0.0,14.0,2025-09-15,0
0634F78DB4C5,3.0,2.0,2.0,426.56115107913666,0.6187050359712231,0.014388489208633094,7.0,2025-09-15,0
0639EA5602C1,0.0,0.0,0.0,0.0,0.0,0.0,0.0,2025-09-15,0
0644582257D9,1.0,2.0,0.0,105.53416149068323,0.14285714285714285,0.0,3.0,2025-09-15,0
064AED1EC0AA,4.0,3.0,2.0,63.41104294478528,0.10429447852760736,0.012269938650306749,9.0,2025-09-15,0
064BE19B0A9E,1.0,2.0,1.0,141.25,0.011904761904761904,0.005952380952380952,4.0,2025-09-15,0
064C94C771EC,1.0,1.0,0.0,10.511494252873563,0.005747126436781609,0.0,2.0,2025-09-15,0
064E66B5367B,1.0,0.0,0.0,123.6319018404908,0.32515337423312884,0.0,1.0,2025-09-15,0
06509A84E873,4.0,3.0,0.0,13.194117647058823,0.18823529411764706,0.0,7.0,2025-09-15,0
065B928716CD,1.0,0.0,8.0,1452.8461538461538,2.2615384615384615,0.06153846153846154,9.0,2025-09-15,0
065C003A8D0C,6.0,3.0,7.0,2444.621212121212,1.893939393939394,0.05303030303030303,16.0,2025-09-15,0
066430BA5119,1.0,6.0,0.0,39.848837209302324,0.03488372093023256,0.0,7.0,2025-09-15,0
0665C3FE6D67,5.0,14.0,1.0,303.55974842767296,0.10062893081761007,0.006289308176100629,20.0,2025-09-15,0
06711BE6AD2A,2.0,6.0,4.0,65.07692307692308,0.03550295857988166,0.023668639053254437,12.0,2025-09-15,0
06787526FEB3,3.0,0.0,10.0,49437.34146341463,18.646341463414632,0.12195121951219512,13.0,2025-09-15,0
0683D2A8DA42,0.0,4.0,0.0,18.958579881656803,0.023668639053254437,0.0,4.0,2025-09-15,0
068553B3AA23,4.0,9.0,0.0,23.569767441860463,0.05232558139534884,0.0,13.0,2025-09-15,0
0687F36E02C6,3.0,5.0,0.0,63.458333333333336,0.20238095238095238,0.0,8.0,2025-09-15,0
06903F988F32,0.0,0.0,0.0,38656.79569892473,35.623655913978496,20.50537634408602,0.0,2025-09-15,0
0693096C4C42,3.0,5.0,0.0,483.3090909090909,0.030303030303030304,0.0,8.0,2025-09-15,0
069357B9F15F,0.0,0.0,0.0,85.04402515723271,0.3081761006289308,0.0,0.0,2025-09-15,0
06981FD8AA87,5.0,1.0,12.0,550.8407643312102,0.1910828025477707,0.08280254777070063,18.0,2025-09-15,0
069A98DEEB1D,3.0,1.0,1.0,318.82481751824815,0.635036496350365,0.0072992700729927005,5.0,2025-09-15,0
06AA1DE70CBF,0.0,1.0,0.0,6.0181818181818185,0.006060606060606061,0.0,1.0,2025-09-15,0
06AAA28A5D6B,0.0,0.0,0.0,0.0,0.0,0.0,0.0,2025-09-15,0
06AEE181F595,0.0,0.0,0.0,4591.512605042017,2.319327731092437,0.0,0.0,2025-09-15,0
06B162DC93E3,1.0,2.0,0.0,72.18128654970761,0.011695906432748537,0.0,3.0,2025-09-15,0
06B641B75B29,0.0,0.0,0.0,10724.52,11.67,1.59,0.0,2025-09-15,0
06C0D5E3BCDB,0.0,5.0,0.0,210.13245033112582,0.17218543046357615,0.0,5.0,2025-09-15,0
06C0F27E810B,2.0,2.0,0.0,138.16571428571427,0.2057142857142857,0.0,4.0,2025-09-15,0
06C67619095C,1.0,1.0,0.0,156.2235294117647,0.0058823529411764705,0.0,2.0,2025-09-15,0
06C77FEA9550,1.0,1.0,4.0,226.70322580645163,0.6580645161290323,0.025806451612903226,6.0,2025-09-15,0
06C98DF4F0FA,1.0,2.0,0.0,114.53714285714285,0.011428571428571429,0.0,3.0,2025-09-15,0
06CE0F3CFB3C,0.0,0.0,0.0,942.9290322580645,0.1935483870967742,0.0,0.0,2025-09-15,0
06D0342253A0,0.0,9.0,0.0,26.86627906976744,0.05232558139534884,0.0,9.0,2025-09-15,0
06D388A19D5D,6.0,4.0,0.0,16.157575757575756,0.2,0.0,10.0,2025-09-15,0
06D6B7018E15,1.0,12.0,0.0,64.4,0.08125,0.0,13.0,2025-09-15,0
06D7F6C73E0C,1.0,1.0,0.0,4.5843373493975905,0.006024096385542169,0.0,2.0,2025-09-15,0
06D84598CCB4,2.0,8.0,0.0,58.82716049382716,0.04938271604938271,0.0,10.0,2025-09-15,0
06DAF11BD38F,6.0,13.0,0.0,67.225,0.08125,0.0,19.0,2025-09-15,0
06DF118D7989,1.0,2.0,6.0,244.29559748427673,0.3522012578616352,0.03773584905660377,9.0,2025-09-15,0
06EA136A2996,4.0,8.0,0.0,203.11976047904193,0.04790419161676647,0.0,12.0,2025-09-15,0
06EDBAE64B57,0.0,0.0,0.0,0.0,0.0,0.0,0.0,2025-09-15,0
06EEBD283262,1.0,1.0,0.0,14.6,0.0058823529411764705,0.0,2.0,2025-09-15,0
06EFD61B80ED,0.0,2.0,0.0,4.310344827586207,0.011494252873563218,0.0,2.0,2025-09-15,0
06F2469B50EF,3.0,3.0,2.0,150.79393939393938,0.01818181818181818,0.012121212121212121,8.0,2025-09-15,0
06F2CDBD2C41,9.0,4.0,1.0,418.3550724637681,0.45652173913043476,0.007246376811594203,14.0,2025-09-15,0
06F40EA87663,2.0,4.0,0.0,33.355828220858896,0.024539877300613498,0.0,6.0,2025-09-15,0
06F49BD8F572,8.0,6.0,12.0,4840.324324324324,1.7027027027027026,0.20270270270270271,26.0,2025-09-15,0
06FDA7D7B22A,0.0,0.0,0.0,32.54970760233918,0.017543859649122806,0.0,0.0,2025-09-15,0
06FFEC2EFA5E,1.0,0.0,0.0,160.29166666666666,0.4444444444444444,0.0,1.0,2025-09-15,0
0A0B47664A85,3.0,3.0,0.0,27.07017543859649,0.15789473684210525,0.0,6.0,2025-09-15,0
0A10201AFE0A,2.0,5.0,0.0,57.411764705882355,0.029411764705882353,0.0,7.0,2025-09-15,0
0A1037E90A63,0.0,0.0,0.0,0.0,0.0,0.0,0.0,2025-09-15,0
0A10A5A5056E,3.0,3.0,0.0,101.78571428571429,0.21428571428571427,0.0,6.0,2025-09-15,0
0A15BC628AFC,1.0,3.0,0.0,269.84375,0.01875,0.0,4.0,2025-09-15,0
0A182EFD3C61,4.0,0.0,2.0,126.15328467153284,0.927007299270073,0.014598540145985401,6.0,2025-09-15,0
0A184A2E46B7,4.0,0.0,1.0,26782.73786407767,39.42718446601942,0.009708737864077669,5.0,2025-09-15,0
0A19C62F4F6D,0.0,0.0,0.0,714.1643835616438,0.4315068493150685,0.0,0.0,2025-09-15,0
0A1FB1C98A92,6.0,3.0,0.0,238.95731707317074,0.27439024390243905,0.0,9.0,2025-09-15,0
0A23474F1944,1.0,3.0,0.0,16.36144578313253,0.1927710843373494,0.0,4.0,2025-09-15,0
0A25F6E3466C,0.0,0.0,0.0,3196.1372549019607,2.784313725490196,0.00980392156862745,0.0,2025-09-15,0
0A268A7E40CD,3.0,9.0,0.0,61.01829268292683,0.06097560975609756,0.0,12.0,2025-09-15,0
0A272C5A2C9B,0.0,0.0,0.0,0.0,0.0,0.0,0.0,2025-09-15,0
0A2778A31BE3,3.0,3.0,0.0,23.709876543209877,0.018518518518518517,0.0,6.0,2025-09-15,0
0A3528D089D9,1.0,12.0,0.0,29.578034682080926,0.06936416184971098,0.0,13.0,2025-09-15,0
0A3983033084,1.0,10.0,0.0,73.66666666666667,0.05952380952380952,0.0,11.0,2025-09-15,0
0A42B2DB6370,1.0,1.0,0.0,6.294797687861272,0.005780346820809248,0.0,2.0,2025-09-15,0
0A4673793B3E,3.0,3.0,0.0,4.706896551724138,0.017241379310344827,0.0,6.0,2025-09-15,0
0A485668F5C0,1.0,5.0,0.0,312.1439393939394,0.5227272727272727,0.0,6.0,2025-09-15,0
0A4C884F240A,1.0,3.0,0.0,129.375,0.36875,0.0,4.0,2025-09-15,0
0A4E33E2692B,3.0,2.0,2.0,588.93006993007,0.6713286713286714,0.013986013986013986,7.0,2025-09-15,0
0A52DDE896BF,4.0,7.0,0.0,5768.700787401574,6.015748031496063,0.0,11.0,2025-09-15,0
0A55DA266F71,2.0,7.0,0.0,9.029761904761905,0.041666666666666664,0.0,9.0,2025-09-15,0
0A568E79FEF6,2.0,2.0,0.0,3.1142857142857143,0.011428571428571429,0.0,4.0,2025-09-15,0
0A57338657F8,3.0,1.0,0.0,31.136904761904763,0.18452380952380953,0.0,4.0,2025-09-15,0
0A57A684E20B,3.0,14.0,0.0,77.53142857142858,0.08,0.0,17.0,2025-09-15,0
0A5C1439B384,2.0,9.0,0.0,206.15060240963857,0.05421686746987952,0.0,11.0,2025-09-15,0
0A5D017E401E,3.0,2.0,0.0,159.35897435897436,0.16025641025641027,0.0,5.0,2025-09-15,0
0A5E96449374,3.0,0.0,4.0,1305.9140625,1.2421875,0.046875,7.0,2025-09-15,0
0A61E3165158,0.0,0.0,0.0,47.9585798816568,0.11834319526627218,0.0,0.0,2025-09-15,0
0A62EECEEBD1,2.0,2.0,0.0,49.319526627218934,0.011834319526627219,0.0,4.0,2025-09-15,0
0A6324E3E043,2.0,6.0,4.0,50.75903614457831,0.03614457831325301,0.024096385542168676,12.0,2025-09-15,0
0A6390E0FBA4,5.0,1.0,0.0,2387.4592592592594,2.837037037037037,0.0,6.0,2025-09-15,0
0A663B6B4B28,0.0,0.0,3.0,579.5151515151515,2.3393939393939394,0.01818181818181818,3.0,2025-09-15,0
0A682ED9C6DD,1.0,2.0,2.0,3403.038167938931,0.5954198473282443,0.4351145038167939,5.0,2025-09-15,0
0A68A2032450,7.0,11.0,0.0,841.4112903225806,0.5,0.0,18.0,2025-09-15,0
0A68DF0B3D07,1.0,17.0,0.0,82.12426035502959,0.10059171597633136,0.0,18.0,2025-09-15,0
0A68F38A6ACF,3.0,1.0,2.0,18318.864864864863,2.391891891891892,0.6351351351351351,6.0,2025-09-15,1
0A6C571A1550,1.0,1.0,0.0,18.658823529411766,0.0058823529411764705,0.0,2.0,2025-09-15,0
0A6D3595373D,3.0,13.0,0.0,88.02923976608187,0.08187134502923976,0.0,16.0,2025-09-15,0
0A6DA0C82CCB,0.0,1.0,0.0,18.870588235294118,0.0058823529411764705,0.0,1.0,2025-09-15,0
0A71A6F9D6C6,2.0,2.0,0.0,137.68047337278105,0.09467455621301775,0.0,4.0,2025-09-15,0
0A78FAF47B00,4.0,4.0,0.0,134.19230769230768,0.19230769230769232,0.0,8.0,2025-09-15,0
0A7AAFDD9E11,1.0,0.0,0.0,1067.3733333333332,0.18,0.0,1.0,2025-09-15,0
0A7AC5BDAF86,2.0,8.0,3.0,15.807453416149068,0.049689440993788817,0.018633540372670808,13.0,2025-09-15,0
0A800188C20F,1.0,12.0,0.0,202.7483870967742,0.07741935483870968,0.0,13.0,2025-09-15,0
0A8407CF4D85,1.0,6.0,1.0,16.716867469879517,0.03614457831325301,0.006024096385542169,8.0,2025-09-15,0
0A87B8C2734F,5.0,1.0,1.0,124.71153846153847,0.16025641025641027,0.00641025641025641,7.0,2025-09-15,0
0A8EA87BB037,2.0,3.0,0.0,60.45294117647059,0.2,0.0,5.0,2025-09-15,0
0A9547C11A56,3.0,0.0,0.0,34.74096385542169,0.12048192771084337,0.0,3.0,2025-09-15,0
0A96EACD8070,0.0,0.0,0.0,3699.4108527131784,4.9689922480620154,0.06201550387596899,0.0,2025-09-15,0
0A974F5D7D8C,0.0,0.0,0.0,250.05521472392638,0.3006134969325153,0.08588957055214724,0.0,2025-09-15,0
0A9A3BFD6C9B,4.0,0.0,0.0,38.77514792899408,0.39644970414201186,0.0,4.0,2025-09-15,0
0AA18F330F59,5.0,10.0,3.0,57677.17307692308,34.03846153846154,0.09615384615384616,18.0,2025-09-15,0
0AA2818A7B27,0.0,0.0,0.0,0.0,0.0,0.0,0.0,2025-09-15,0
0AA296FF247D,4.0,1.0,0.0,119.74285714285715,0.15714285714285714,0.0,5.0,2025-09-15,0
0AA2F2CAB50B,7.0,3.0,0.0,1860.661971830986,3.140845070422535,0.0,10.0,2025-09-15,0
0AA3F18DE550,1.0,6.0,1.0,21.47093023255814,0.03488372093023256,0.005813953488372093,8.0,2025-09-15,0
0AA473D2FC17,6.0,5.0,2.0,652.025974025974,0.24675324675324675,0.012987012987012988,13.0,2025-09-15,0
0AA4B065E5A5,11.0,7.0,9.0,1196.4161073825503,0.7181208053691275,0.06040268456375839,27.0,2025-09-15,1
0AA9051FFFFA,2.0,4.0,0.0,18.585798816568047,0.023668639053254437,0.0,6.0,2025-09-15,0
0AB410184143,0.0,0.0,1.0,0.0,0.0,0.005813953488372093,1.0,2025-09-15,0
0AB5F9C21BF8,4.0,0.0,5.0,201.5,0.41875,0.03125,9.0,2025-09-15,0
0AB6B45C775A,0.0,0.0,1.0,1541.8842975206612,2.5867768595041323,0.04132231404958678,1.0,2025-09-15,0
0AB97B7632EB,0.0,0.0,0.0,0.0,0.0,0.0,0.0,2025-09-15,0
0ABC8E60F4C1,2.0,2.0,1.0,295.98639455782313,0.11564625850340136,0.006802721088435374,5.0,2025-09-15,0
0ABD2E513F79,0.0,1.0,1.0,770.0134228187919,0.2550335570469799,0.006711409395973154,2.0,2025-09-15,0
0ABE42BE4165,3.0,2.0,0.0,80.2764705882353,0.14705882352941177,0.0,5.0,2025-09-15,0
0AC437023B18,1.0,6.0,0.0,3.8816568047337277,0.03550295857988166,0.0,7.0,2025-09-15,0
0AD276FC5E27,2.0,3.0,1.0,613.7241379310345,0.296551724137931,0.006896551724137931,6.0,2025-09-15,0
0AD2C92E9756,4.0,6.0,0.0,151.11904761904762,0.03571428571428571,0.0,10.0,2025-09-15,0
0ADD02AB693D,3.0,10.0,0.0,49.4251497005988,0.0658682634730539,0.0,13.0,2025-09-15,0
0AE03793586F,3.0,3.0,0.0,175.29761904761904,0.017857142857142856,0.0,6.0,2025-09-15,0
0AE21E7A17E4,2.0,1.0,0.0,54.208333333333336,0.20238095238095238,0.0,3.0,2025-09-15,0
0AE6BF39C720,4.0,8.0,0.0,62.10650887573964,0.27218934911242604,0.0,12.0,2025-09-15,0
0AEF10F3A994,4.0,14.0,0.0,57.82424242424243,0.09090909090909091,0.0,18.0,2025-09-15,0
0AF1F0E3B640,2.0,7.0,0.0,105.60119047619048,0.041666666666666664,0.0,9.0,2025-09-15,0
0AF51D7D0F73,1.0,1.0,1.0,321.23776223776224,0.3356643356643357,0.006993006993006993,3.0,2025-09-15,0
0AF8DCB98E4B,0.0,2.0,0.0,77.58169934640523,0.16339869281045752,0.0,2.0,2025-09-15,0
0AF9846E92DD,0.0,0.0,0.0,1008.6923076923077,0.5213675213675214,0.0,0.0,2025-09-15,0
0AFB7B311996,0.0,0.0,0.0,159.73099415204678,0.029239766081871343,0.017543859649122806,0.0,2025-09-15,0
0AFE702BB093,1.0,0.0,5.0,720.4380165289256,1.9173553719008265,0.04132231404958678,6.0,2025-09-15,0
0AFFC263C0D9,10.0,10.0,13.0,52627.94366197183,7.549295774647887,2.267605633802817,33.0,2025-09-15,1
0E03D8F69853,0.0,0.0,0.0,2721.6641791044776,2.3656716417910446,0.0,0.0,2025-09-15,0
0E0A8D6EB6B9,0.0,2.0,0.0,94.68047337278107,0.17159763313609466,0.0,2.0,2025-09-15,0
0E0C3EB7915D,2.0,2.0,0.0,32.596385542168676,0.15060240963855423,0.0,4.0,2025-09-15,0
0E0E2996F51A,3.0,2.0,3.0,242.5897435897436,0.4423076923076923,0.019230769230769232,8.0,2025-09-15,0
0E113B01A9A2,3.0,5.0,0.0,28.04597701149425,0.028735632183908046,0.0,8.0,2025-09-15,0
0E11F69747A8,0.0,2.0,0.0,9.458823529411765,0.011764705882352941,0.0,2.0,2025-09-15,0
0E121B6B8661,0.0,0.0,0.0,47.577639751552795,0.07453416149068323,0.031055900621118012,0.0,2025-09-15,0
0E1B6F4DBA34,5.0,3.0,0.0,138.60256410256412,0.47435897435897434,0.0,8.0,2025-09-15,0
0E1C622E61BC,2.0,3.0,3.0,46.73125,0.01875,0.01875,8.0,2025-09-15,0
0E1D7CA1DB0C,5.0,2.0,0.0,91.23295454545455,0.11363636363636363,0.0,7.0,2025-09-15,0
0E21C239D865,1.0,2.0,0.0,29.53179190751445,0.011560693641618497,0.0,3.0,2025-09-15,0
0E2575C7EE05,2.0,1.0,0.0,290.5030303030303,0.15757575757575756,0.0,3.0,2025-09-15,0
0E2728C481CA,1.0,0.0,4.0,339.3310810810811,0.5945945945945946,0.02702702702702703,5.0,2025-09-15,0
0E293C5E4650,2.0,2.0,0.0,57.08383233532934,0.11976047904191617,0.0,4.0,2025-09-15,0
0E2DEE345837,3.0,6.0,0.0,33.32,0.03428571428571429,0.0,9.0,2025-09-15,0
0E31C429C185,1.0,1.0,0.0,259.60736196319016,0.006134969325153374,0.0,2.0,2025-09-15,0
0E34282F4B53,3.0,5.0,0.0,80.41916167664671,0.029940119760479042,0.0,8.0,2025-09-15,0
0E3D06A07E94,5.0,1.0,0.0,1713.939393939394,1.8409090909090908,0.0,6.0,2025-09-15,0
0E3D96237639,4.0,8.0,0.0,22.124260355029588,0.05325443786982249,0.0,12.0,2025-09-15,0
0E41CF7F74D5,5.0,0.0,0.0,21.012269938650306,0.13496932515337423,0.0,5.0,2025-09-15,0
0E462188408C,2.0,2.0,0.0,31.00609756097561,1.2682926829268293,0.0,4.0,2025-09-15,0
0E4CE5FB4405,2.0,7.0,0.0,223.28476821192052,0.3509933774834437,0.0,9.0,2025-09-15,0
0E50A5B2E5C4,1.0,2.0,0.0,18.269461077844312,0.011976047904191617,0.0,3.0,2025-09-15,0
0E543D410B0C,1.0,4.0,0.0,12.138728323699421,0.023121387283236993,0.0,5.0,2025-09-15,0
0E55F28AB569,2.0,5.0,0.0,28.292397660818715,0.03508771929824561,0.0,7.0,2025-09-15,0
0E5A9CEA8093,1.0,1.0,0.0,49.38414634146341,0.09146341463414634,0.0,2.0,2025-09-15,0
0E5CD9B19DCB,0.0,0.0,0.0,0.0,0.0,0.0,0.0,2025-09-15,0
0E5DFCF65AD4,0.0,1.0,0.0,32.0,0.03592814371257485,0.0,1.0,2025-09-15,0
0E61D34F9993,5.0,4.0,5.0,1160.503448275862,1.0275862068965518,0.034482758620689655,14.0,2025-09-15,0
0E69783262BE,2.0,3.0,0.0,98.08928571428571,0.14285714285714285,0.0,5.0,2025-09-15,0
0E69C64B6E57,4.0,8.0,0.0,122.13939393939394,0.048484848484848485,0.0,12.0,2025-09-15,0
0E6A7794AFC7,0.0,0.0,0.0,0.0,0.0,0.0,0.0,2025-09-15,0
0E6ACE6D3146,2.0,5.0,0.0,38.51234567901235,0.2962962962962963,0.0,7.0,2025-09-15,0
0E6D2CBAED41,0.0,1.0,1.0,1061.576923076923,1.7538461538461538,0.007692307692307693,2.0,2025-09-15,0
0E752F1B295C,7.0,3.0,4.0,22650.30693069307,7.732673267326732,0.504950495049505,14.0,2025-09-15,0
0E7A8A5414C2,4.0,2.0,1.0,72.91566265060241,0.1746987951807229,0.006024096385542169,7.0,2025-09-15,0
0E892C46A442,1.0,0.0,0.0,42.6375,0.90625,0.0,1.0,2025-09-15,0
0E89F7D5B5BD,4.0,2.0,3.0,133.3184713375796,0.4713375796178344,0.01910828025477707,9.0,2025-09-15,0
0E8B8566815B,6.0,1.0,0.0,364.68589743589746,0.16025641025641027,0.0,7.0,2025-09-15,0
0E8CF9CA526F,1.0,3.0,0.0,9.411764705882353,0.01764705882352941,0.0,4.0,2025-09-15,0
0E8F36DAB9C2,2.0,3.0,3.0,1317.2162162162163,0.9369369369369369,0.02702702702702703,8.0,2025-09-15,0
0E9761D8EB58,3.0,0.0,3.0,87975.56451612903,55.0,0.41935483870967744,6.0,2025-09-15,0
0E9A30D927A5,6.0,4.0,0.0,185.20253164556962,0.22151898734177214,0.0,10.0,2025-09-15,0
0E9DC914D8DF,1.0,1.0,0.0,25.892857142857142,0.005952380952380952,0.0,2.0,2025-09-15,0
0EA0447DA91C,2.0,0.0,0.0,1967.6060606060605,2.522727272727273,0.0,2.0,2025-09-15,0
0EA22CFA3A24,1.0,1.0,0.0,285.9125,0.36875,0.0,2.0,2025-09-15,0
0EA52A2A7581,2.0,6.0,6.0,125.60130718954248,0.26143790849673204,0.0392156862745098,14.0,2025-09-15,0
0EAEFEAEFB09,3.0,5.0,0.0,43.24550898203593,0.5029940119760479,0.0,8.0,2025-09-15,0
0EB04F2114F4,0.0,0.0,0.0,0.0,0.0,0.0,0.0,2025-09-15,0
0EB6B31D8AFB,0.0,2.0,1.0,22.805882352941175,0.011764705882352941,0.0058823529411764705,3.0,2025-09-15,0
0EBF1B27CDE1,4.0,2.0,0.0,134.94193548387096,0.43870967741935485,0.0,6.0,2025-09-15,0
0EC8A35D0C20,0.0,0.0,2.0,437.2073170731707,0.11585365853658537,0.012195121951219513,2.0,2025-09-15,0
0ED0849FD6D8,1.0,1.0,0.0,372.848275862069,0.30344827586206896,0.0,2.0,2025-09-15,0
0ED1E9DBD593,0.0,0.0,0.0,496.1901408450704,0.4295774647887324,0.0,0.0,2025-09-15,0
0ED4052A2763,3.0,4.0,0.0,136.7456647398844,0.023121387283236993,0.0,7.0,2025-09-15,0
0ED5057ECE3F,1.0,0.0,1.0,2094.891472868217,2.2248062015503876,0.24031007751937986,2.0,2025-09-15,0
0EDC7177CCA9,0.0,3.0,0.0,17.5748502994012,0.017964071856287425,0.0,3.0,2025-09-15,0
0EE071F7B24A,8.0,17.0,0.0,525.6283783783783,0.11486486486486487,0.0,25.0,2025-09-15,1
0EE09EDA649F,0.0,9.0,0.0,135.67948717948718,0.057692307692307696,0.0,9.0,2025-09-15,0
0EE317BA7C52,0.0,0.0,0.0,1354.061224489796,1.183673469387755,0.12244897959183673,0.0,2025-09-15,0
0EE51B79E853,2.0,8.0,0.0,24.523255813953487,0.046511627906976744,0.0,10.0,2025-09-15,0
0EE78E4317BB,4.0,2.0,0.0,129.21052631578948,0.14473684210526316,0.0,6.0,2025-09-15,0
0EE9497950EE,4.0,1.0,0.0,71.68047337278107,0.33727810650887574,0.0,5.0,2025-09-15,0
0EEA98D1BFDB,2.0,13.0,0.0,28.813953488372093,0.08139534883720931,0.0,15.0,2025-09-15,0
0EECB108FF91,2.0,2.0,0.0,45.59281437125748,0.48502994011976047,0.0,4.0,2025-09-15,0
0EF023E6452D,5.0,6.0,3.0,483.7549668874172,0.33112582781456956,0.2251655629139073,14.0,2025-09-15,0
0EF08481B333,4.0,9.0,0.0,52.561290322580646,0.05806451612903226,0.0,13.0,2025-09-15,0
0EF437108E63,7.0,6.0,0.0,10254.344086021505,2.7419354838709675,0.0,13.0,2025-09-15,0
0EF47B410B41,0.0,6.0,0.0,10.60377358490566,0.03773584905660377,0.0,6.0,2025-09-15,0
0EFD600E2623,3.0,6.0,0.0,207.45882352941177,0.03529411764705882,0.0,9.0,2025-09-15,0
0202CB0A6B1F,4.0,3.0,0.0,72.09740259740259,0.15584415584415584,0.0,7.0,2025-09-22,0
02043B6BA08B,3.0,11.0,1.0,83.76821192052981,0.0728476821192053,0.006622516556291391,15.0,2025-09-22,0
02075B45BF24,6.0,10.0,7.0,2893.1363636363635,0.5454545454545454,0.875,23.0,2025-09-22,0
02091DF7CCB8,6.0,8.0,8.0,42746.583333333336,12.854166666666666,2.5416666666666665,22.0,2025-09-22,0
02097AB58D3C,2.0,12.0,0.0,51.48407643312102,0.07643312101910828,0.0,14.0,2025-09-22,0
020CC6FB9659,1.0,0.0,1.0,243.06,0.38666666666666666,0.006666666666666667,2.0,2025-09-22,0
02132677328F,7.0,3.0,3.0,11793.477777777778,2.533333333333333,0.03333333333333333,13.0,2025-09-22,0
02142F017781,1.0,1.0,0.0,124.64634146341463,0.006097560975609756,0.0,2.0,2025-09-22,0
02145826103B,3.0,2.0,0.0,65.44444444444444,0.2549019607843137,0.0,5.0,2025-09-22,0
0217820BFFB2,5.0,2.0,0.0,314.26027397260276,0.3424657534246575,0.0,7.0,2025-09-22,0
021D82B56A3F,0.0,0.0,0.0,81.58441558441558,0.2792207792207792,0.0,0.0,2025-09-22,0
02251388D3A2,2.0,6.0,0.0,361.4634146341463,0.036585365853658534,0.0,8.0,2025-09-22,0
0228A99EE35A,2.0,7.0,6.0,34.57831325301205,0.04216867469879518,0.03614457831325301,15.0,2025-09-22,0
022C6F326E3B,5.0,4.0,1.0,545.8014705882352,0.7720588235294118,0.007352941176470588,10.0,2025-09-22,0
022DB47C41AC,2.0,1.0,1.0,154.9387755102041,0.1360544217687075,0.006802721088435374,4.0,2025-09-22,0
023015602FAA,2.0,3.0,0.0,15.828025477707007,0.01910828025477707,0.0,5.0,2025-09-22,0
0230D261A1CD,4.0,15.0,0.0,27.79245283018868,0.10062893081761007,0.0,19.0,2025-09-22,0
0230EEF72435,0.0,1.0,0.0,54.09146341463415,1.3353658536585367,0.0,1.0,2025-09-22,0
02314F9A9168,2.0,7.0,0.0,32.6625,0.04375,0.0,9.0,2025-09-22,0
023257D29366,4.0,5.0,0.0,39.987730061349694,0.03067484662576687,0.0,9.0,2025-09-22,0
023270320B57,2.0,2.0,0.0,75.45205479452055,0.9041095890410958,0.0,4.0,2025-09-22,0
02388A18854F,0.0,0.0,0.0,330.31111111111113,2.4962962962962965,0.08888888888888889,0.0,2025-09-22,0
0239AD51B7AF,3.0,1.0,0.0,92.73154362416108,0.31543624161073824,0.0,4.0,2025-09-22,0
023A663EFD87,4.0,3.0,0.0,89.90506329113924,0.4240506329113924,0.0,7.0,2025-09-22,0
023AD5204E1C,1.0,1.0,0.0,10.335329341317365,0.005988023952095809,0.0,2.0,2025-09-22,0
023ADDDECF84,0.0,0.0,0.0,1819.2704918032787,1.7868852459016393,0.0,0.0,2025-09-22,0
02423E0E6E9F,1.0,3.0,3.0,187.4812030075188,0.2631578947368421,0.022556390977443608,7.0,2025-09-22,0
024570739DE0,1.0,8.0,0.0,3.793939393939394,0.048484848484848485,0.0,9.0,2025-09-22,0
02478CD90F3A,1.0,2.0,2.0,82.86206896551724,0.013793103448275862,0.013793103448275862,5.0,2025-09-22,0
024DD3A9ADCA,2.0,3.0,5.0,87.15277777777777,0.22916666666666666,0.034722222222222224,10.0,2025-09-22,0
024ED433BF7D,1.0,1.0,0.0,416.76377952755905,0.968503937007874,0.0,2.0,2025-09-22,0
0253BB40EDA6,2.0,3.0,0.0,27.067073170731707,0.018292682926829267,0.0,5.0,2025-09-22,0
0257E855DBCE,3.0,15.0,17.0,3093.104,1.232,0.152,35.0,2025-09-22,0
0259991BA036,3.0,8.0,2.0,121.04697986577182,0.30201342281879195,0.013422818791946308,13.0,2025-09-22,0
026A6007FA48,0.0,0.0,0.0,656.3265306122449,0.9115646258503401,0.0,0.0,2025-09-22,0
027137436C87,7.0,14.0,0.0,53.733333333333334,0.09090909090909091,0.0,21.0,2025-09-22,0
0278E06A2F67,1.0,1.0,0.0,127.08176100628931,0.012578616352201259,0.0,2.0,2025-09-22,0
0279D2AC6ACE,3.0,2.0,0.0,56.210191082802545,0.08917197452229299,0.0,5.0,2025-09-22,0
027B2DC4EA84,0.0,9.0,0.0,67.9873417721519,0.056962025316455694,0.0,9.0,2025-09-22,0
027D07FC97FC,0.0,1.0,0.0,177.75862068965517,0.10344827586206896,0.0,1.0,2025-09-22,0
027FE9CED489,3.0,0.0,0.0,102.75949367088607,0.7658227848101266,0.0,3.0,2025-09-22,0
028764AA026E,1.0,3.0,0.0,96.88819875776397,0.018633540372670808,0.0,4.0,2025-09-22,0
02892F51E1CB,0.0,0.0,0.0,1621.9203539823009,3.2212389380530975,0.0,0.0,2025-09-22,0
0289694A6E5B,4.0,6.0,0.0,295.99295774647885,0.2676056338028169,0.0,10.0,2025-09-22,0
028B24EADDAD,3.0,1.0,0.0,43.08387096774194,0.10967741935483871,0.0,4.0,2025-09-22,0
028CC0AE5719,3.0,0.0,0.0,137.43037974683546,0.11392405063291139,0.0,3.0,2025-09-22,0
0293918A963F,0.0,1.0,0.0,6.872727272727273,0.006060606060606061,0.0,1.0,2025-09-22,0
02980E461859,3.0,4.0,1.0,69.96835443037975,0.02531645569620253,0.006329113924050633,8.0,2025-09-22,0
029A2B32D17E,5.0,2.0,2.0,347.4109589041096,0.8561643835616438,0.0136986301369863,9.0,2025-09-22,0
029C03C2BF19,0.0,0.0,0.0,191.57051282051282,0.6089743589743589,0.0,0.0,2025-09-22,0
029DA26B1A92,3.0,1.0,0.0,28.890243902439025,0.07317073170731707,0.0,4.0,2025-09-22,0
02A80292CB97,3.0,0.0,0.0,18.433962264150942,0.0880503144654088,0.0,3.0,2025-09-22,0
02B5C5ADC792,2.0,3.0,0.0,536.2361111111111,0.2569444444444444,0.0,5.0,2025-09-22,0
02B742646A0E,4.0,0.0,1.0,98.00641025641026,0.1346153846153846,0.00641025641025641,5.0,2025-09-22,0
02BAD919855D,1.0,0.0,0.0,97.99328859060402,0.14093959731543623,0.0,1.0,2025-09-22,0
02BD26A4C3A0,1.0,4.0,0.0,96.23030303030303,0.024242424242424242,0.0,5.0,2025-09-22,0
02C0F45F31E7,0.0,0.0,1.0,321200.4285714286,54.535714285714285,0.03571428571428571,1.0,2025-09-22,0
02CFFA3A3F35,0.0,1.0,0.0,2.8545454545454545,0.006060606060606061,0.0,1.0,2025-09-22,0
02D49A34B2FE,2.0,4.0,7.0,122.83571428571429,0.25,0.05,13.0,2025-09-22,0
02D4DFEF402A,4.0,1.0,0.0,17.11464968152866,0.31210191082802546,0.0,5.0,2025-09-22,0
02D7623552C8,0.0,0.0,0.0,7756.213483146067,4.629213483146067,0.8089887640449438,0.0,2025-09-22,0
02DC03A0F1E6,0.0,6.0,0.0,18.846625766871167,0.03680981595092025,0.0,6.0,2025-09-22,0
02E12310186C,4.0,18.0,1.0,349.0855263157895,0.125,0.006578947368421052,23.0,2025-09-22,0
02EBC6CD4398,1.0,6.0,0.0,17.849056603773583,0.03773584905660377,0.0,7.0,2025-09-22,0
02F093C88F2E,1.0,8.0,0.0,27.2,0.05161290322580645,0.0,9.0,2025-09-22,0
02F18EEE028A,5.0,2.0,0.0,68.96026490066225,0.10596026490066225,0.0,7.0,2025-09-22,0
02F56F7C8E0B,0.0,1.0,0.0,18.92156862745098,0.006535947712418301,0.0,1.0,2025-09-22,0
02F5CE7705EC,4.0,3.0,9.0,43952.51162790698,25.267441860465116,0.12790697674418605,16.0,2025-09-22,0
02F98EB34A7A,2.0,5.0,0.0,15.37125748502994,0.029940119760479042,0.0,7.0,2025-09-22,0
02FBDD4A2C43,0.0,0.0,0.0,394.900826446281,0.14049586776859505,0.0,0.0,2025-09-22,0
060C5773A61B,3.0,1.0,0.0,885.3455882352941,1.0073529411764706,0.0,4.0,2025-09-22,0
060EE3CB4779,0.0,0.0,0.0,102.72784810126582,0.2721518987341772,0.0,0.0,2025-09-22,0
06132D7396F8,3.0,3.0,0.0,651.4589041095891,0.8424657534246576,0.0,6.0,2025-09-22,0
0616F247083A,3.0,2.0,0.0,70.31372549019608,0.09803921568627451,0.0,5.0,2025-09-22,0
061A4322745C,0.0,4.0,2.0,152.1048951048951,0.27972027972027974,0.013986013986013986,6.0,2025-09-22,0
06238EE3BE6C,4.0,3.0,0.0,89.66887417218543,0.152317880794702,0.0,7.0,2025-09-22,0
062EA113798F,2.0,12.0,3.0,58.364197530864196,0.07407407407407407,0.018518518518518517,17.0,2025-09-22,0
0634F78DB4C5,2.0,1.0,0.0,365.5038167938931,0.6183206106870229,0.0,3.0,2025-09-22,0
0639EA5602C1,0.0,1.0,0.0,10.865853658536585,0.006097560975609756,0.0,1.0,2025-09-22,0
0644582257D9,5.0,2.0,0.0,357.9714285714286,0.18571428571428572,0.0,7.0,2025-09-22,0
064AED1EC0AA,3.0,0.0,5.0,70.64028776978417,0.07194244604316546,0.03597122302158273,8.0,2025-09-22,0
064BE19B0A9E,1.0,3.0,0.0,70.1875,0.01875,0.0,4.0,2025-09-22,0
064C94C771EC,1.0,1.0,0.0,63.355421686746986,0.006024096385542169,0.0,2.0,2025-09-22,0
064E66B5367B,3.0,3.0,0.0,290.0331125827815,0.5298013245033113,0.0,6.0,2025-09-22,0
06509A84E873,2.0,0.0,0.0,5.807453416149069,0.09316770186335403,0.0,2.0,2025-09-22,0
065B928716CD,1.0,2.0,1.0,2219.0714285714284,2.515873015873016,0.007936507936507936,4.0,2025-09-22,0
065C003A8D0C,1.0,1.0,5.0,1058.6484375,1.5546875,0.0390625,7.0,2025-09-22,0
066430BA5119,1.0,3.0,0.0,21.699386503067483,0.018404907975460124,0.0,4.0,2025-09-22,0
0665C3FE6D67,1.0,4.0,1.0,55.657534246575345,0.0273972602739726,0.00684931506849315,6.0,2025-09-22,0
06711BE6AD2A,3.0,10.0,1.0,137.79375,0.0625,0.00625,14.0,2025-09-22,0
06787526FEB3,0.0,0.0,2.0,13480.345238095239,10.976190476190476,0.023809523809523808,2.0,2025-09-22,0
0683D2A8DA42,2.0,6.0,0.0,60.9390243902439,0.036585365853658534,0.0,8.0,2025-09-22,0
068553B3AA23,3.0,8.0,1.0,55.86274509803921,0.05228758169934641,0.006535947712418301,12.0,2025-09-22,0
0687F36E02C6,0.0,2.0,0.0,24.732919254658384,0.11801242236024845,0.0,2.0,2025-09-22,0
06903F988F32,0.0,0.0,0.0,4616.427272727273,9.045454545454545,2.790909090909091,0.0,2025-09-22,0
0693096C4C42,3.0,6.0,0.0,335.07894736842104,0.039473684210526314,0.0,9.0,2025-09-22,0
069357B9F15F,0.0,1.0,2.0,47.65806451612903,0.23225806451612904,0.012903225806451613,3.0,2025-09-22,0
06981FD8AA87,3.0,1.0,2.0,303.1233766233766,0.11038961038961038,0.012987012987012988,6.0,2025-09-22,0
069A98DEEB1D,2.0,0.0,1.0,235.60283687943263,0.524822695035461,0.0070921985815602835,3.0,2025-09-22,0
06AA1DE70CBF,0.0,3.0,0.0,18.03472222222222,0.020833333333333332,0.0,3.0,2025-09-22,0
06AAA28A5D6B,1.0,2.0,0.0,178.46835443037975,0.012658227848101266,0.0,3.0,2025-09-22,0
06AEE181F595,1.0,0.0,0.0,3490.1311475409834,1.6475409836065573,0.0,1.0,2025-09-22,0
06B162DC93E3,0.0,1.0,0.0,2.627329192546584,0.006211180124223602,0.0,1.0,2025-09-22,0
06B641B75B29,0.0,0.0,0.0,3943.4285714285716,5.785714285714286,0.49107142857142855,0.0,2025-09-22,0
06C0D5E3BCDB,0.0,0.0,0.0,124.08843537414965,0.09523809523809523,0.0,0.0,2025-09-22,0
06C0F27E810B,4.0,1.0,0.0,130.37579617834396,0.20382165605095542,0.0,5.0,2025-09-22,0
06C67619095C,1.0,1.0,0.0,196.88679245283018,0.006289308176100629,0.0,2.0,2025-09-22,0
06C77FEA9550,3.0,0.0,2.0,201.63815789473685,0.5263157894736842,0.013157894736842105,5.0,2025-09-22,0
06C98DF4F0FA,1.0,1.0,0.0,45.166666666666664,0.006172839506172839,0.0,2.0,2025-09-22,0
06CE0F3CFB3C,0.0,0.0,0.0,355.0268456375839,0.10738255033557047,0.0,0.0,2025-09-22,0
06D0342253A0,0.0,12.0,0.0,42.859872611464965,0.08280254777070063,0.0,12.0,2025-09-22,0
06D388A19D5D,2.0,2.0,1.0,9.018867924528301,0.14465408805031446,0.006289308176100629,5.0,2025-09-22,0
06D6B7018E15,5.0,13.0,0.0,113.01898734177215,0.08227848101265822,0.0,18.0,2025-09-22,0
06D7F6C73E0C,0.0,0.0,0.0,0.0,0.0,0.0,0.0,2025-09-22,0
06D84598CCB4,4.0,11.0,0.0,145.7987804878049,0.06707317073170732,0.0,15.0,2025-09-22,0
06DAF11BD38F,4.0,12.0,0.0,41.452229299363054,0.07643312101910828,0.0,16.0,2025-09-22,0
06DF118D7989,3.0,1.0,10.0,351.255033557047,0.40939597315436244,0.06711409395973154,14.0,2025-09-22,0
06EA136A2996,1.0,3.0,0.0,39.828220858895705,0.018404907975460124,0.0,4.0,2025-09-22,0
06EDBAE64B57,1.0,1.0,0.0,18.624242424242425,0.006060606060606061,0.0,2.0,2025-09-22,0
06EEBD283262,0.0,0.0,0.0,0.0,0.0,0.0,0.0,2025-09-22,0
06EFD61B80ED,1.0,4.0,0.0,18.20245398773006,0.024539877300613498,0.0,5.0,2025-09-22,0
06F2469B50EF,3.0,3.0,3.0,150.4437086092715,0.019867549668874173,0.019867549668874173,9.0,2025-09-22,0
06F2CDBD2C41,3.0,9.0,8.0,2262.95,1.2166666666666666,0.06666666666666667,20.0,2025-09-22,0
06F40EA87663,6.0,8.0,2.0,68.15189873417721,0.05063291139240506,0.012658227848101266,16.0,2025-09-22,0
06F49BD8F572,5.0,11.0,8.0,20916.58823529412,3.75,0.8970588235294118,24.0,2025-09-22,0
06FDA7D7B22A,0.0,3.0,0.0,10.642424242424243,0.01818181818181818,0.0,3.0,2025-09-22,0
06FFEC2EFA5E,3.0,1.0,1.0,170.97163120567376,0.3829787234042553,0.0070921985815602835,5.0,2025-09-22,0
0A0B47664A85,4.0,2.0,0.0,38.714285714285715,0.18012422360248448,0.0,6.0,2025-09-22,0
0A10201AFE0A,0.0,3.0,0.0,3.3374233128834354,0.018404907975460124,0.0,3.0,2025-09-22,0
0A1037E90A63,2.0,4.0,0.0,123.8433734939759,0.024096385542168676,0.0,6.0,2025-09-22,0
0A10A5A5056E,1.0,4.0,0.0,54.38509316770186,0.16770186335403728,0.0,5.0,2025-09-22,0
0A15BC628AFC,0.0,2.0,0.0,38.267515923566876,0.012738853503184714,0.0,2.0,2025-09-22,0
0A182EFD3C61,3.0,0.0,5.0,189.79365079365078,0.9682539682539683,0.047619047619047616,8.0,2025-09-22,0
0A184A2E46B7,0.0,0.0,0.0,11203.47572815534,26.640776699029125,0.0,0.0,2025-09-22,0
0A19C62F4F6D,0.0,0.0,0.0,132.39097744360902,0.24060150375939848,0.0,0.0,2025-09-22,0
0A1FB1C98A92,13.0,15.0,0.0,2241.589552238806,1.1194029850746268,0.0,28.0,2025-09-22,0
0A23474F1944,1.0,2.0,0.0,10.772151898734178,0.10126582278481013,0.0,3.0,2025-09-22,0
0A25F6E3466C,0.0,0.0,0.0,3136.6976744186045,3.186046511627907,0.05813953488372093,0.0,2025-09-22,0
0A268A7E40CD,4.0,16.0,0.0,113.74193548387096,0.1032258064516129,0.0,20.0,2025-09-22,0
0A272C5A2C9B,0.0,0.0,0.0,0.0,0.0,0.0,0.0,2025-09-22,0
0A2778A31BE3,3.0,6.0,0.0,77.69736842105263,0.039473684210526314,0.0,9.0,2025-09-22,0
0A3528D089D9,1.0,7.0,0.0,17.00602409638554,0.04216867469879518,0.0,8.0,2025-09-22,0
0A3983033084,0.0,18.0,0.0,55.69281045751634,0.12418300653594772,0.0,18.0,2025-09-22,0
0A42B2DB6370,1.0,1.0,0.0,18.753012048192772,0.006024096385542169,0.0,2.0,2025-09-22,0
0A4673793B3E,1.0,8.0,0.0,18.176829268292682,0.04878048780487805,0.0,9.0,2025-09-22,0
0A485668F5C0,2.0,0.0,0.0,385.05,0.42142857142857143,0.0,2.0,2025-09-22,0
0A4C884F240A,1.0,3.0,2.0,217.97122302158274,0.49640287769784175,0.014388489208633094,6.0,2025-09-22,0
0A4E33E2692B,3.0,5.0,4.0,1171.2519083969466,0.9923664122137404,0.030534351145038167,12.0,2025-09-22,0
0A52DDE896BF,1.0,0.0,0.0,5620.636363636364,6.082644628099174,0.0,1.0,2025-09-22,0
0A55DA266F71,1.0,3.0,1.0,7.606451612903226,0.01935483870967742,0.0064516129032258064,5.0,2025-09-22,0
0A568E79FEF6,2.0,2.0,0.0,4.937106918238993,0.012578616352201259,0.0,4.0,2025-09-22,0
0A57338657F8,0.0,1.0,0.0,15.477124183006536,0.16339869281045752,0.0,1.0,2025-09-22,0
0A57A684E20B,1.0,4.0,0.0,38.666666666666664,0.025157232704402517,0.0,5.0,2025-09-22,0
0A5C1439B384,0.0,2.0,0.0,39.30434782608695,0.018633540372670808,0.0,2.0,2025-09-22,0
0A5D017E401E,10.0,11.0,0.0,4229.537878787879,1.106060606060606,0.0,21.0,2025-09-22,0
0A5E96449374,5.0,3.0,7.0,2356.561403508772,1.6666666666666667,0.07017543859649122,15.0,2025-09-22,0
0A61E3165158,0.0,0.0,1.0,32.391304347826086,0.14285714285714285,0.006211180124223602,1.0,2025-09-22,0
0A62EECEEBD1,3.0,5.0,0.0,59.6566265060241,0.030120481927710843,0.0,8.0,2025-09-22,0
0A6324E3E043,3.0,11.0,2.0,117.24358974358974,0.07051282051282051,0.01282051282051282,16.0,2025-09-22,0
0A6390E0FBA4,5.0,3.0,0.0,2734.3418803418804,3.0854700854700856,0.0,8.0,2025-09-22,0
0A663B6B4B28,1.0,0.0,0.0,842.796178343949,2.8980891719745223,0.0,1.0,2025-09-22,0
0A682ED9C6DD,1.0,0.0,0.0,624.4253731343283,0.13432835820895522,0.03731343283582089,1.0,2025-09-22,0
0A68A2032450,9.0,3.0,0.0,2486.52688172043,0.7956989247311828,0.0,12.0,2025-09-22,0
0A68DF0B3D07,0.0,10.0,0.0,34.7875,0.075,0.0,10.0,2025-09-22,0
0A68F38A6ACF,3.0,1.0,7.0,19363.08,2.6,0.8133333333333334,11.0,2025-09-22,0
0A6C571A1550,2.0,3.0,0.0,19.734567901234566,0.018518518518518517,0.0,5.0,2025-09-22,0
0A6D3595373D,2.0,5.0,1.0,21.170731707317074,0.03048780487804878,0.006097560975609756,8.0,2025-09-22,0
0A6DA0C82CCB,0.0,1.0,0.0,49.617283950617285,0.006172839506172839,0.0,1.0,2025-09-22,0
0A71A6F9D6C6,1.0,11.0,0.0,74.24375,0.075,0.0,12.0,2025-09-22,0
0A78FAF47B00,2.0,1.0,1.0,106.19254658385093,0.18012422360248448,0.006211180124223602,4.0,2025-09-22,0
0A7AAFDD9E11,0.0,1.0,0.0,633.6712328767123,0.15753424657534246,0.0,1.0,2025-09-22,0
0A7AC5BDAF86,9.0,5.0,9.0,351.6857142857143,0.20714285714285716,0.07142857142857142,23.0,2025-09-22,0
0A800188C20F,0.0,15.0,1.0,118.91558441558442,0.09740259740259741,0.006493506493506494,16.0,2025-09-22,0
0A8407CF4D85,1.0,3.0,0.0,15.144654088050315,0.018867924528301886,0.0,4.0,2025-09-22,0
0A87B8C2734F,1.0,1.0,1.0,57.74666666666667,0.12,0.006666666666666667,3.0,2025-09-22,0
0A8EA87BB037,3.0,4.0,0.0,90.23899371069183,0.16981132075471697,0.0,7.0,2025-09-22,0
0A9547C11A56,3.0,2.0,0.0,35.1125,0.1,0.0,5.0,2025-09-22,0
0A96EACD8070,0.0,0.0,0.0,1831.3030303030303,3.227272727272727,0.03787878787878788,0.0,2025-09-22,0
0A974F5D7D8C,0.0,0.0,0.0,194.47972972972974,0.22972972972972974,0.04054054054054054,0.0,2025-09-22,0
0A9A3BFD6C9B,6.0,0.0,0.0,66.05128205128206,0.3782051282051282,0.0,6.0,2025-09-22,0
0AA18F330F59,6.0,0.0,5.0,157734.86363636365,48.88636363636363,0.11363636363636363,11.0,2025-09-22,0
0AA2818A7B27,1.0,1.0,0.0,264.35625,0.00625,0.0,2.0,2025-09-22,0
0AA296FF247D,4.0,2.0,3.0,221.98648648648648,0.13513513513513514,0.02027027027027027,9.0,2025-09-22,0
0AA2F2CAB50B,12.0,10.0,0.0,8398.336538461539,10.971153846153847,0.0,22.0,2025-09-22,1
0AA3F18DE550,1.0,6.0,1.0,12.993506493506494,0.03896103896103896,0.006493506493506494,8.0,2025-09-22,0
0AA473D2FC17,5.0,10.0,11.0,934.410071942446,0.4316546762589928,0.07913669064748201,26.0,2025-09-22,0
0AA4B065E5A5,6.0,6.0,17.0,5143.344,1.304,0.168,29.0,2025-09-22,0
0AA9051FFFFA,1.0,1.0,0.0,63.660377358490564,0.006289308176100629,0.0,2.0,2025-09-22,0
0AB410184143,0.0,0.0,0.0,0.0,0.0,0.0,0.0,2025-09-22,0
0AB5F9C21BF8,4.0,4.0,4.0,263.375,0.46710526315789475,0.02631578947368421,12.0,2025-09-22,0
0AB6B45C775A,0.0,0.0,0.0,459.91735537190084,1.0743801652892562,0.024793388429752067,0.0,2025-09-22,0
0AB97B7632EB,0.0,0.0,0.0,0.0,0.0,0.0,0.0,2025-09-22,0
0ABC8E60F4C1,3.0,1.0,1.0,351.09859154929575,0.09859154929577464,0.007042253521126761,5.0,2025-09-22,0
0ABD2E513F79,0.0,0.0,2.0,410.3945578231293,0.1836734693877551,0.013605442176870748,2.0,2025-09-22,0
0ABE42BE4165,2.0,1.0,0.0,40.0125786163522,0.11320754716981132,0.0,3.0,2025-09-22,0
0AC437023B18,0.0,2.0,0.0,0.4161490683229814,0.012422360248447204,0.0,2.0,2025-09-22,0
0AD276FC5E27,0.0,0.0,0.0,253.62043795620437,0.25547445255474455,0.0,0.0,2025-09-22,0
0AD2C92E9756,1.0,1.0,0.0,15.459627329192546,0.006211180124223602,0.0,2.0,2025-09-22,0
0ADD02AB693D,6.0,16.0,0.0,146.77551020408163,0.12244897959183673,0.0,22.0,2025-09-22,0
0AE03793586F,2.0,5.0,0.0,193.6078431372549,0.032679738562091505,0.0,7.0,2025-09-22,0
0AE21E7A17E4,1.0,5.0,0.0,90.27777777777777,0.30246913580246915,0.0,6.0,2025-09-22,0
0AE6BF39C720,1.0,3.0,0.0,29.628205128205128,0.20512820512820512,0.0,4.0,2025-09-22,0
0AEF10F3A994,4.0,21.0,0.0,70.33544303797468,0.13291139240506328,0.0,25.0,2025-09-22,0
0AF1F0E3B640,1.0,5.0,0.0,490.6687898089172,0.03821656050955414,0.0,6.0,2025-09-22,0
0AF51D7D0F73,3.0,2.0,0.0,445.76223776223776,0.35664335664335667,0.0,5.0,2025-09-22,0
0AF8DCB98E4B,3.0,5.0,0.0,273.8079470198675,0.271523178807947,0.0,8.0,2025-09-22,0
0AF9846E92DD,0.0,0.0,0.0,435.032,0.32,0.0,0.0,2025-09-22,0
0AFB7B311996,0.0,5.0,1.0,38.75625,0.03125,0.00625,6.0,2025-09-22,0
0AFE702BB093,3.0,2.0,5.0,1122.1344537815125,2.8487394957983194,0.04201680672268908,10.0,2025-09-22,0
0AFFC263C0D9,3.0,0.0,3.0,50156.21568627451,8.372549019607844,3.0,6.0,2025-09-22,0
0E03D8F69853,7.0,5.0,0.0,14710.733333333334,6.733333333333333,0.0,12.0,2025-09-22,1
0E0A8D6EB6B9,1.0,3.0,0.0,260.46666666666664,0.15333333333333332,0.0,4.0,2025-09-22,0
0E0C3EB7915D,3.0,3.0,0.0,21.483660130718953,0.13071895424836602,0.0,6.0,2025-09-22,0
0E0E2996F51A,0.0,2.0,2.0,180.5,0.3717948717948718,0.01282051282051282,4.0,2025-09-22,0
0E113B01A9A2,1.0,4.0,0.0,12.487654320987655,0.024691358024691357,0.0,5.0,2025-09-22,0
0E11F69747A8,1.0,2.0,1.0,69.43558282208589,0.012269938650306749,0.006134969325153374,4.0,2025-09-22,0
0E121B6B8661,0.0,1.0,3.0,11.265822784810126,0.04430379746835443,0.0189873417721519,4.0,2025-09-22,0
0E1B6F4DBA34,5.0,9.0,1.0,202.74172185430464,0.6357615894039735,0.006622516556291391,15.0,2025-09-22,0
0E1C622E61BC,1.0,5.0,0.0,32.58,0.03333333333333333,0.0,6.0,2025-09-22,0
0E1D7CA1DB0C,1.0,1.0,0.0,42.33536585365854,0.11585365853658537,0.0,2.0,2025-09-22,0
0E21C239D865,5.0,7.0,1.0,149.38364779874215,0.0440251572327044,0.006289308176100629,13.0,2025-09-22,0
0E2575C7EE05,1.0,0.0,2.0,139.84177215189874,0.12658227848101267,0.012658227848101266,3.0,2025-09-22,0
0E2728C481CA,4.0,1.0,7.0,459.5777777777778,0.7185185185185186,0.05185185185185185,12.0,2025-09-22,0
0E293C5E4650,2.0,2.0,0.0,63.72784810126582,0.10126582278481013,0.0,4.0,2025-09-22,0
0E2DEE345837,2.0,4.0,0.0,73.35975609756098,0.024390243902439025,0.0,6.0,2025-09-22,0
0E31C429C185,1.0,1.0,0.0,62.05095541401274,0.006369426751592357,0.0,2.0,2025-09-22,0
0E34282F4B53,1.0,7.0,1.0,122.04458598726114,0.044585987261146494,0.006369426751592357,9.0,2025-09-22,0
0E3D06A07E94,2.0,3.0,1.0,1793.984375,2.4765625,0.0078125,6.0,2025-09-22,0
0E3D96237639,10.0,19.0,0.0,180.26315789473685,0.13157894736842105,0.0,29.0,2025-09-22,0
0E41CF7F74D5,3.0,3.0,0.0,41.76543209876543,0.2037037037037037,0.0,6.0,2025-09-22,0
0E462188408C,2.0,2.0,0.0,25.547169811320753,1.0251572327044025,0.0,4.0,2025-09-22,0
0E4CE5FB4405,2.0,0.0,0.0,213.19310344827585,0.4206896551724138,0.0,2.0,2025-09-22,0
0E50A5B2E5C4,3.0,4.0,0.0,39.0875,0.025,0.0,7.0,2025-09-22,0
0E543D410B0C,3.0,4.0,0.0,33.09036144578313,0.024096385542168676,0.0,7.0,2025-09-22,0
0E55F28AB569,3.0,6.0,0.0,33.84276729559748,0.03773584905660377,0.0,9.0,2025-09-22,0
0E5A9CEA8093,2.0,0.0,0.0,51.29192546583851,0.10559006211180125,0.0,2.0,2025-09-22,0
0E5CD9B19DCB,3.0,4.0,0.0,139.21656050955414,0.025477707006369428,0.0,7.0,2025-09-22,0
0E5DFCF65AD4,1.0,4.0,0.0,20.48148148148148,0.024691358024691357,0.0,5.0,2025-09-22,0
0E61D34F9993,3.0,1.0,9.0,1723.5877192982457,1.0789473684210527,0.10526315789473684,13.0,2025-09-22,0
0E69783262BE,7.0,0.0,1.0,126.64150943396227,0.0880503144654088,0.006289308176100629,8.0,2025-09-22,0
0E69C64B6E57,2.0,7.0,0.0,51.062893081761004,0.050314465408805034,0.0,9.0,2025-09-22,0
0E6A7794AFC7,0.0,1.0,0.0,13.049382716049383,0.006172839506172839,0.0,1.0,2025-09-22,0
0E6ACE6D3146,1.0,4.0,0.0,18.11949685534591,0.18867924528301888,0.0,5.0,2025-09-22,0
0E6D2CBAED41,3.0,1.0,3.0,1260.0375939849623,2.075187969924812,0.022556390977443608,7.0,2025-09-22,0
0E752F1B295C,0.0,0.0,0.0,4144.969465648855,3.1755725190839694,0.08396946564885496,0.0,2025-09-22,0
0E7A8A5414C2,3.0,4.0,1.0,100.29936305732484,0.2484076433121019,0.006369426751592357,8.0,2025-09-22,0
0E892C46A442,6.0,3.0,0.0,52.617834394904456,1.0955414012738853,0.0,9.0,2025-09-22,0
0E89F7D5B5BD,2.0,0.0,5.0,97.78666666666666,0.35333333333333333,0.04,7.0,2025-09-22,0
0E8B8566815B,6.0,1.0,0.0,269.67973856209153,0.13725490196078433,0.0,7.0,2025-09-22,0
0E8CF9CA526F,1.0,2.0,0.0,10.491017964071856,0.017964071856287425,0.0,3.0,2025-09-22,0
0E8F36DAB9C2,2.0,4.0,2.0,1054.8431372549019,0.8529411764705882,0.0196078431372549,8.0,2025-09-22,0
0E9761D8EB58,1.0,0.0,4.0,100232.32258064517,55.0,1.064516129032258,5.0,2025-09-22,0
0E9A30D927A5,2.0,1.0,3.0,71.3312101910828,0.14012738853503184,0.01910828025477707,6.0,2025-09-22,0
0E9DC914D8DF,1.0,1.0,1.0,3.55,0.00625,0.00625,3.0,2025-09-22,0
0EA0447DA91C,3.0,3.0,0.0,3197.3821138211383,3.975609756097561,0.0,6.0,2025-09-22,0
0EA22CFA3A24,1.0,1.0,0.0,130.72847682119206,0.24503311258278146,0.0,2.0,2025-09-22,0
0EA52A2A7581,8.0,5.0,5.0,285.8623188405797,0.35507246376811596,0.036231884057971016,18.0,2025-09-22,0
0EAEFEAEFB09,9.0,0.0,0.0,51.537974683544306,0.46835443037974683,0.0,9.0,2025-09-22,0
0EB04F2114F4,1.0,1.0,0.0,167.70807453416148,0.006211180124223602,0.0,2.0,2025-09-22,0
0EB6B31D8AFB,2.0,2.0,0.0,17.01840490797546,0.012269938650306749,0.0,4.0,2025-09-22,0
0EBF1B27CDE1,3.0,2.0,0.0,157.43835616438355,0.4246575342465753,0.0,5.0,2025-09-22,0
0EC8A35D0C20,0.0,0.0,0.0,132.87417218543047,0.052980132450331126,0.0,0.0,2025-09-22,0
0ED0849FD6D8,3.0,0.0,1.0,369.4927536231884,0.2971014492753623,0.007246376811594203,4.0,2025-09-22,0
0ED1E9DBD593,1.0,0.0,1.0,612.1653543307086,0.44881889763779526,0.007874015748031496,2.0,2025-09-22,0
0ED4052A2763,3.0,5.0,0.0,202.90853658536585,0.036585365853658534,0.0,8.0,2025-09-22,0
0ED5057ECE3F,0.0,1.0,6.0,1630.8333333333333,1.8095238095238095,0.1984126984126984,7.0,2025-09-22,0
0EDC7177CCA9,2.0,3.0,1.0,93.45394736842105,0.019736842105263157,0.006578947368421052,6.0,2025-09-22,0
0EE071F7B24A,5.0,27.0,2.0,1318.1407407407407,0.21481481481481482,0.014814814814814815,34.0,2025-09-22,0
0EE09EDA649F,4.0,5.0,0.0,157.5034965034965,0.03496503496503497,0.0,9.0,2025-09-22,0
0EE317BA7C52,2.0,6.0,6.0,5670.586206896552,2.810344827586207,1.0344827586206897,14.0,2025-09-22,0
0EE51B79E853,4.0,12.0,0.0,64.0248447204969,0.07453416149068323,0.0,16.0,2025-09-22,0
0EE78E4317BB,2.0,1.0,1.0,56.56,0.09333333333333334,0.006666666666666667,4.0,2025-09-22,0
0EE9497950EE,4.0,5.0,0.0,76.00645161290322,0.44516129032258067,0.0,9.0,2025-09-22,0
0EEA98D1BFDB,0.0,12.0,0.0,21.30674846625767,0.0736196319018405,0.0,12.0,2025-09-22,0
0EECB108FF91,3.0,4.0,0.0,60.331288343558285,0.49693251533742333,0.0,7.0,2025-09-22,0
0EF023E6452D,0.0,4.0,5.0,167.04895104895104,0.1958041958041958,0.17482517482517482,9.0,2025-09-22,0
0EF08481B333,0.0,8.0,0.0,12.229813664596273,0.049689440993788817,0.0,8.0,2025-09-22,0
0EF437108E63,7.0,11.0,1.0,36316.13725490196,6.294117647058823,0.0196078431372549,19.0,2025-09-22,0
0EF47B410B41,0.0,7.0,0.0,14.119496855345911,0.0440251572327044,0.0,7.0,2025-09-22,0
0EFD600E2623,2.0,5.0,0.0,97.70731707317073,0.03048780487804878,0.0,7.0,2025-09-22,0
0202CB0A6B1F,2.0,2.0,0.0,137.06832298136646,0.16770186335403728,0.0,4.0,2025-09-29,0
02043B6BA08B,1.0,4.0,1.0,12.11038961038961,0.025974025974025976,0.006493506493506494,6.0,2025-09-29,0
02075B45BF24,3.0,2.0,1.0,1059.928057553957,0.2805755395683453,0.4028776978417266,6.0,2025-09-29,0
02091DF7CCB8,2.0,0.0,0.0,18156.954022988506,7.494252873563219,1.2183908045977012,2.0,2025-09-29,0
02097AB58D3C,3.0,6.0,0.0,51.18238993710692,0.03773584905660377,0.0,9.0,2025-09-29,0
020CC6FB9659,3.0,5.0,1.0,367.7631578947368,0.5986842105263158,0.006578947368421052,9.0,2025-09-29,0
02132677328F,3.0,1.0,4.0,21934.28205128205,3.0384615384615383,0.05128205128205128,8.0,2025-09-29,1
02142F017781,1.0,1.0,0.0,64.60493827160494,0.006172839506172839,0.0,2.0,2025-09-29,0
02145826103B,1.0,3.0,0.0,85.95238095238095,0.3197278911564626,0.0,4.0,2025-09-29,0
0217820BFFB2,4.0,1.0,0.0,322.6328125,0.3359375,0.0,5.0,2025-09-29,0
021D82B56A3F,0.0,0.0,0.0,64.57333333333334,0.26,0.0,0.0,2025-09-29,0
02251388D3A2,2.0,3.0,0.0,130.19254658385094,0.018633540372670808,0.0,5.0,2025-09-29,0
0228A99EE35A,3.0,4.0,1.0,34.716981132075475,0.031446540880503145,0.006289308176100629,8.0,2025-09-29,0
022C6F326E3B,2.0,3.0,1.0,422.32394366197184,0.8450704225352113,0.007042253521126761,6.0,2025-09-29,0
022DB47C41AC,1.0,1.0,1.0,82.09032258064516,0.13548387096774195,0.0064516129032258064,3.0,2025-09-29,0
023015602FAA,1.0,2.0,0.0,38.987096774193546,0.012903225806451613,0.0,3.0,2025-09-29,0
0230D261A1CD,5.0,5.0,0.0,587.051094890511,0.30656934306569344,0.0,10.0,2025-09-29,0
0230EEF72435,3.0,1.0,0.0,64.30573248407643,1.0764331210191083,0.0,4.0,2025-09-29,0
02314F9A9168,2.0,7.0,0.0,19.048780487804876,0.042682926829268296,0.0,9.0,2025-09-29,0
023257D29366,2.0,5.0,0.0,35.607361963190186,0.03067484662576687,0.0,7.0,2025-09-29,0
023270320B57,2.0,1.0,0.0,81.53333333333333,0.9333333333333333,0.0,3.0,2025-09-29,0
02388A18854F,0.0,0.0,0.0,192.2826086956522,1.9057971014492754,0.09420289855072464,0.0,2025-09-29,0
0239AD51B7AF,5.0,3.0,0.0,176.78082191780823,0.5068493150684932,0.0,8.0,2025-09-29,0
023A663EFD87,2.0,3.0,0.0,138.09677419354838,0.41935483870967744,0.0,5.0,2025-09-29,0
023AD5204E1C,0.0,0.0,0.0,0.0,0.0,0.0,0.0,2025-09-29,0
023ADDDECF84,0.0,1.0,0.0,2464.330434782609,1.7304347826086957,0.0,1.0,2025-09-29,0
02423E0E6E9F,2.0,3.0,5.0,251.34666666666666,0.32666666666666666,0.03333333333333333,10.0,2025-09-29,0
024570739DE0,0.0,2.0,0.0,0.43373493975903615,0.012048192771084338,0.0,2.0,2025-09-29,0
02478CD90F3A,3.0,5.0,1.0,196.76351351351352,0.033783783783783786,0.006756756756756757,9.0,2025-09-29,0
024DD3A9ADCA,3.0,5.0,8.0,79.4391891891892,0.17567567567567569,0.05405405405405406,16.0,2025-09-29,0
024ED433BF7D,3.0,7.0,2.0,524.5447154471544,1.4065040650406504,0.016260162601626018,12.0,2025-09-29,0
0253BB40EDA6,0.0,2.0,0.0,4.539877300613497,0.012269938650306749,0.0,2.0,2025-09-29,0
0257E855DBCE,5.0,8.0,2.0,5002.25,1.7583333333333333,0.21666666666666667,15.0,2025-09-29,0
0259991BA036,10.0,12.0,9.0,393.5890410958904,0.5684931506849316,0.06164383561643835,31.0,2025-09-29,0
026A6007FA48,0.0,0.0,1.0,380.2364864864865,0.6418918918918919,0.006756756756756757,1.0,2025-09-29,0
027137436C87,3.0,11.0,0.0,28.650306748466257,0.06748466257668712,0.0,14.0,2025-09-29,0
0278E06A2F67,1.0,1.0,0.0,48.29032258064516,0.0064516129032258064,0.0,2.0,2025-09-29,0
0279D2AC6ACE,3.0,0.0,0.0,26.472049689440993,0.055900621118012424,0.0,3.0,2025-09-29,0
027B2DC4EA84,1.0,4.0,0.0,59.0125786163522,0.025157232704402517,0.0,5.0,2025-09-29,0
027D07FC97FC,0.0,1.0,0.0,173.1283783783784,0.0945945945945946,0.0,1.0,2025-09-29,0
027FE9CED489,4.0,1.0,0.0,98.21656050955414,0.7707006369426752,0.0,5.0,2025-09-29,0
028764AA026E,2.0,4.0,0.0,110.03048780487805,0.024390243902439025,0.0,6.0,2025-09-29,0
02892F51E1CB,5.0,1.0,0.0,3172.44262295082,3.6639344262295084,0.0,6.0,2025-09-29,0
0289694A6E5B,3.0,7.0,0.0,342.53146853146853,0.34265734265734266,0.0,10.0,2025-09-29,0
028B24EADDAD,6.0,0.0,1.0,81.32885906040268,0.15436241610738255,0.006711409395973154,7.0,2025-09-29,0
028CC0AE5719,1.0,1.0,0.0,44.79141104294479,0.09202453987730061,0.0,2.0,2025-09-29,0
0293918A963F,1.0,1.0,0.0,95.34131736526946,0.005988023952095809,0.0,2.0,2025-09-29,0
02980E461859,2.0,7.0,0.0,49.351851851851855,0.043209876543209874,0.0,9.0,2025-09-29,0
029A2B32D17E,2.0,1.0,0.0,437.53846153846155,1.2727272727272727,0.0,3.0,2025-09-29,0
029C03C2BF19,0.0,0.0,0.0,141.41558441558442,0.4805194805194805,0.0,0.0,2025-09-29,0
029DA26B1A92,3.0,1.0,0.0,34.472727272727276,0.09090909090909091,0.0,4.0,2025-09-29,0
02A80292CB97,4.0,1.0,0.0,37.603658536585364,0.10365853658536585,0.0,5.0,2025-09-29,0
02B5C5ADC792,3.0,1.0,0.0,493.3986013986014,0.2097902097902098,0.0,4.0,2025-09-29,0
02B742646A0E,2.0,3.0,1.0,80.68711656441718,0.15950920245398773,0.006134969325153374,6.0,2025-09-29,0
02BAD919855D,3.0,2.0,0.0,145.69387755102042,0.1360544217687075,0.0,5.0,2025-09-29,0
02BD26A4C3A0,2.0,4.0,0.0,145.50602409638554,0.024096385542168676,0.0,6.0,2025-09-29,0
02C0F45F31E7,0.0,0.0,0.0,411950.8,55.0,0.0,0.0,2025-09-29,0
02CFFA3A3F35,2.0,2.0,0.0,23.835365853658537,0.012195121951219513,0.0,4.0,2025-09-29,0
02D49A34B2FE,1.0,0.0,4.0,76.41221374045801,0.1450381679389313,0.030534351145038167,5.0,2025-09-29,0
02D4DFEF402A,0.0,1.0,0.0,12.801242236024844,0.2981366459627329,0.0,1.0,2025-09-29,0
02D7623552C8,0.0,0.0,0.0,4206.595959595959,3.6565656565656566,0.6060606060606061,0.0,2025-09-29,0
02DC03A0F1E6,1.0,8.0,0.0,77.52727272727273,0.048484848484848485,0.0,9.0,2025-09-29,0
02E12310186C,3.0,2.0,2.0,1171.2047244094488,0.1732283464566929,0.015748031496062992,7.0,2025-09-29,0
02EBC6CD4398,1.0,19.0,0.0,241.42857142857142,0.12987012987012986,0.0,20.0,2025-09-29,0
02F093C88F2E,2.0,13.0,0.0,51.140127388535035,0.08280254777070063,0.0,15.0,2025-09-29,0
02F18EEE028A,7.0,8.0,0.0,551.1928571428572,0.34285714285714286,0.0,15.0,2025-09-29,0
02F56F7C8E0B,0.0,0.0,0.0,0.0,0.0,0.0,0.0,2025-09-29,0
02F5CE7705EC,0.0,0.0,4.0,14844.764705882353,11.284313725490197,0.0392156862745098,4.0,2025-09-29,0
02F98EB34A7A,3.0,3.0,0.0,13.580246913580247,0.018518518518518517,0.0,6.0,2025-09-29,0
02FBDD4A2C43,0.0,0.0,0.0,337.12025316455697,0.0949367088607595,0.0,0.0,2025-09-29,0
060C5773A61B,6.0,3.0,0.0,1374.7786259541986,1.3206106870229009,0.0,9.0,2025-09-29,0
060EE3CB4779,4.0,1.0,1.0,174.40579710144928,0.37681159420289856,0.007246376811594203,6.0,2025-09-29,0
06132D7396F8,2.0,5.0,0.0,635.9241379310345,0.9448275862068966,0.0,7.0,2025-09-29,0
0616F247083A,8.0,0.0,0.0,184.79470198675497,0.11920529801324503,0.0,8.0,2025-09-29,0
061A4322745C,2.0,4.0,0.0,140.71140939597316,0.21476510067114093,0.0,6.0,2025-09-29,0
06238EE3BE6C,1.0,3.0,0.0,73.89240506329114,0.16455696202531644,0.0,4.0,2025-09-29,0
062EA113798F,2.0,9.0,0.0,38.44871794871795,0.07051282051282051,0.0,11.0,2025-09-29,0
0634F78DB4C5,4.0,1.0,0.0,530.3333333333334,0.7446808510638298,0.0,5.0,2025-09-29,0
0639EA5602C1,0.0,0.0,0.0,0.0,0.0,0.0,0.0,2025-09-29,0
0644582257D9,3.0,2.0,1.0,178.91034482758621,0.1724137931034483,0.006896551724137931,6.0,2025-09-29,0
064AED1EC0AA,3.0,0.0,4.0,82.76258992805755,0.08633093525179857,0.02877697841726619,7.0,2025-09-29,0
064BE19B0A9E,1.0,3.0,3.0,52.8343949044586,0.01910828025477707,0.01910828025477707,7.0,2025-09-29,0
064C94C771EC,0.0,0.0,0.0,0.0,0.0,0.0,0.0,2025-09-29,0
064E66B5367B,1.0,3.0,0.0,158.55844155844156,0.3961038961038961,0.0,4.0,2025-09-29,0
06509A84E873,2.0,2.0,2.0,7.203703703703703,0.1111111111111111,0.012345679012345678,6.0,2025-09-29,0
065B928716CD,0.0,0.0,5.0,904.796875,1.6640625,0.0390625,5.0,2025-09-29,0
065C003A8D0C,2.0,3.0,5.0,2605.8360655737706,1.8852459016393444,0.040983606557377046,10.0,2025-09-29,0
066430BA5119,2.0,3.0,0.0,46.04848484848485,0.01818181818181818,0.0,5.0,2025-09-29,0
0665C3FE6D67,2.0,4.0,0.0,75.4423076923077,0.02564102564102564,0.0,6.0,2025-09-29,0
06711BE6AD2A,2.0,5.0,0.0,71.98113207547169,0.031446540880503145,0.0,7.0,2025-09-29,0
06787526FEB3,0.0,0.0,0.0,6652.948979591837,7.071428571428571,0.0,0.0,2025-09-29,0
0683D2A8DA42,3.0,4.0,0.0,50.0,0.024390243902439025,0.0,7.0,2025-09-29,0
068553B3AA23,2.0,6.0,0.0,27.361290322580643,0.04516129032258064,0.0,8.0,2025-09-29,0
0687F36E02C6,2.0,2.0,0.0,55.339622641509436,0.1509433962264151,0.0,4.0,2025-09-29,0
0693096C4C42,1.0,1.0,0.0,157.1103448275862,0.006896551724137931,0.0,2.0,2025-09-29,0
069357B9F15F,1.0,2.0,2.0,40.16774193548387,0.25161290322580643,0.012903225806451613,5.0,2025-09-29,0
06981FD8AA87,1.0,0.0,9.0,225.86363636363637,0.1038961038961039,0.06493506493506493,10.0,2025-09-29,0
069A98DEEB1D,4.0,2.0,1.0,352.6521739130435,0.463768115942029,0.007246376811594203,7.0,2025-09-29,0
06AA1DE70CBF,3.0,4.0,0.0,109.26282051282051,0.02564102564102564,0.0,7.0,2025-09-29,0
06AAA28A5D6B,0.0,0.0,0.0,0.0,0.0,0.0,0.0,2025-09-29,0
06AEE181F595,0.0,0.0,0.0,1371.976377952756,1.110236220472441,0.0,0.0,2025-09-29,0
06B162DC93E3,0.0,0.0,0.0,0.0,0.0,0.0,0.0,2025-09-29,0
06B641B75B29,0.0,0.0,0.0,2329.146551724138,4.137931034482759,0.3620689655172414,0.0,2025-09-29,0
06C0D5E3BCDB,4.0,4.0,1.0,432.3061224489796,0.21768707482993196,0.006802721088435374,9.0,2025-09-29,0
06C0F27E810B,4.0,5.0,1.0,118.96913580246914,0.14814814814814814,0.006172839506172839,10.0,2025-09-29,0
06C67619095C,1.0,1.0,0.0,33.76875,0.00625,0.0,2.0,2025-09-29,0
06C77FEA9550,1.0,4.0,1.0,187.64900662251657,0.5960264900662252,0.006622516556291391,6.0,2025-09-29,0
06C98DF4F0FA,3.0,3.0,0.0,225.2085889570552,0.018404907975460124,0.0,6.0,2025-09-29,0
06CE0F3CFB3C,0.0,0.0,1.0,165.8724832214765,0.087248322147651,0.006711409395973154,1.0,2025-09-29,0
06D0342253A0,2.0,10.0,0.0,40.496855345911946,0.06289308176100629,0.0,12.0,2025-09-29,0
06D388A19D5D,5.0,2.0,1.0,20.781456953642383,0.17880794701986755,0.006622516556291391,8.0,2025-09-29,0
06D6B7018E15,0.0,6.0,0.0,15.936305732484076,0.044585987261146494,0.0,6.0,2025-09-29,0
06D7F6C73E0C,1.0,4.0,0.0,10.867924528301886,0.025157232704402517,0.0,5.0,2025-09-29,0
06D84598CCB4,1.0,11.0,0.0,262.90849673202615,0.0718954248366013,0.0,12.0,2025-09-29,0
06DAF11BD38F,4.0,14.0,0.0,63.12582781456954,0.09933774834437085,0.0,18.0,2025-09-29,0
06DF118D7989,6.0,1.0,3.0,412.67123287671234,0.589041095890411,0.0273972602739726,10.0,2025-09-29,0
06EA136A2996,3.0,4.0,1.0,119.4267515923567,0.025477707006369428,0.006369426751592357,8.0,2025-09-29,0
06EDBAE64B57,1.0,1.0,0.0,19.315151515151516,0.006060606060606061,0.0,2.0,2025-09-29,0
06EEBD283262,1.0,1.0,0.0,17.867924528301888,0.006289308176100629,0.0,2.0,2025-09-29,0
06EFD61B80ED,3.0,4.0,0.0,23.871951219512194,0.024390243902439025,0.0,7.0,2025-09-29,0
06F2469B50EF,3.0,9.0,3.0,319.60135135135135,0.060810810810810814,0.02027027027027027,15.0,2025-09-29,0
06F2CDBD2C41,7.0,8.0,7.0,6457.504761904762,2.6,0.06666666666666667,22.0,2025-09-29,0
06F40EA87663,6.0,12.0,1.0,150.01923076923077,0.07692307692307693,0.00641025641025641,19.0,2025-09-29,0
06F49BD8F572,1.0,0.0,0.0,8081.779220779221,2.0259740259740258,0.22077922077922077,1.0,2025-09-29,0
06FDA7D7B22A,1.0,2.0,0.0,10.793939393939393,0.012121212121212121,0.0,3.0,2025-09-29,0
06FFEC2EFA5E,3.0,0.0,0.0,211.76190476190476,0.3945578231292517,0.0,3.0,2025-09-29,0
0A0B47664A85,5.0,3.0,0.0,50.8109756097561,0.2804878048780488,0.0,8.0,2025-09-29,0
0A10201AFE0A,2.0,4.0,0.0,53.42142857142857,0.02857142857142857,0.0,6.0,2025-09-29,0
0A1037E90A63,0.0,0.0,0.0,0.0,0.0,0.0,0.0,2025-09-29,0
0A10A5A5056E,3.0,5.0,0.0,129.14556962025316,0.20253164556962025,0.0,8.0,2025-09-29,0
0A15BC628AFC,1.0,5.0,0.0,553.275,0.03125,0.0,6.0,2025-09-29,0
0A182EFD3C61,1.0,2.0,6.0,229.9264705882353,1.4558823529411764,0.04411764705882353,9.0,2025-09-29,0
0A184A2E46B7,2.0,0.0,0.0,18402.091743119265,31.889908256880734,0.0,2.0,2025-09-29,0
0A19C62F4F6D,0.0,0.0,0.0,167.57615894039736,0.25165562913907286,0.0,0.0,2025-09-29,0
0A1FB1C98A92,4.0,11.0,2.0,4924.612403100775,1.875968992248062,0.015503875968992248,17.0,2025-09-29,1
0A23474F1944,5.0,0.0,0.0,15.171779141104295,0.1165644171779141,0.0,5.0,2025-09-29,0
0A25F6E3466C,0.0,0.0,5.0,2026.1935483870968,2.6559139784946235,0.053763440860215055,5.0,2025-09-29,0
0A268A7E40CD,2.0,3.0,0.0,55.081761006289305,0.018867924528301886,0.0,5.0,2025-09-29,0
0A272C5A2C9B,2.0,3.0,1.0,45.33540372670807,0.018633540372670808,0.006211180124223602,6.0,2025-09-29,0
0A2778A31BE3,2.0,7.0,0.0,63.888888888888886,0.043209876543209874,0.0,9.0,2025-09-29,0
0A3528D089D9,4.0,10.0,0.0,32.423312883435585,0.06134969325153374,0.0,14.0,2025-09-29,0
0A3983033084,2.0,10.0,0.0,47.743589743589745,0.0641025641025641,0.0,12.0,2025-09-29,0
0A42B2DB6370,2.0,3.0,0.0,90.66871165644172,0.018404907975460124,0.0,5.0,2025-09-29,0
0A4673793B3E,1.0,4.0,0.0,7.506172839506172,0.024691358024691357,0.0,5.0,2025-09-29,0
0A485668F5C0,0.0,0.0,0.0,117.14685314685315,0.25874125874125875,0.0,0.0,2025-09-29,0
0A4C884F240A,5.0,4.0,0.0,371.84158415841586,0.6534653465346535,0.0,9.0,2025-09-29,0
0A4E33E2692B,6.0,13.0,20.0,16676.841463414636,5.719512195121951,0.2682926829268293,39.0,2025-09-29,1
0A52DDE896BF,2.0,1.0,0.0,7170.336134453782,5.621848739495798,0.0,3.0,2025-09-29,0
0A55DA266F71,2.0,6.0,0.0,7.24375,0.0375,0.0,8.0,2025-09-29,0
0A568E79FEF6,2.0,2.0,0.0,8.365853658536585,0.012195121951219513,0.0,4.0,2025-09-29,0
0A57338657F8,2.0,3.0,0.0,23.44375,0.175,0.0,5.0,2025-09-29,0
0A57A684E20B,3.0,4.0,0.0,31.354430379746834,0.03164556962025317,0.0,7.0,2025-09-29,0
0A5C1439B384,0.0,6.0,0.0,63.075949367088604,0.0379746835443038,0.0,6.0,2025-09-29,0
0A5D017E401E,10.0,10.0,1.0,29130.574468085106,3.8404255319148937,0.010638297872340425,21.0,2025-09-29,0
0A5E96449374,3.0,3.0,6.0,2400.714285714286,1.9047619047619047,0.05714285714285714,12.0,2025-09-29,0
0A61E3165158,5.0,4.0,1.0,43.441717791411044,0.15337423312883436,0.006134969325153374,10.0,2025-09-29,0
0A62EECEEBD1,1.0,2.0,1.0,27.57668711656442,0.012269938650306749,0.006134969325153374,4.0,2025-09-29,0
0A6324E3E043,5.0,14.0,4.0,180.43046357615893,0.09271523178807947,0.026490066225165563,23.0,2025-09-29,1
0A6390E0FBA4,2.0,2.0,0.0,2923.256880733945,3.3486238532110093,0.0,4.0,2025-09-29,0
0A663B6B4B28,3.0,1.0,2.0,748.2876712328767,2.9863013698630136,0.0136986301369863,6.0,2025-09-29,0
0A682ED9C6DD,0.0,0.0,0.0,213.6056338028169,0.176056338028169,0.02112676056338028,0.0,2025-09-29,0
0A68A2032450,9.0,6.0,3.0,5256.091954022989,1.3908045977011494,0.034482758620689655,18.0,2025-09-29,0
0A68DF0B3D07,2.0,13.0,0.0,32.88815789473684,0.09210526315789473,0.0,15.0,2025-09-29,0
0A68F38A6ACF,0.0,0.0,0.0,6954.707547169812,1.3867924528301887,0.22641509433962265,0.0,2025-09-29,0
0A6C571A1550,0.0,0.0,0.0,0.0,0.0,0.0,0.0,2025-09-29,0
0A6D3595373D,1.0,6.0,0.0,32.78181818181818,0.04242424242424243,0.0,7.0,2025-09-29,0
0A6DA0C82CCB,1.0,1.0,0.0,200.26060606060605,0.006060606060606061,0.0,2.0,2025-09-29,0
0A71A6F9D6C6,1.0,12.0,0.0,108.36075949367088,0.08227848101265822,0.0,13.0,2025-09-29,0
0A78FAF47B00,4.0,8.0,0.0,131.94155844155844,0.2597402597402597,0.0,12.0,2025-09-29,0
0A7AAFDD9E11,0.0,0.0,0.0,260.036231884058,0.12318840579710146,0.0,0.0,2025-09-29,0
0A7AC5BDAF86,13.0,5.0,7.0,2262.76,0.856,0.376,25.0,2025-09-29,0
0A800188C20F,0.0,9.0,0.0,68.01307189542484,0.0718954248366013,0.0,9.0,2025-09-29,0
0A8407CF4D85,3.0,8.0,0.0,56.949367088607595,0.05063291139240506,0.0,11.0,2025-09-29,0
0A87B8C2734F,1.0,3.0,1.0,31.0974025974026,0.09740259740259741,0.006493506493506494,5.0,2025-09-29,0
0A8EA87BB037,2.0,1.0,0.0,48.18012422360248,0.16770186335403728,0.0,3.0,2025-09-29,0
0A9547C11A56,1.0,1.0,0.0,17.903846153846153,0.08974358974358974,0.0,2.0,2025-09-29,0
0A96EACD8070,0.0,0.0,0.0,727.7746478873239,2.464788732394366,0.014084507042253521,0.0,2025-09-29,0
0A974F5D7D8C,0.0,2.0,0.0,56.62162162162162,0.16891891891891891,0.033783783783783786,2.0,2025-09-29,0
0A9A3BFD6C9B,3.0,0.0,0.0,40.73125,0.28125,0.0,3.0,2025-09-29,0
0AA18F330F59,1.0,0.0,1.0,65277.25,32.833333333333336,0.020833333333333332,2.0,2025-09-29,0
0AA2818A7B27,0.0,0.0,0.0,0.0,0.0,0.0,0.0,2025-09-29,0
0AA296FF247D,3.0,2.0,3.0,114.96026490066225,0.152317880794702,0.019867549668874173,8.0,2025-09-29,0
0AA2F2CAB50B,7.0,12.0,5.0,28698.975308641977,20.296296296296298,0.06172839506172839,24.0,2025-09-29,0
0AA3F18DE550,2.0,8.0,0.0,72.56962025316456,0.05063291139240506,0.0,10.0,2025-09-29,0
0AA473D2FC17,2.0,6.0,7.0,515.9166666666666,0.2847222222222222,0.05555555555555555,15.0,2025-09-29,0
0AA4B065E5A5,0.0,4.0,9.0,1580.4933333333333,0.8266666666666667,0.06,13.0,2025-09-29,0
0AA9051FFFFA,0.0,4.0,0.0,19.468354430379748,0.02531645569620253,0.0,4.0,2025-09-29,0
0AB410184143,0.0,0.0,0.0,0.0,0.0,0.0,0.0,2025-09-29,0
0AB5F9C21BF8,4.0,1.0,8.0,254.46308724832215,0.47651006711409394,0.053691275167785234,13.0,2025-09-29,0
0AB6B45C775A,0.0,0.0,3.0,133.6,0.6444444444444445,0.022222222222222223,3.0,2025-09-29,0
0AB97B7632EB,1.0,1.0,0.0,197.37125748502993,0.005988023952095809,0.0,2.0,2025-09-29,0
0ABC8E60F4C1,2.0,1.0,0.0,182.5820895522388,0.05970149253731343,0.0,3.0,2025-09-29,0
0ABD2E513F79,1.0,6.0,1.0,408.96026490066225,0.19205298013245034,0.006622516556291391,8.0,2025-09-29,0
0ABE42BE4165,1.0,0.0,0.0,10.144736842105264,0.05263157894736842,0.0,1.0,2025-09-29,0
0AC437023B18,4.0,4.0,0.0,4.596153846153846,0.02564102564102564,0.0,8.0,2025-09-29,0
0AD276FC5E27,1.0,3.0,0.0,181.020979020979,0.1958041958041958,0.0,4.0,2025-09-29,0
0AD2C92E9756,1.0,2.0,1.0,26.024844720496894,0.012422360248447204,0.006211180124223602,4.0,2025-09-29,0
0ADD02AB693D,0.0,3.0,0.0,32.62264150943396,0.08176100628930817,0.0,3.0,2025-09-29,0
0AE03793586F,1.0,3.0,0.0,473.74213836477986,0.018867924528301886,0.0,4.0,2025-09-29,0
0AE21E7A17E4,3.0,3.0,0.0,109.0516129032258,0.34838709677419355,0.0,6.0,2025-09-29,0
0AE6BF39C720,0.0,1.0,0.0,27.322981366459626,0.19875776397515527,0.0,1.0,2025-09-29,0
0AEF10F3A994,14.0,23.0,0.0,1098.1679389312976,0.6870229007633588,0.0,37.0,2025-09-29,0
0AF1F0E3B640,1.0,9.0,0.0,161.10625,0.05625,0.0,10.0,2025-09-29,0
0AF51D7D0F73,3.0,2.0,0.0,341.65562913907286,0.2847682119205298,0.0,5.0,2025-09-29,0
0AF8DCB98E4B,1.0,1.0,0.0,195.3221476510067,0.26174496644295303,0.0,2.0,2025-09-29,0
0AF9846E92DD,0.0,1.0,0.0,410.18897637795277,0.3228346456692913,0.0,1.0,2025-09-29,0
0AFB7B311996,2.0,5.0,0.0,118.70625,0.03125,0.0,7.0,2025-09-29,0
0AFE702BB093,3.0,3.0,5.0,1534.6764705882354,3.372549019607843,0.049019607843137254,11.0,2025-09-29,0
0AFFC263C0D9,0.0,0.0,0.0,24655.389830508473,4.728813559322034,1.5254237288135593,0.0,2025-09-29,0
0E03D8F69853,7.0,14.0,7.0,96584.4,20.573333333333334,0.09333333333333334,28.0,2025-09-29,0
0E0A8D6EB6B9,0.0,2.0,0.0,103.52941176470588,0.1568627450980392,0.0,2.0,2025-09-29,0
0E0C3EB7915D,2.0,1.0,0.0,21.115384615384617,0.1346153846153846,0.0,3.0,2025-09-29,0
0E0E2996F51A,5.0,1.0,0.0,176.54430379746836,0.24050632911392406,0.0,6.0,2025-09-29,0
0E113B01A9A2,1.0,4.0,0.0,10.25,0.024390243902439025,0.0,5.0,2025-09-29,0
0E11F69747A8,0.0,0.0,0.0,0.0,0.0,0.0,0.0,2025-09-29,0
0E121B6B8661,2.0,9.0,3.0,27.411392405063292,0.056962025316455694,0.0189873417721519,14.0,2025-09-29,0
0E1B6F4DBA34,2.0,0.0,1.0,131.23776223776224,0.5244755244755245,0.006993006993006993,3.0,2025-09-29,0
0E1C622E61BC,2.0,3.0,0.0,17.315436241610737,0.020134228187919462,0.0,5.0,2025-09-29,0
0E1D7CA1DB0C,2.0,2.0,0.0,51.34567901234568,0.15432098765432098,0.0,4.0,2025-09-29,0
0E21C239D865,2.0,4.0,0.0,29.83125,0.025,0.0,6.0,2025-09-29,0
0E2575C7EE05,2.0,2.0,1.0,390.2345679012346,0.14814814814814814,0.006172839506172839,5.0,2025-09-29,0
0E2728C481CA,2.0,0.0,7.0,443.54477611940297,0.8134328358208955,0.05223880597014925,9.0,2025-09-29,0
0E293C5E4650,3.0,4.0,0.0,121.29931972789116,0.1564625850340136,0.0,7.0,2025-09-29,0
0E2DEE345837,3.0,7.0,0.0,106.33333333333333,0.04242424242424243,0.0,10.0,2025-09-29,0
0E31C429C185,1.0,1.0,0.0,93.98039215686275,0.006535947712418301,0.0,2.0,2025-09-29,0
0E34282F4B53,3.0,6.0,1.0,90.66875,0.0375,0.00625,10.0,2025-09-29,0
0E3D06A07E94,5.0,2.0,3.0,3175.7398373983738,3.016260162601626,0.024390243902439025,10.0,2025-09-29,0
0E3D96237639,8.0,10.0,0.0,1728.1278195488721,0.43609022556390975,0.0,18.0,2025-09-29,1
0E41CF7F74D5,3.0,4.0,0.0,36.91139240506329,0.23417721518987342,0.0,7.0,2025-09-29,0
0E462188408C,3.0,3.0,0.0,19.414012738853504,0.9936305732484076,0.0,6.0,2025-09-29,0
0E4CE5FB4405,4.0,0.0,0.0,218.8835616438356,0.363013698630137,0.0,4.0,2025-09-29,0
0E50A5B2E5C4,1.0,3.0,0.0,81.45962732919254,0.018633540372670808,0.0,4.0,2025-09-29,0
0E543D410B0C,3.0,6.0,0.0,74.67484662576688,0.03680981595092025,0.0,9.0,2025-09-29,0
0E55F28AB569,0.0,2.0,0.0,7.279503105590062,0.012422360248447204,0.0,2.0,2025-09-29,0
0E5A9CEA8093,3.0,12.0,0.0,68.47826086956522,0.08074534161490683,0.0,15.0,2025-09-29,0
0E5CD9B19DCB,0.0,0.0,0.0,0.0,0.0,0.0,0.0,2025-09-29,0
0E5DFCF65AD4,0.0,1.0,0.0,1.1614906832298137,0.006211180124223602,0.0,1.0,2025-09-29,0
0E61D34F9993,4.0,5.0,5.0,2550.6666666666665,1.5648148148148149,0.046296296296296294,14.0,2025-09-29,0
0E69783262BE,5.0,1.0,0.0,145.13907284768212,0.11258278145695365,0.0,6.0,2025-09-29,0
0E69C64B6E57,6.0,10.0,0.0,129.2360248447205,0.07453416149068323,0.0,16.0,2025-09-29,0
0E6A7794AFC7,1.0,1.0,0.0,20.341463414634145,0.006097560975609756,0.0,2.0,2025-09-29,0
0E6ACE6D3146,4.0,4.0,0.0,35.93125,0.16875,0.0,8.0,2025-09-29,0
0E6D2CBAED41,3.0,2.0,5.0,1546.1653543307086,2.2913385826771653,0.03937007874015748,10.0,2025-09-29,0
0E752F1B295C,0.0,0.0,0.0,2396.3968253968255,2.5952380952380953,0.10317460317460317,0.0,2025-09-29,0
0E7A8A5414C2,2.0,4.0,2.0,108.87820512820512,0.2564102564102564,0.01282051282051282,8.0,2025-09-29,0
0E892C46A442,3.0,1.0,0.0,46.90184049079755,1.0429447852760736,0.0,4.0,2025-09-29,0
0E89F7D5B5BD,3.0,0.0,2.0,125.58940397350993,0.33774834437086093,0.013245033112582781,5.0,2025-09-29,0
0E8B8566815B,1.0,1.0,0.0,137.3221476510067,0.12751677852348994,0.0,2.0,2025-09-29,0
0E8CF9CA526F,4.0,5.0,0.0,15.944444444444445,0.030864197530864196,0.0,9.0,2025-09-29,0
0E8F36DAB9C2,1.0,1.0,3.0,992.7844827586207,0.7413793103448276,0.02586206896551724,5.0,2025-09-29,0
0E9761D8EB58,4.0,0.0,3.0,237503.7619047619,55.0,1.7619047619047619,7.0,2025-09-29,0
0E9A30D927A5,0.0,2.0,1.0,41.20134228187919,0.1342281879194631,0.006711409395973154,3.0,2025-09-29,0
0E9DC914D8DF,2.0,2.0,0.0,11.186335403726709,0.012422360248447204,0.0,4.0,2025-09-29,0
0EA0447DA91C,9.0,13.0,0.0,42702.74736842105,14.789473684210526,0.0,22.0,2025-09-29,0
0EA22CFA3A24,1.0,1.0,0.0,145.36129032258066,0.2967741935483871,0.0,2.0,2025-09-29,0
0EA52A2A7581,2.0,7.0,3.0,146.99305555555554,0.2777777777777778,0.020833333333333332,12.0,2025-09-29,0
0EAEFEAEFB09,3.0,2.0,1.0,36.30263157894737,0.4407894736842105,0.006578947368421052,6.0,2025-09-29,0
0EB04F2114F4,0.0,0.0,0.0,0.0,0.0,0.0,0.0,2025-09-29,0
0EB6B31D8AFB,3.0,6.0,0.0,121.78395061728395,0.037037037037037035,0.0,9.0,2025-09-29,0
0EBF1B27CDE1,2.0,5.0,0.0,168.23648648648648,0.4527027027027027,0.0,7.0,2025-09-29,0
0EC8A35D0C20,1.0,0.0,1.0,100.4267515923567,0.044585987261146494,0.006369426751592357,2.0,2025-09-29,0
0ED0849FD6D8,2.0,1.0,2.0,535.294964028777,0.4460431654676259,0.014388489208633094,5.0,2025-09-29,0
0ED1E9DBD593,0.0,1.0,0.0,421.57553956834533,0.41007194244604317,0.0,1.0,2025-09-29,0
0ED4052A2763,1.0,5.0,0.0,94.23780487804878,0.042682926829268296,0.0,6.0,2025-09-29,0
0ED5057ECE3F,3.0,1.0,1.0,1556.4173228346456,1.6535433070866141,0.16535433070866143,5.0,2025-09-29,0
0EDC7177CCA9,2.0,4.0,1.0,50.41104294478528,0.024539877300613498,0.006134969325153374,7.0,2025-09-29,0
0EE071F7B24A,3.0,2.0,0.0,465.6666666666667,0.12318840579710146,0.0,5.0,2025-09-29,0
0EE09EDA649F,5.0,7.0,0.0,238.0758620689655,0.05517241379310345,0.0,12.0,2025-09-29,0
0EE317BA7C52,4.0,8.0,5.0,16536.068965517243,6.051724137931035,3.6379310344827585,17.0,2025-09-29,0
0EE51B79E853,6.0,9.0,0.0,90.82278481012658,0.056962025316455694,0.0,15.0,2025-09-29,0
0EE78E4317BB,5.0,0.0,0.0,188.0728476821192,0.11920529801324503,0.0,5.0,2025-09-29,0
0EE9497950EE,3.0,2.0,0.0,90.05806451612904,0.5225806451612903,0.0,5.0,2025-09-29,0
0EEA98D1BFDB,3.0,8.0,0.0,23.74390243902439,0.04878048780487805,0.0,11.0,2025-09-29,0
0EECB108FF91,7.0,5.0,0.0,61.2625,0.50625,0.0,12.0,2025-09-29,0
0EF023E6452D,1.0,1.0,2.0,153.51333333333332,0.17333333333333334,0.13333333333333333,4.0,2025-09-29,0
0EF08481B333,1.0,7.0,0.0,17.5126582278481,0.04430379746835443,0.0,8.0,2025-09-29,0
0EF437108E63,0.0,1.0,1.0,11210.065934065935,3.5824175824175826,0.01098901098901099,2.0,2025-09-29,0
0EF47B410B41,2.0,9.0,0.0,33.751633986928105,0.058823529411764705,0.0,11.0,2025-09-29,0
0EFD600E2623,1.0,2.0,0.0,35.34969325153374,0.012269938650306749,0.0,3.0,2025-09-29,0
0202CB0A6B1F,0.0,0.0,0.0,25.670967741935485,0.13548387096774195,0.0,0.0,2025-10-06,0
02043B6BA08B,3.0,5.0,0.0,41.11184210526316,0.03289473684210526,0.0,8.0,2025-10-06,0
02075B45BF24,1.0,2.0,0.0,392.95541401273886,0.11464968152866242,0.07643312101910828,3.0,2025-10-06,0
02091DF7CCB8,0.0,0.0,0.0,4582.847826086957,4.086956521739131,0.4891304347826087,0.0,2025-10-06,0
02097AB58D3C,1.0,6.0,0.0,36.59602649006622,0.039735099337748346,0.0,7.0,2025-10-06,0
020CC6FB9659,5.0,2.0,4.0,321.1372549019608,0.5686274509803921,0.026143790849673203,11.0,2025-10-06,0
02132677328F,1.0,1.0,2.0,19432.027027027027,3.8783783783783785,0.04054054054054054,4.0,2025-10-06,0
02142F017781,0.0,0.0,0.0,0.0,0.0,0.0,0.0,2025-10-06,0
02145826103B,2.0,5.0,0.0,65.8076923076923,0.27564102564102566,0.0,7.0,2025-10-06,0
0217820BFFB2,3.0,0.0,0.0,401.1437908496732,0.3006535947712418,0.0,3.0,2025-10-06,0
021D82B56A3F,1.0,1.0,0.0,53.83892617449664,0.2751677852348993,0.0,2.0,2025-10-06,0
02251388D3A2,0.0,2.0,0.0,31.55,0.0125,0.0,2.0,2025-10-06,0
0228A99EE35A,1.0,4.0,0.0,30.40625,0.025,0.0,5.0,2025-10-06,0
022C6F326E3B,1.0,0.0,1.0,274.8181818181818,0.6853146853146853,0.006993006993006993,2.0,2025-10-06,0
022DB47C41AC,0.0,1.0,1.0,33.04375,0.10625,0.00625,2.0,2025-10-06,0
023015602FAA,5.0,6.0,1.0,57.28395061728395,0.037037037037037035,0.006172839506172839,12.0,2025-10-06,0
0230D261A1CD,6.0,7.0,1.0,1162.5434782608695,0.8333333333333334,0.007246376811594203,14.0,2025-10-06,0
0230EEF72435,0.0,1.0,0.0,55.32911392405063,1.3354430379746836,0.0,1.0,2025-10-06,0
02314F9A9168,4.0,8.0,0.0,39.01923076923077,0.05128205128205128,0.0,12.0,2025-10-06,0
023257D29366,2.0,2.0,1.0,16.451219512195124,0.012195121951219513,0.006097560975609756,5.0,2025-10-06,0
023270320B57,2.0,3.0,0.0,79.14649681528662,1.0382165605095541,0.0,5.0,2025-10-06,0
02388A18854F,2.0,0.0,10.0,293.9136690647482,2.179856115107914,0.07194244604316546,12.0,2025-10-06,0
0239AD51B7AF,2.0,2.0,2.0,263.97333333333336,0.3466666666666667,0.013333333333333334,6.0,2025-10-06,0
023A663EFD87,1.0,2.0,0.0,77.28571428571429,0.4161490683229814,0.0,3.0,2025-10-06,0
023AD5204E1C,3.0,4.0,0.0,77.38650306748467,0.024539877300613498,0.0,7.0,2025-10-06,0
023ADDDECF84,2.0,1.0,0.0,2584.9212598425197,1.858267716535433,0.0,3.0,2025-10-06,1
02423E0E6E9F,4.0,2.0,2.0,281.47402597402595,0.36363636363636365,0.012987012987012988,8.0,2025-10-06,0
024570739DE0,3.0,3.0,1.0,7.753164556962025,0.0189873417721519,0.006329113924050633,7.0,2025-10-06,0
02478CD90F3A,4.0,8.0,1.0,461.4791666666667,0.05555555555555555,0.006944444444444444,13.0,2025-10-06,0
024DD3A9ADCA,3.0,7.0,8.0,225.125,0.3402777777777778,0.05555555555555555,18.0,2025-10-06,0
024ED433BF7D,0.0,3.0,3.0,460.1190476190476,1.5952380952380953,0.023809523809523808,6.0,2025-10-06,0
0253BB40EDA6,1.0,2.0,0.0,31.05521472392638,0.012269938650306749,0.0,3.0,2025-10-06,0
0257E855DBCE,7.0,5.0,8.0,8025.588785046729,2.2990654205607477,0.411214953271028,20.0,2025-10-06,0
0259991BA036,11.0,12.0,3.0,1139.327731092437,1.0588235294117647,0.2857142857142857,26.0,2025-10-06,0
026A6007FA48,0.0,0.0,0.0,297.2692307692308,0.44871794871794873,0.0,0.0,2025-10-06,0
027137436C87,1.0,8.0,0.0,20.354037267080745,0.049689440993788817,0.0,9.0,2025-10-06,0
0278E06A2F67,1.0,3.0,0.0,40.07272727272727,0.01818181818181818,0.0,4.0,2025-10-06,0
0279D2AC6ACE,0.0,7.0,0.0,10.547770700636942,0.044585987261146494,0.0,7.0,2025-10-06,0
027B2DC4EA84,2.0,5.0,0.0,43.123456790123456,0.030864197530864196,0.0,7.0,2025-10-06,0
027D07FC97FC,1.0,0.0,0.0,76.68531468531468,0.03496503496503497,0.0,1.0,2025-10-06,0
027FE9CED489,3.0,1.0,0.0,89.30817610062893,0.7169811320754716,0.0,4.0,2025-10-06,0
028764AA026E,1.0,3.0,0.0,264.2422360248447,0.018633540372670808,0.0,4.0,2025-10-06,0
02892F51E1CB,2.0,1.0,5.0,2238.1612903225805,3.5403225806451615,0.04032258064516129,8.0,2025-10-06,0
0289694A6E5B,2.0,4.0,0.0,158.35211267605635,0.19014084507042253,0.0,6.0,2025-10-06,0
028B24EADDAD,5.0,3.0,1.0,174.51633986928104,0.13725490196078433,0.006535947712418301,9.0,2025-10-06,0
028CC0AE5719,1.0,1.0,0.0,78.77914110429448,0.12269938650306748,0.0,2.0,2025-10-06,0
0293918A963F,0.0,0.0,0.0,0.0,0.0,0.0,0.0,2025-10-06,0
02980E461859,2.0,5.0,0.0,55.87741935483871,0.03225806451612903,0.0,7.0,2025-10-06,0
029A2B32D17E,5.0,3.0,1.0,743.0733333333334,1.2866666666666666,0.006666666666666667,9.0,2025-10-06,0
029C03C2BF19,0.0,0.0,0.0,120.29677419354839,0.36774193548387096,0.0,0.0,2025-10-06,0
029DA26B1A92,1.0,6.0,0.0,12.716867469879517,0.03614457831325301,0.0,7.0,2025-10-06,0
02A80292CB97,2.0,1.0,0.0,43.69090909090909,0.1393939393939394,0.0,3.0,2025-10-06,0
02B5C5ADC792,1.0,1.0,0.0,363.85714285714283,0.19047619047619047,0.0,2.0,2025-10-06,0
02B742646A0E,2.0,3.0,1.0,57.339622641509436,0.1069182389937107,0.006289308176100629,6.0,2025-10-06,0
02BAD919855D,3.0,4.0,0.0,254.54,0.18666666666666668,0.0,7.0,2025-10-06,0
02BD26A4C3A0,2.0,4.0,0.0,50.44578313253012,0.024096385542168676,0.0,6.0,2025-10-06,0
02C0F45F31E7,0.0,0.0,1.0,449651.8823529412,55.0,0.23529411764705882,1.0,2025-10-06,0
02CFFA3A3F35,1.0,1.0,0.0,6.701863354037267,0.006211180124223602,0.0,2.0,2025-10-06,0
02D49A34B2FE,6.0,3.0,3.0,137.69230769230768,0.2076923076923077,0.023076923076923078,12.0,2025-10-06,0
02D4DFEF402A,5.0,4.0,0.0,21.08695652173913,0.2919254658385093,0.0,9.0,2025-10-06,0
02D7623552C8,0.0,0.0,0.0,3763.2571428571428,3.3047619047619046,0.41904761904761906,0.0,2025-10-06,0
02DC03A0F1E6,0.0,2.0,0.0,5.879746835443038,0.012658227848101266,0.0,2.0,2025-10-06,0
02E12310186C,8.0,13.0,5.0,5444.641791044776,0.5522388059701493,0.03731343283582089,26.0,2025-10-06,0
02EBC6CD4398,0.0,1.0,0.0,87.82467532467533,0.11688311688311688,0.0,1.0,2025-10-06,0
02F093C88F2E,7.0,21.0,1.0,73.66451612903226,0.14193548387096774,0.0064516129032258064,29.0,2025-10-06,0
02F18EEE028A,9.0,8.0,5.0,2444.074468085106,0.8617021276595744,0.05319148936170213,22.0,2025-10-06,1
02F56F7C8E0B,0.0,0.0,0.0,0.0,0.0,0.0,0.0,2025-10-06,0
02F5CE7705EC,0.0,0.0,0.0,1581.78125,3.359375,0.0,0.0,2025-10-06,0
02F98EB34A7A,1.0,1.0,0.0,10.319018404907975,0.006134969325153374,0.0,2.0,2025-10-06,0
02FBDD4A2C43,0.0,0.0,0.0,65.16216216216216,0.060810810810810814,0.0,0.0,2025-10-06,0
060C5773A61B,2.0,4.0,0.0,1049.8623188405797,1.2391304347826086,0.0,6.0,2025-10-06,0
060EE3CB4779,1.0,6.0,0.0,56.35616438356164,0.2328767123287671,0.0,7.0,2025-10-06,0
06132D7396F8,3.0,2.0,0.0,869.3037037037037,1.1037037037037036,0.0,5.0,2025-10-06,0
0616F247083A,1.0,1.0,0.0,73.19205298013244,0.06622516556291391,0.0,2.0,2025-10-06,0
061A4322745C,3.0,2.0,4.0,203.8041958041958,0.3706293706293706,0.027972027972027972,9.0,2025-10-06,0
06238EE3BE6C,6.0,2.0,0.0,151.33116883116884,0.18831168831168832,0.0,8.0,2025-10-06,0
062EA113798F,1.0,10.0,0.0,24.08176100628931,0.06289308176100629,0.0,11.0,2025-10-06,0
0634F78DB4C5,3.0,2.0,2.0,412.1151079136691,0.5971223021582733,0.014388489208633094,7.0,2025-10-06,0
0639EA5602C1,0.0,0.0,0.0,0.0,0.0,0.0,0.0,2025-10-06,0
0644582257D9,3.0,3.0,0.0,113.92948717948718,0.1282051282051282,0.0,6.0,2025-10-06,0
064AED1EC0AA,4.0,2.0,2.0,125.82666666666667,0.11333333333333333,0.013333333333333334,8.0,2025-10-06,0
064BE19B0A9E,3.0,5.0,5.0,244.23566878980893,0.03184713375796178,0.03184713375796178,13.0,2025-10-06,0
064C94C771EC,1.0,2.0,0.0,33.348101265822784,0.012658227848101266,0.0,3.0,2025-10-06,0
064E66B5367B,4.0,2.0,0.0,199.4875,0.35625,0.0,6.0,2025-10-06,0
06509A84E873,4.0,1.0,0.0,8.192546583850932,0.11801242236024845,0.0,5.0,2025-10-06,0
065B928716CD,1.0,0.0,2.0,1206.2794117647059,2.1323529411764706,0.022058823529411766,3.0,2025-10-06,0
065C003A8D0C,1.0,4.0,5.0,1531.5862068965516,2.0689655172413794,0.04310344827586207,10.0,2025-10-06,0
066430BA5119,2.0,5.0,0.0,24.518072289156628,0.030120481927710843,0.0,7.0,2025-10-06,0
0665C3FE6D67,3.0,8.0,0.0,88.69620253164557,0.05063291139240506,0.0,11.0,2025-10-06,0
06711BE6AD2A,4.0,9.0,1.0,91.03144654088051,0.05660377358490566,0.006289308176100629,14.0,2025-10-06,0
06787526FEB3,0.0,0.0,1.0,3432.16814159292,4.017699115044247,0.008849557522123894,1.0,2025-10-06,0
0683D2A8DA42,3.0,6.0,1.0,85.09554140127389,0.03821656050955414,0.006369426751592357,10.0,2025-10-06,0
068553B3AA23,1.0,9.0,0.0,43.0314465408805,0.05660377358490566,0.0,10.0,2025-10-06,0
0687F36E02C6,1.0,1.0,0.0,19.825301204819276,0.0963855421686747,0.0,2.0,2025-10-06,0
0693096C4C42,0.0,1.0,0.0,23.714285714285715,0.011904761904761904,0.0,1.0,2025-10-06,0
069357B9F15F,1.0,3.0,0.0,26.993630573248407,0.1910828025477707,0.0,4.0,2025-10-06,0
06981FD8AA87,0.0,0.0,8.0,78.47333333333333,0.08,0.05333333333333334,8.0,2025-10-06,0
069A98DEEB1D,3.0,1.0,0.0,240.79432624113474,0.41134751773049644,0.0,4.0,2025-10-06,0
06AA1DE70CBF,1.0,5.0,0.0,23.58385093167702,0.031055900621118012,0.0,6.0,2025-10-06,0
06AAA28A5D6B,1.0,1.0,0.0,297.50714285714287,0.007142857142857143,0.0,2.0,2025-10-06,0
06AEE181F595,0.0,0.0,0.0,421.8705035971223,0.5755395683453237,0.0,0.0,2025-10-06,0
06B162DC93E3,0.0,1.0,0.0,1.3048780487804879,0.006097560975609756,0.0,1.0,2025-10-06,0
06B641B75B29,1.0,0.0,0.0,3402.5714285714284,4.824175824175824,0.4065934065934066,1.0,2025-10-06,0
06C0D5E3BCDB,5.0,2.0,1.0,350.8716216216216,0.20270270270270271,0.006756756756756757,8.0,2025-10-06,0
06C0F27E810B,3.0,2.0,0.0,143.65625,0.15625,0.0,5.0,2025-10-06,0
06C67619095C,2.0,5.0,0.0,387.85276073619633,0.03067484662576687,0.0,7.0,2025-10-06,0
06C77FEA9550,4.0,4.0,1.0,315.487012987013,0.8376623376623377,0.006493506493506494,9.0,2025-10-06,0
06C98DF4F0FA,1.0,1.0,0.0,201.77358490566039,0.006289308176100629,0.0,2.0,2025-10-06,0
06CE0F3CFB3C,0.0,0.0,0.0,39.47019867549669,0.046357615894039736,0.0,0.0,2025-10-06,0
06D0342253A0,4.0,13.0,0.0,62.71974522292994,0.08917197452229299,0.0,17.0,2025-10-06,0
06D388A19D5D,7.0,8.0,0.0,24.4625,0.29375,0.0,15.0,2025-10-06,0
06D6B7018E15,3.0,10.0,0.0,63.80503144654088,0.06289308176100629,0.0,13.0,2025-10-06,0
06D7F6C73E0C,3.0,3.0,0.0,13.049079754601227,0.018404907975460124,0.0,6.0,2025-10-06,0
06D84598CCB4,1.0,14.0,0.0,177.76158940397352,0.09271523178807947,0.0,15.0,2025-10-06,0
06DAF11BD38F,2.0,2.0,0.0,38.8421052631579,0.10526315789473684,0.0,4.0,2025-10-06,0
06DF118D7989,4.0,2.0,3.0,506.3862068965517,0.6,0.020689655172413793,9.0,2025-10-06,0
06EA136A2996,1.0,3.0,1.0,30.926380368098158,0.018404907975460124,0.006134969325153374,5.0,2025-10-06,0
06EDBAE64B57,0.0,0.0,0.0,0.0,0.0,0.0,0.0,2025-10-06,0
06EEBD283262,2.0,2.0,0.0,87.35625,0.0125,0.0,4.0,2025-10-06,0
06EFD61B80ED,1.0,3.0,0.0,10.006172839506172,0.018518518518518517,0.0,4.0,2025-10-06,0
06F2469B50EF,2.0,3.0,0.0,71.69426751592357,0.01910828025477707,0.0,5.0,2025-10-06,0
06F2CDBD2C41,2.0,5.0,12.0,15207.642857142857,4.142857142857143,0.15476190476190477,19.0,2025-10-06,0
06F40EA87663,3.0,6.0,1.0,292.1366459627329,0.037267080745341616,0.006211180124223602,10.0,2025-10-06,0
06F49BD8F572,0.0,0.0,1.0,1167.081081081081,0.8918918918918919,0.10810810810810811,1.0,2025-10-06,0
06FDA7D7B22A,2.0,3.0,0.0,27.66060606060606,0.01818181818181818,0.0,5.0,2025-10-06,0
06FFEC2EFA5E,2.0,2.0,1.0,168.5810810810811,0.4797297297297297,0.006756756756756757,5.0,2025-10-06,0
0A0B47664A85,3.0,6.0,0.0,52.24074074074074,0.2654320987654321,0.0,9.0,2025-10-06,0
0A10201AFE0A,0.0,1.0,0.0,3.9263803680981595,0.006134969325153374,0.0,1.0,2025-10-06,0
0A1037E90A63,0.0,1.0,0.0,5.395209580838324,0.005988023952095809,0.0,1.0,2025-10-06,0
0A10A5A5056E,0.0,2.0,0.0,25.902439024390244,0.13414634146341464,0.0,2.0,2025-10-06,0
0A15BC628AFC,0.0,3.0,0.0,119.64596273291926,0.018633540372670808,0.0,3.0,2025-10-06,0
0A182EFD3C61,3.0,4.0,9.0,208.83193277310923,1.2605042016806722,0.07563025210084033,16.0,2025-10-06,0
0A184A2E46B7,1.0,0.0,0.0,8472.692307692309,16.58974358974359,0.0,1.0,2025-10-06,0
0A19C62F4F6D,2.0,2.0,0.0,254.83443708609272,0.152317880794702,0.0,4.0,2025-10-06,0
0A1FB1C98A92,6.0,10.0,3.0,12486.549549549549,2.630630630630631,0.02702702702702703,19.0,2025-10-06,0
0A23474F1944,3.0,1.0,0.0,18.129032258064516,0.13548387096774195,0.0,4.0,2025-10-06,0
0A25F6E3466C,1.0,1.0,2.0,2081.4716981132074,1.9433962264150944,0.018867924528301886,4.0,2025-10-06,0
0A268A7E40CD,4.0,12.0,0.0,73.82208588957056,0.08588957055214724,0.0,16.0,2025-10-06,0
0A272C5A2C9B,0.0,0.0,0.0,0.0,0.0,0.0,0.0,2025-10-06,0
0A2778A31BE3,1.0,2.0,0.0,17.876543209876544,0.012345679012345678,0.0,3.0,2025-10-06,0
0A3528D089D9,4.0,5.0,0.0,15.096385542168674,0.03614457831325301,0.0,9.0,2025-10-06,0
0A3983033084,4.0,14.0,0.0,56.65217391304348,0.09937888198757763,0.0,18.0,2025-10-06,0
0A42B2DB6370,0.0,1.0,0.0,2.559006211180124,0.006211180124223602,0.0,1.0,2025-10-06,0
0A4673793B3E,1.0,5.0,0.0,5.171779141104294,0.03067484662576687,0.0,6.0,2025-10-06,0
0A485668F5C0,3.0,0.0,0.0,283.4228187919463,0.2953020134228188,0.0,3.0,2025-10-06,0
0A4C884F240A,5.0,8.0,5.0,466.54545454545456,0.6783216783216783,0.03496503496503497,18.0,2025-10-06,0
0A4E33E2692B,11.0,13.0,9.0,172906.85714285713,21.357142857142858,1.6666666666666667,33.0,2025-10-06,0
0A52DDE896BF,0.0,1.0,0.0,3767.075,5.041666666666667,0.0,1.0,2025-10-06,0
0A55DA266F71,2.0,9.0,1.0,18.243589743589745,0.057692307692307696,0.00641025641025641,12.0,2025-10-06,0
0A568E79FEF6,2.0,2.0,0.0,7.441717791411043,0.012269938650306749,0.0,4.0,2025-10-06,0
0A57338657F8,3.0,2.0,0.0,18.17721518987342,0.12658227848101267,0.0,5.0,2025-10-06,0
0A57A684E20B,3.0,9.0,0.0,43.89171974522293,0.05732484076433121,0.0,12.0,2025-10-06,0
0A5C1439B384,4.0,7.0,0.0,126.85625,0.04375,0.0,11.0,2025-10-06,0
0A5D017E401E,9.0,7.0,1.0,60620.42105263158,4.978947368421053,0.010526315789473684,17.0,2025-10-06,0
0A5E96449374,4.0,11.0,2.0,10951.043010752688,4.526881720430108,0.23655913978494625,17.0,2025-10-06,0
0A61E3165158,5.0,3.0,0.0,52.38364779874214,0.13836477987421383,0.0,8.0,2025-10-06,0
0A62EECEEBD1,2.0,2.0,0.0,27.055900621118013,0.012422360248447204,0.0,4.0,2025-10-06,0
0A6324E3E043,7.0,8.0,20.0,1209.5704697986578,0.4228187919463087,0.14093959731543623,35.0,2025-10-06,0
0A6390E0FBA4,2.0,1.0,0.0,3520.4201680672268,3.504201680672269,0.0,3.0,2025-10-06,0
0A663B6B4B28,1.0,1.0,2.0,521.7465753424658,2.2534246575342465,0.0136986301369863,4.0,2025-10-06,0
0A682ED9C6DD,0.0,1.0,0.0,96.58108108108108,0.08108108108108109,0.033783783783783786,1.0,2025-10-06,0
0A68A2032450,4.0,2.0,0.0,6692.760563380281,1.4929577464788732,0.0,6.0,2025-10-06,0
0A68DF0B3D07,3.0,0.0,0.0,137.04575163398692,0.09803921568627451,0.0,3.0,2025-10-06,0
0A68F38A6ACF,1.0,0.0,0.0,1707.982142857143,0.41964285714285715,0.05357142857142857,1.0,2025-10-06,0
0A6C571A1550,2.0,5.0,0.0,32.6219512195122,0.03048780487804878,0.0,7.0,2025-10-06,0
0A6D3595373D,4.0,14.0,1.0,102.73493975903614,0.0963855421686747,0.006024096385542169,19.0,2025-10-06,0
0A6DA0C82CCB,2.0,2.0,0.0,107.80864197530865,0.012345679012345678,0.0,4.0,2025-10-06,0
0A71A6F9D6C6,1.0,2.0,1.0,83.1566265060241,0.060240963855421686,0.006024096385542169,4.0,2025-10-06,0
0A78FAF47B00,3.0,4.0,0.0,157.81410256410257,0.25,0.0,7.0,2025-10-06,0
0A7AAFDD9E11,1.0,0.0,0.0,169.67307692307693,0.07051282051282051,0.0,1.0,2025-10-06,0
0A7AC5BDAF86,12.0,4.0,11.0,7143.159090909091,1.2613636363636365,1.0909090909090908,27.0,2025-10-06,0
0A800188C20F,1.0,9.0,1.0,71.42767295597484,0.05660377358490566,0.006289308176100629,11.0,2025-10-06,0
0A8407CF4D85,4.0,5.0,0.0,58.598765432098766,0.030864197530864196,0.0,9.0,2025-10-06,0
0A87B8C2734F,5.0,1.0,3.0,102.72151898734177,0.13924050632911392,0.0189873417721519,9.0,2025-10-06,0
0A8EA87BB037,5.0,0.0,0.0,77.67901234567901,0.12962962962962962,0.0,5.0,2025-10-06,0
0A9547C11A56,2.0,1.0,0.0,20.942307692307693,0.10256410256410256,0.0,3.0,2025-10-06,0
0A96EACD8070,0.0,0.0,1.0,679.75,1.878787878787879,0.007575757575757576,1.0,2025-10-06,0
0A974F5D7D8C,1.0,1.0,4.0,190.3202614379085,0.1437908496732026,0.032679738562091505,6.0,2025-10-06,0
0A9A3BFD6C9B,3.0,0.0,0.0,37.26282051282051,0.2692307692307692,0.0,3.0,2025-10-06,0
0AA18F330F59,0.0,0.0,0.0,19631.75,13.75,0.0,0.0,2025-10-06,0
0AA2818A7B27,0.0,0.0,0.0,0.0,0.0,0.0,0.0,2025-10-06,0
0AA296FF247D,0.0,0.0,2.0,40.58741258741259,0.0979020979020979,0.013986013986013986,2.0,2025-10-06,0
0AA2F2CAB50B,9.0,7.0,7.0,61800.930555555555,30.416666666666668,0.09722222222222222,23.0,2025-10-06,0
0AA3F18DE550,3.0,12.0,0.0,65.0920245398773,0.0736196319018405,0.0,15.0,2025-10-06,0
0AA473D2FC17,0.0,0.0,0.0,275.72727272727275,0.23076923076923078,0.0,0.0,2025-10-06,0
0AA4B065E5A5,0.0,1.0,4.0,564.6164383561644,0.4520547945205479,0.0273972602739726,5.0,2025-10-06,0
0AA9051FFFFA,1.0,1.0,0.0,26.71604938271605,0.012345679012345678,0.0,2.0,2025-10-06,0
0AB410184143,3.0,3.0,0.0,91.90853658536585,0.018292682926829267,0.0,6.0,2025-10-06,0
0AB5F9C21BF8,3.0,0.0,4.0,217.52,0.4,0.02666666666666667,7.0,2025-10-06,0
0AB6B45C775A,0.0,0.0,0.0,163.06338028169014,0.7112676056338029,0.0,0.0,2025-10-06,0
0AB97B7632EB,0.0,0.0,0.0,0.0,0.0,0.0,0.0,2025-10-06,0
0ABC8E60F4C1,2.0,1.0,2.0,285.67808219178085,0.0821917808219178,0.0136986301369863,5.0,2025-10-06,0
0ABD2E513F79,1.0,1.0,0.0,183.1875,0.13125,0.0,2.0,2025-10-06,0
0ABE42BE4165,0.0,1.0,0.0,21.398692810457515,0.0915032679738562,0.0,1.0,2025-10-06,0
0AC437023B18,2.0,4.0,0.0,4.403846153846154,0.02564102564102564,0.0,6.0,2025-10-06,0
0AD276FC5E27,0.0,2.0,0.0,235.18620689655174,0.2482758620689655,0.0,2.0,2025-10-06,0
0AD2C92E9756,1.0,5.0,0.0,228.95238095238096,0.02976190476190476,0.0,6.0,2025-10-06,0
0ADD02AB693D,0.0,0.0,0.0,36.59872611464968,0.09554140127388536,0.0,0.0,2025-10-06,0
0AE03793586F,0.0,1.0,0.0,2.7025316455696204,0.006329113924050633,0.0,1.0,2025-10-06,0
0AE21E7A17E4,4.0,0.0,0.0,143.59872611464968,0.3630573248407643,0.0,4.0,2025-10-06,0
0AE6BF39C720,1.0,5.0,0.0,33.86274509803921,0.21568627450980393,0.0,6.0,2025-10-06,0
0AEF10F3A994,9.0,15.0,0.0,8933.35652173913,1.7826086956521738,0.0,24.0,2025-10-06,0
0AF1F0E3B640,0.0,4.0,0.0,72.26751592356688,0.025477707006369428,0.0,4.0,2025-10-06,0
0AF51D7D0F73,3.0,0.0,0.0,316.8142857142857,0.2642857142857143,0.0,3.0,2025-10-06,0
0AF8DCB98E4B,6.0,13.0,0.0,503.8476821192053,0.3973509933774834,0.0,19.0,2025-10-06,0
0AF9846E92DD,9.0,6.0,0.0,2424.3055555555557,1.0138888888888888,0.0,15.0,2025-10-06,1
0AFB7B311996,1.0,2.0,0.0,77.67878787878787,0.012121212121212121,0.0,3.0,2025-10-06,0
0AFE702BB093,2.0,1.0,6.0,1101.1818181818182,2.6545454545454548,0.05454545454545454,9.0,2025-10-06,0
0AFFC263C0D9,0.0,0.0,0.0,12968.233766233767,3.883116883116883,0.8441558441558441,0.0,2025-10-06,0
0E03D8F69853,1.0,2.0,2.0,41161.90789473684,12.671052631578947,0.02631578947368421,5.0,2025-10-06,0
0E0A8D6EB6B9,0.0,5.0,0.0,100.32666666666667,0.21333333333333335,0.0,5.0,2025-10-06,0
0E0C3EB7915D,4.0,2.0,0.0,31.50632911392405,0.189873417721519,0.0,6.0,2025-10-06,0
0E0E2996F51A,4.0,2.0,1.0,129.2565789473684,0.3223684210526316,0.006578947368421052,7.0,2025-10-06,0
0E113B01A9A2,1.0,4.0,0.0,8.751552795031056,0.024844720496894408,0.0,5.0,2025-10-06,0
0E11F69747A8,1.0,1.0,0.0,11.44311377245509,0.005988023952095809,0.0,2.0,2025-10-06,0
0E121B6B8661,1.0,17.0,2.0,87.94339622641509,0.1069182389937107,0.012578616352201259,20.0,2025-10-06,0
0E1B6F4DBA34,1.0,6.0,0.0,156.7986577181208,0.6375838926174496,0.0,7.0,2025-10-06,0
0E1C622E61BC,4.0,6.0,1.0,93.32467532467533,0.03896103896103896,0.006493506493506494,11.0,2025-10-06,0
0E1D7CA1DB0C,3.0,1.0,0.0,83.01829268292683,0.12804878048780488,0.0,4.0,2025-10-06,0
0E21C239D865,1.0,3.0,1.0,23.044303797468356,0.0189873417721519,0.006329113924050633,5.0,2025-10-06,0
0E2575C7EE05,1.0,0.0,1.0,168.46451612903226,0.14193548387096774,0.0064516129032258064,2.0,2025-10-06,0
0E2728C481CA,1.0,0.0,5.0,466.775,0.6833333333333333,0.041666666666666664,6.0,2025-10-06,0
0E293C5E4650,1.0,1.0,0.0,48.150326797385624,0.12418300653594772,0.0,2.0,2025-10-06,0
0E2DEE345837,1.0,12.0,1.0,145.93975903614458,0.07228915662650602,0.006024096385542169,14.0,2025-10-06,0
0E31C429C185,0.0,2.0,0.0,35.78846153846154,0.01282051282051282,0.0,2.0,2025-10-06,0
0E34282F4B53,0.0,5.0,0.0,32.88741721854305,0.033112582781456956,0.0,5.0,2025-10-06,0
0E3D06A07E94,2.0,7.0,4.0,2609.904347826087,2.991304347826087,0.034782608695652174,13.0,2025-10-06,0
0E3D96237639,9.0,12.0,0.0,5682.837398373984,1.016260162601626,0.0,21.0,2025-10-06,0
0E41CF7F74D5,0.0,4.0,0.0,21.848684210526315,0.15789473684210525,0.0,4.0,2025-10-06,0
0E462188408C,5.0,1.0,0.0,27.5125,1.14375,0.0,6.0,2025-10-06,0
0E4CE5FB4405,11.0,3.0,0.0,464.6714285714286,0.5928571428571429,0.0,14.0,2025-10-06,0
0E50A5B2E5C4,1.0,4.0,0.0,43.32484076433121,0.025477707006369428,0.0,5.0,2025-10-06,0
0E543D410B0C,1.0,4.0,0.0,22.402439024390244,0.024390243902439025,0.0,5.0,2025-10-06,0
0E55F28AB569,0.0,2.0,0.0,2.2625,0.0125,0.0,2.0,2025-10-06,0
0E5A9CEA8093,2.0,0.0,0.0,77.6,0.1,0.0,2.0,2025-10-06,0
0E5CD9B19DCB,3.0,3.0,0.0,90.25301204819277,0.018072289156626505,0.0,6.0,2025-10-06,0
0E5DFCF65AD4,3.0,4.0,0.0,27.82608695652174,0.024844720496894408,0.0,7.0,2025-10-06,0
0E61D34F9993,10.0,5.0,16.0,4690.8130081300815,2.138211382113821,0.13008130081300814,31.0,2025-10-06,0
0E69783262BE,7.0,0.0,0.0,145.27564102564102,0.11538461538461539,0.0,7.0,2025-10-06,0
0E69C64B6E57,1.0,5.0,0.0,23.2,0.03125,0.0,6.0,2025-10-06,0
0E6A7794AFC7,0.0,0.0,0.0,0.0,0.0,0.0,0.0,2025-10-06,0
0E6ACE6D3146,3.0,2.0,1.0,30.02547770700637,0.19745222929936307,0.006369426751592357,6.0,2025-10-06,0
0E6D2CBAED41,3.0,3.0,0.0,1274.7651515151515,2.053030303030303,0.0,6.0,2025-10-06,0
0E752F1B295C,0.0,0.0,0.0,1319.516129032258,1.9516129032258065,0.056451612903225805,0.0,2025-10-06,0
0E7A8A5414C2,3.0,3.0,0.0,95.62179487179488,0.21153846153846154,0.0,6.0,2025-10-06,0
0E892C46A442,3.0,2.0,0.0,51.44654088050314,1.0754716981132075,0.0,5.0,2025-10-06,0
0E89F7D5B5BD,4.0,2.0,11.0,165.2,0.4666666666666667,0.08,17.0,2025-10-06,0
0E8B8566815B,3.0,2.0,0.0,139.28662420382165,0.09554140127388536,0.0,5.0,2025-10-06,0
0E8CF9CA526F,4.0,6.0,0.0,111.9939024390244,0.036585365853658534,0.0,10.0,2025-10-06,0
0E8F36DAB9C2,4.0,2.0,1.0,1164.6194690265486,0.7256637168141593,0.008849557522123894,7.0,2025-10-06,0
0E9761D8EB58,2.0,0.0,3.0,266070.0,55.0,3.727272727272727,5.0,2025-10-06,0
0E9A30D927A5,4.0,1.0,0.0,117.34640522875817,0.16339869281045752,0.0,5.0,2025-10-06,0
0E9DC914D8DF,4.0,4.0,0.0,112.62893081761007,0.025157232704402517,0.0,8.0,2025-10-06,0
0EA0447DA91C,6.0,0.0,1.0,138198.86666666667,41.25,0.016666666666666666,7.0,2025-10-06,0
0EA22CFA3A24,2.0,3.0,0.0,108.38064516129032,0.2129032258064516,0.0,5.0,2025-10-06,0
0EA52A2A7581,4.0,5.0,4.0,160.64383561643837,0.2602739726027397,0.0273972602739726,13.0,2025-10-06,0
0EAEFEAEFB09,3.0,2.0,0.0,44.68354430379747,0.4240506329113924,0.0,5.0,2025-10-06,0
0EB04F2114F4,0.0,0.0,0.0,0.0,0.0,0.0,0.0,2025-10-06,0
0EB6B31D8AFB,2.0,2.0,0.0,33.95,0.0125,0.0,4.0,2025-10-06,0
0EBF1B27CDE1,2.0,1.0,0.0,115.98675496688742,0.46357615894039733,0.0,3.0,2025-10-06,0
0EC8A35D0C20,0.0,8.0,0.0,83.31168831168831,0.05194805194805195,0.0,8.0,2025-10-06,0
0ED0849FD6D8,10.0,11.0,2.0,3188.396694214876,1.024793388429752,0.01652892561983471,23.0,2025-10-06,0
0ED1E9DBD593,2.0,2.0,0.0,424.84057971014494,0.41304347826086957,0.0,4.0,2025-10-06,0
0ED4052A2763,0.0,2.0,0.0,14.151515151515152,0.012121212121212121,0.0,2.0,2025-10-06,0
0ED5057ECE3F,0.0,0.0,2.0,823.9090909090909,1.4621212121212122,0.20454545454545456,2.0,2025-10-06,0
0EDC7177CCA9,2.0,2.0,0.0,45.503184713375795,0.012738853503184714,0.0,4.0,2025-10-06,0
0EE071F7B24A,0.0,1.0,0.0,243.25850340136054,0.08163265306122448,0.0,1.0,2025-10-06,0
0EE09EDA649F,7.0,14.0,1.0,429.3636363636364,0.0979020979020979,0.006993006993006993,22.0,2025-10-06,0
0EE317BA7C52,4.0,2.0,2.0,35865.217391304344,8.326086956521738,3.869565217391304,8.0,2025-10-06,0
0EE51B79E853,0.0,5.0,0.0,17.28125,0.03125,0.0,5.0,2025-10-06,0
0EE78E4317BB,1.0,4.0,0.0,145.20408163265307,0.2108843537414966,0.0,5.0,2025-10-06,0
0EE9497950EE,2.0,1.0,0.0,61.28125,0.3625,0.0,3.0,2025-10-06,0
0EEA98D1BFDB,0.0,6.0,0.0,6.1455696202531644,0.0379746835443038,0.0,6.0,2025-10-06,0
0EECB108FF91,4.0,4.0,0.0,55.422360248447205,0.4906832298136646,0.0,8.0,2025-10-06,0
0EF023E6452D,1.0,3.0,0.0,57.392857142857146,0.09285714285714286,0.12142857142857143,4.0,2025-10-06,0
0EF08481B333,3.0,13.0,0.0,25.688741721854306,0.09271523178807947,0.0,16.0,2025-10-06,0
0EF437108E63,0.0,0.0,0.0,3563.1975308641977,1.6419753086419753,0.0,0.0,2025-10-06,0
0EF47B410B41,6.0,9.0,1.0,104.60810810810811,0.06756756756756757,0.006756756756756757,16.0,2025-10-06,0
0EFD600E2623,3.0,5.0,0.0,141.84848484848484,0.030303030303030304,0.0,8.0,2025-10-06,0
0202CB0A6B1F,2.0,1.0,0.0,52.34591194968554,0.10062893081761007,0.0,3.0,2025-10-13,0
02043B6BA08B,2.0,8.0,0.0,64.82352941176471,0.05228758169934641,0.0,10.0,2025-10-13,0
02075B45BF24,0.0,1.0,0.0,253.75974025974025,0.12337662337662338,0.05844155844155844,1.0,2025-10-13,0
02091DF7CCB8,0.0,0.0,0.0,7417.367088607595,4.417721518987341,0.5316455696202531,0.0,2025-10-13,0
02097AB58D3C,1.0,4.0,0.0,23.401234567901234,0.024691358024691357,0.0,5.0,2025-10-13,0
020CC6FB9659,0.0,2.0,1.0,165.58783783783784,0.42567567567567566,0.006756756756756757,3.0,2025-10-13,0
02132677328F,0.0,1.0,4.0,12549.469879518072,3.4819277108433737,0.04819277108433735,5.0,2025-10-13,0
02142F017781,1.0,2.0,0.0,94.05590062111801,0.012422360248447204,0.0,3.0,2025-10-13,0
02145826103B,0.0,2.0,0.0,20.725490196078432,0.13725490196078433,0.0,2.0,2025-10-13,0
0217820BFFB2,1.0,0.0,0.0,108.84967320261438,0.11764705882352941,0.0,1.0,2025-10-13,0
021D82B56A3F,1.0,5.0,0.0,32.100628930817614,0.20125786163522014,0.0,6.0,2025-10-13,0
02251388D3A2,0.0,6.0,0.0,64.45962732919254,0.043478260869565216,0.0,6.0,2025-10-13,0
0228A99EE35A,2.0,4.0,0.0,32.7875,0.03125,0.0,6.0,2025-10-13,0
022C6F326E3B,0.0,1.0,3.0,232.41726618705036,0.6330935251798561,0.02158273381294964,4.0,2025-10-13,0
022DB47C41AC,4.0,0.0,0.0,81.171974522293,0.08917197452229299,0.0,4.0,2025-10-13,0
023015602FAA,2.0,4.0,0.0,58.938650306748464,0.024539877300613498,0.0,6.0,2025-10-13,0
0230D261A1CD,4.0,5.0,0.0,4503.956043956044,1.4065934065934067,0.0,9.0,2025-10-13,1
0230EEF72435,6.0,2.0,0.0,84.0886075949367,1.4177215189873418,0.0,8.0,2025-10-13,0
02314F9A9168,3.0,8.0,0.0,67.66871165644172,0.06134969325153374,0.0,11.0,2025-10-13,0
023257D29366,3.0,7.0,0.0,56.2037037037037,0.043209876543209874,0.0,10.0,2025-10-13,0
023270320B57,3.0,1.0,0.0,137.85806451612902,1.1225806451612903,0.0,4.0,2025-10-13,0
02388A18854F,3.0,1.0,11.0,283.23308270676694,2.0225563909774436,0.08270676691729323,15.0,2025-10-13,0
0239AD51B7AF,0.0,2.0,0.0,98.00657894736842,0.35526315789473684,0.0,2.0,2025-10-13,0
023A663EFD87,1.0,2.0,0.0,122.81875,0.6375,0.0,3.0,2025-10-13,0
023AD5204E1C,0.0,0.0,0.0,0.0,0.0,0.0,0.0,2025-10-13,0
023ADDDECF84,10.0,8.0,2.0,26234.616279069767,6.593023255813954,0.023255813953488372,20.0,2025-10-13,0
02423E0E6E9F,3.0,2.0,2.0,119.83221476510067,0.19463087248322147,0.013422818791946308,7.0,2025-10-13,0
024570739DE0,2.0,4.0,1.0,3.6139240506329116,0.02531645569620253,0.006329113924050633,7.0,2025-10-13,0
02478CD90F3A,2.0,12.0,1.0,234.14285714285714,0.08843537414965986,0.006802721088435374,15.0,2025-10-13,0
024DD3A9ADCA,5.0,3.0,9.0,175.95454545454547,0.3712121212121212,0.07575757575757576,17.0,2025-10-13,0
024ED433BF7D,4.0,4.0,1.0,700.5089285714286,2.0,0.008928571428571428,9.0,2025-10-13,0
0253BB40EDA6,0.0,0.0,0.0,0.0,0.0,0.0,0.0,2025-10-13,0
0257E855DBCE,3.0,3.0,4.0,6952.063063063063,2.27027027027027,0.36936936936936937,10.0,2025-10-13,0
0259991BA036,6.0,7.0,5.0,1019.6124031007752,1.0930232558139534,0.2868217054263566,18.0,2025-10-13,0
026A6007FA48,1.0,2.0,0.0,223.06962025316454,0.46835443037974683,0.0,3.0,2025-10-13,0
027137436C87,4.0,13.0,0.0,45.515337423312886,0.07975460122699386,0.0,17.0,2025-10-13,0
0278E06A2F67,1.0,1.0,0.0,23.438271604938272,0.006172839506172839,0.0,2.0,2025-10-13,0
0279D2AC6ACE,2.0,14.0,0.0,39.36875,0.09375,0.0,16.0,2025-10-13,0
027B2DC4EA84,3.0,6.0,0.0,50.725,0.0375,0.0,9.0,2025-10-13,0
027D07FC97FC,0.0,6.0,0.0,28.04225352112676,0.04225352112676056,0.0,6.0,2025-10-13,0
027FE9CED489,1.0,1.0,0.0,55.922077922077925,0.6428571428571429,0.0,2.0,2025-10-13,0
028764AA026E,0.0,1.0,0.0,22.662576687116566,0.006134969325153374,0.0,1.0,2025-10-13,0
02892F51E1CB,3.0,4.0,1.0,3887.1869158878503,5.271028037383178,0.009345794392523364,8.0,2025-10-13,1
0289694A6E5B,2.0,5.0,0.0,146.63698630136986,0.2054794520547945,0.0,7.0,2025-10-13,0
028B24EADDAD,3.0,1.0,0.0,162.22058823529412,0.17647058823529413,0.0,4.0,2025-10-13,0
028CC0AE5719,0.0,1.0,0.0,42.295597484276726,0.10062893081761007,0.0,1.0,2025-10-13,0
0293918A963F,2.0,2.0,0.0,26.44242424242424,0.012121212121212121,0.0,4.0,2025-10-13,0
02980E461859,0.0,1.0,0.0,5.253086419753086,0.006172839506172839,0.0,1.0,2025-10-13,0
029A2B32D17E,2.0,1.0,1.0,473.5833333333333,1.1666666666666667,0.006944444444444444,4.0,2025-10-13,0
029C03C2BF19,4.0,0.0,0.0,116.0,0.3475609756097561,0.0,4.0,2025-10-13,0
029DA26B1A92,4.0,14.0,0.0,31.871951219512194,0.08536585365853659,0.0,18.0,2025-10-13,0
02A80292CB97,1.0,0.0,0.0,24.104575163398692,0.11764705882352941,0.0,1.0,2025-10-13,0
02B5C5ADC792,1.0,0.0,1.0,339.96,0.18666666666666668,0.006666666666666667,2.0,2025-10-13,0
02B742646A0E,1.0,2.0,0.0,56.26219512195122,0.12804878048780488,0.0,3.0,2025-10-13,0
02BAD919855D,1.0,0.0,0.0,116.18,0.08666666666666667,0.0,1.0,2025-10-13,0
02BD26A4C3A0,1.0,8.0,0.0,43.04907975460123,0.049079754601226995,0.0,9.0,2025-10-13,0
02C0F45F31E7,0.0,0.0,0.0,324092.52,55.0,0.0,0.0,2025-10-13,0
02CFFA3A3F35,1.0,1.0,0.0,18.980891719745223,0.006369426751592357,0.0,2.0,2025-10-13,0
02D49A34B2FE,3.0,5.0,2.0,118.67857142857143,0.2857142857142857,0.014285714285714285,10.0,2025-10-13,0
02D4DFEF402A,2.0,2.0,0.0,16.84713375796178,0.2611464968152866,0.0,4.0,2025-10-13,0
02D7623552C8,1.0,0.0,0.0,1885.8899082568807,2.2110091743119265,0.26605504587155965,1.0,2025-10-13,0
02DC03A0F1E6,2.0,4.0,0.0,27.006060606060608,0.030303030303030304,0.0,6.0,2025-10-13,0
02E12310186C,3.0,3.0,5.0,3646.7580645161293,0.49193548387096775,0.04838709677419355,11.0,2025-10-13,1
02EBC6CD4398,0.0,8.0,0.0,24.742138364779873,0.050314465408805034,0.0,8.0,2025-10-13,0
02F093C88F2E,3.0,9.0,0.0,72.37341772151899,0.056962025316455694,0.0,12.0,2025-10-13,0
02F18EEE028A,3.0,9.0,1.0,2943.3853211009173,0.908256880733945,0.009174311926605505,13.0,2025-10-13,0
02F56F7C8E0B,1.0,1.0,0.0,22.919254658385093,0.006211180124223602,0.0,2.0,2025-10-13,0
02F5CE7705EC,0.0,0.0,0.0,451.92105263157896,1.719298245614035,0.0,0.0,2025-10-13,0
02F98EB34A7A,3.0,6.0,0.0,20.573170731707318,0.036585365853658534,0.0,9.0,2025-10-13,0
02FBDD4A2C43,0.0,4.0,0.0,48.747899159663866,0.03361344537815126,0.0,4.0,2025-10-13,0
060C5773A61B,2.0,2.0,0.0,1043.6014492753623,1.1304347826086956,0.0,4.0,2025-10-13,0
060EE3CB4779,6.0,7.0,0.0,138.66887417218544,0.24503311258278146,0.0,13.0,2025-10-13,0
06132D7396F8,8.0,8.0,0.0,3985.8279569892475,3.086021505376344,0.0,16.0,2025-10-13,0
0616F247083A,2.0,0.0,0.0,100.27044025157232,0.11949685534591195,0.0,2.0,2025-10-13,0
061A4322745C,3.0,1.0,5.0,143.50714285714287,0.3,0.03571428571428571,9.0,2025-10-13,0
06238EE3BE6C,2.0,2.0,3.0,104.67096774193548,0.16129032258064516,0.01935483870967742,7.0,2025-10-13,0
062EA113798F,2.0,9.0,0.0,58.9079754601227,0.06134969325153374,0.0,11.0,2025-10-13,0
0634F78DB4C5,5.0,1.0,2.0,716.544776119403,0.7910447761194029,0.014925373134328358,8.0,2025-10-13,0
0639EA5602C1,5.0,5.0,0.0,70.65030674846626,0.03067484662576687,0.0,10.0,2025-10-13,0
0644582257D9,4.0,1.0,0.0,294.3716216216216,0.14189189189189189,0.0,5.0,2025-10-13,0
064AED1EC0AA,2.0,1.0,0.0,69.51006711409396,0.12080536912751678,0.0,3.0,2025-10-13,0
064BE19B0A9E,1.0,3.0,4.0,153.54777070063693,0.01910828025477707,0.025477707006369428,8.0,2025-10-13,0
064C94C771EC,1.0,2.0,0.0,64.03048780487805,0.012195121951219513,0.0,3.0,2025-10-13,0
064E66B5367B,1.0,2.0,0.0,105.87974683544304,0.3037974683544304,0.0,3.0,2025-10-13,0
06509A84E873,6.0,2.0,0.0,11.866666666666667,0.1696969696969697,0.0,8.0,2025-10-13,0
065B928716CD,4.0,0.0,5.0,1810.4765625,2.2890625,0.046875,9.0,2025-10-13,0
065C003A8D0C,2.0,2.0,4.0,1412.5983606557377,1.5819672131147542,0.03278688524590164,8.0,2025-10-13,0
066430BA5119,1.0,2.0,0.0,13.35625,0.0125,0.0,3.0,2025-10-13,0
0665C3FE6D67,1.0,3.0,1.0,35.705128205128204,0.019230769230769232,0.00641025641025641,5.0,2025-10-13,0
06711BE6AD2A,1.0,6.0,0.0,44.382165605095544,0.044585987261146494,0.0,7.0,2025-10-13,0
06787526FEB3,0.0,0.0,0.0,1701.373015873016,2.7777777777777777,0.0,0.0,2025-10-13,0
0683D2A8DA42,2.0,6.0,0.0,45.2625,0.0375,0.0,8.0,2025-10-13,0
068553B3AA23,0.0,5.0,0.0,6.120253164556962,0.03164556962025317,0.0,5.0,2025-10-13,0
0687F36E02C6,8.0,2.0,0.0,76.54268292682927,0.16463414634146342,0.0,10.0,2025-10-13,0
069357B9F15F,3.0,4.0,0.0,49.81333333333333,0.20666666666666667,0.0,7.0,2025-10-13,0
06981FD8AA87,3.0,11.0,6.0,176.06040268456377,0.0738255033557047,0.040268456375838924,20.0,2025-10-13,0
069A98DEEB1D,3.0,3.0,0.0,413.3170731707317,0.5040650406504065,0.0,6.0,2025-10-13,0
06AA1DE70CBF,0.0,2.0,1.0,11.366459627329192,0.012422360248447204,0.006211180124223602,3.0,2025-10-13,0
06AAA28A5D6B,0.0,0.0,0.0,0.0,0.0,0.0,0.0,2025-10-13,0
06AEE181F595,0.0,0.0,0.0,134.125,0.34210526315789475,0.0,0.0,2025-10-13,0
06B162DC93E3,1.0,1.0,0.0,0.9938650306748467,0.006134969325153374,0.0,2.0,2025-10-13,0
06B641B75B29,0.0,0.0,0.0,1356.2956521739131,3.634782608695652,0.24347826086956523,0.0,2025-10-13,0
06C0D5E3BCDB,2.0,2.0,0.0,227.3916083916084,0.16083916083916083,0.0,4.0,2025-10-13,0
06C0F27E810B,0.0,1.0,0.0,21.51552795031056,0.08695652173913043,0.0,1.0,2025-10-13,0
06C67619095C,0.0,2.0,0.0,48.9685534591195,0.012578616352201259,0.0,2.0,2025-10-13,0
06C77FEA9550,4.0,3.0,1.0,224.27152317880794,0.5761589403973509,0.006622516556291391,8.0,2025-10-13,0
06C98DF4F0FA,0.0,0.0,0.0,0.0,0.0,0.0,0.0,2025-10-13,0
06CE0F3CFB3C,0.0,3.0,0.0,14.83974358974359,0.019230769230769232,0.0,3.0,2025-10-13,0
06D0342253A0,6.0,15.0,0.0,131.20408163265307,0.10884353741496598,0.0,21.0,2025-10-13,0
06D388A19D5D,4.0,3.0,0.0,27.437908496732025,0.20261437908496732,0.0,7.0,2025-10-13,0
06D6B7018E15,3.0,16.0,0.0,76.82692307692308,0.10897435897435898,0.0,19.0,2025-10-13,0
06D7F6C73E0C,0.0,0.0,0.0,0.0,0.0,0.0,0.0,2025-10-13,0
06D84598CCB4,1.0,6.0,0.0,83.88815789473684,0.039473684210526314,0.0,7.0,2025-10-13,0
06DAF11BD38F,3.0,12.0,0.0,34.125786163522015,0.07547169811320754,0.0,15.0,2025-10-13,0
06DF118D7989,4.0,2.0,6.0,491.87581699346407,0.5555555555555556,0.0392156862745098,12.0,2025-10-13,0
06EA136A2996,2.0,2.0,0.0,28.21212121212121,0.012121212121212121,0.0,4.0,2025-10-13,0
06EDBAE64B57,0.0,0.0,0.0,0.0,0.0,0.0,0.0,2025-10-13,0
06EEBD283262,1.0,2.0,0.0,22.742331288343557,0.012269938650306749,0.0,3.0,2025-10-13,0
06EFD61B80ED,3.0,6.0,0.0,16.950920245398773,0.03680981595092025,0.0,9.0,2025-10-13,0
06F2469B50EF,2.0,4.0,3.0,134.70322580645163,0.025806451612903226,0.01935483870967742,9.0,2025-10-13,0
06F2CDBD2C41,1.0,0.0,1.0,3273.5925925925926,1.2777777777777777,0.009259259259259259,2.0,2025-10-13,0
06F40EA87663,2.0,11.0,3.0,135.83006535947712,0.0718954248366013,0.0196078431372549,16.0,2025-10-13,0
06F49BD8F572,0.0,0.0,0.0,240.77372262773721,0.41605839416058393,0.0364963503649635,0.0,2025-10-13,0
06FDA7D7B22A,1.0,3.0,0.0,7.64375,0.01875,0.0,4.0,2025-10-13,0
06FFEC2EFA5E,4.0,5.0,2.0,284.4255319148936,0.5177304964539007,0.014184397163120567,11.0,2025-10-13,0
0A0B47664A85,0.0,3.0,0.0,15.617283950617283,0.16049382716049382,0.0,3.0,2025-10-13,0
0A10201AFE0A,3.0,9.0,0.0,34.852760736196316,0.05521472392638037,0.0,12.0,2025-10-13,0
0A1037E90A63,0.0,0.0,0.0,0.0,0.0,0.0,0.0,2025-10-13,0
0A10A5A5056E,2.0,2.0,0.0,59.98170731707317,0.18902439024390244,0.0,4.0,2025-10-13,0
0A15BC628AFC,0.0,2.0,0.0,17.10828025477707,0.012738853503184714,0.0,2.0,2025-10-13,0
0A182EFD3C61,2.0,2.0,7.0,206.21259842519686,1.2913385826771653,0.06299212598425197,11.0,2025-10-13,0
0A184A2E46B7,0.0,0.0,0.0,1345.902097902098,5.839160839160839,0.0,0.0,2025-10-13,0
0A19C62F4F6D,2.0,2.0,0.0,111.91836734693878,0.10884353741496598,0.0,4.0,2025-10-13,0
0A1FB1C98A92,1.0,0.0,1.0,5831.25641025641,1.8205128205128205,0.008547008547008548,2.0,2025-10-13,0
0A23474F1944,5.0,1.0,0.0,23.29192546583851,0.20496894409937888,0.0,6.0,2025-10-13,0
0A25F6E3466C,1.0,0.0,2.0,1292.3809523809523,1.8285714285714285,0.01904761904761905,3.0,2025-10-13,0
0A268A7E40CD,3.0,13.0,0.0,68.8048780487805,0.07926829268292683,0.0,16.0,2025-10-13,0
0A272C5A2C9B,0.0,0.0,0.0,0.0,0.0,0.0,0.0,2025-10-13,0
0A2778A31BE3,3.0,4.0,0.0,63.16265060240964,0.024096385542168676,0.0,7.0,2025-10-13,0
0A3528D089D9,5.0,15.0,0.0,50.96319018404908,0.09202453987730061,0.0,20.0,2025-10-13,0
0A3983033084,3.0,1.0,0.0,62.08441558441559,0.06493506493506493,0.0,4.0,2025-10-13,0
0A42B2DB6370,1.0,2.0,0.0,22.072289156626507,0.012048192771084338,0.0,3.0,2025-10-13,0
0A4673793B3E,2.0,3.0,0.0,15.49367088607595,0.0189873417721519,0.0,5.0,2025-10-13,0
0A485668F5C0,3.0,2.0,0.0,286.5874125874126,0.32167832167832167,0.0,5.0,2025-10-13,0
0A4C884F240A,2.0,2.0,0.0,261.40277777777777,0.4583333333333333,0.0,4.0,2025-10-13,0
0A4E33E2692B,6.0,6.0,7.0,282865.64285714284,37.61904761904762,4.595238095238095,19.0,2025-10-13,0
0A52DDE896BF,2.0,0.0,0.0,5650.4358974358975,4.982905982905983,0.0,2.0,2025-10-13,0
0A55DA266F71,1.0,3.0,0.0,6.901234567901234,0.018518518518518517,0.0,4.0,2025-10-13,0
0A568E79FEF6,0.0,0.0,0.0,0.0,0.0,0.0,0.0,2025-10-13,0
0A57338657F8,2.0,2.0,0.0,19.496894409937887,0.17391304347826086,0.0,4.0,2025-10-13,0
0A57A684E20B,2.0,6.0,0.0,37.09933774834437,0.039735099337748346,0.0,8.0,2025-10-13,0
0A5C1439B384,4.0,5.0,0.0,86.96835443037975,0.03164556962025317,0.0,9.0,2025-10-13,0
0A5D017E401E,6.0,5.0,0.0,127447.64788732394,9.394366197183098,0.0,11.0,2025-10-13,0
0A5E96449374,0.0,0.0,0.0,2978.0363636363636,2.3545454545454545,0.05454545454545454,0.0,2025-10-13,0
0A61E3165158,2.0,2.0,1.0,44.22981366459627,0.17391304347826086,0.006211180124223602,5.0,2025-10-13,0
0A62EECEEBD1,1.0,1.0,0.0,66.83734939759036,0.006024096385542169,0.0,2.0,2025-10-13,0
0A6324E3E043,4.0,3.0,18.0,736.2297297297297,0.22972972972972974,0.12837837837837837,25.0,2025-10-13,0
0A6390E0FBA4,3.0,2.0,0.0,3434.587155963303,4.3577981651376145,0.0,5.0,2025-10-13,0
0A663B6B4B28,0.0,2.0,2.0,472.40384615384613,2.5833333333333335,0.019230769230769232,4.0,2025-10-13,0
0A682ED9C6DD,1.0,0.0,1.0,77.51351351351352,0.0472972972972973,0.006756756756756757,2.0,2025-10-13,0
0A68A2032450,4.0,6.0,2.0,16323.774647887323,2.0704225352112675,0.028169014084507043,12.0,2025-10-13,0
0A68DF0B3D07,2.0,2.0,0.0,75.88607594936708,0.13924050632911392,0.0,4.0,2025-10-13,0
0A68F38A6ACF,0.0,0.0,0.0,242.5,0.2,0.02142857142857143,0.0,2025-10-13,0
0A6C571A1550,3.0,4.0,0.0,31.808641975308642,0.024691358024691357,0.0,7.0,2025-10-13,0
0A6D3595373D,2.0,10.0,0.0,61.94409937888199,0.062111801242236024,0.0,12.0,2025-10-13,0
0A6DA0C82CCB,0.0,0.0,0.0,0.0,0.0,0.0,0.0,2025-10-13,0
0A71A6F9D6C6,0.0,10.0,0.0,54.374233128834355,0.06134969325153374,0.0,10.0,2025-10-13,0
0A78FAF47B00,2.0,4.0,1.0,126.53691275167785,0.2684563758389262,0.006711409395973154,7.0,2025-10-13,0
0A7AAFDD9E11,1.0,0.0,0.0,131.49668874172184,0.052980132450331126,0.0,1.0,2025-10-13,0
0A7AC5BDAF86,9.0,5.0,10.0,17467.24418604651,2.0,2.011627906976744,24.0,2025-10-13,0
0A800188C20F,5.0,11.0,1.0,247.15540540540542,0.0945945945945946,0.006756756756756757,17.0,2025-10-13,0
0A8407CF4D85,1.0,5.0,0.0,22.6125,0.03125,0.0,6.0,2025-10-13,0
0A87B8C2734F,6.0,4.0,1.0,171.4189189189189,0.22972972972972974,0.006756756756756757,11.0,2025-10-13,0
0A8EA87BB037,2.0,4.0,0.0,52.576687116564415,0.2085889570552147,0.0,6.0,2025-10-13,0
0A9547C11A56,1.0,3.0,1.0,42.5253164556962,0.17721518987341772,0.006329113924050633,5.0,2025-10-13,0
0A96EACD8070,0.0,0.0,0.0,514.2565789473684,1.638157894736842,0.0,0.0,2025-10-13,0
0A974F5D7D8C,1.0,2.0,4.0,130.04605263157896,0.21052631578947367,0.02631578947368421,7.0,2025-10-13,0
0A9A3BFD6C9B,1.0,3.0,0.0,21.67924528301887,0.2389937106918239,0.0,4.0,2025-10-13,0
0AA18F330F59,0.0,0.0,1.0,13522.084507042253,12.774647887323944,0.014084507042253521,1.0,2025-10-13,0
0AA2818A7B27,1.0,1.0,0.0,89.7239263803681,0.006134969325153374,0.0,2.0,2025-10-13,0
0AA296FF247D,3.0,3.0,2.0,184.05882352941177,0.18382352941176472,0.014705882352941176,8.0,2025-10-13,0
0AA2F2CAB50B,0.0,0.0,3.0,26363.180555555555,18.51388888888889,0.041666666666666664,3.0,2025-10-13,0
0AA3F18DE550,2.0,9.0,0.0,50.56521739130435,0.062111801242236024,0.0,11.0,2025-10-13,0
0AA473D2FC17,2.0,0.0,2.0,184.99346405228758,0.1111111111111111,0.013071895424836602,4.0,2025-10-13,0
0AA4B065E5A5,0.0,0.0,2.0,113.66463414634147,0.1951219512195122,0.012195121951219513,2.0,2025-10-13,0
0AA9051FFFFA,1.0,4.0,0.0,27.049382716049383,0.024691358024691357,0.0,5.0,2025-10-13,0
0AB410184143,1.0,1.0,0.0,35.82208588957055,0.006134969325153374,0.0,2.0,2025-10-13,0
0AB5F9C21BF8,3.0,0.0,5.0,225.32666666666665,0.3933333333333333,0.03333333333333333,8.0,2025-10-13,0
0AB6B45C775A,1.0,0.0,0.0,137.78620689655173,0.5310344827586206,0.0,1.0,2025-10-13,0
0AB97B7632EB,0.0,0.0,0.0,0.0,0.0,0.0,0.0,2025-10-13,0
0ABC8E60F4C1,4.0,1.0,0.0,357.3235294117647,0.10294117647058823,0.0,5.0,2025-10-13,0
0ABD2E513F79,2.0,1.0,0.0,291.987012987013,0.18831168831168832,0.0,3.0,2025-10-13,0
0ABE42BE4165,5.0,1.0,0.0,42.68589743589744,0.14102564102564102,0.0,6.0,2025-10-13,0
0AC437023B18,25.0,22.0,0.0,13360.65,8.066666666666666,0.0,47.0,2025-10-13,0
0AD276FC5E27,5.0,7.0,0.0,491.73333333333335,0.3333333333333333,0.0,12.0,2025-10-13,0
0AD2C92E9756,0.0,1.0,0.0,1.4691358024691359,0.006172839506172839,0.0,1.0,2025-10-13,0
0ADD02AB693D,2.0,0.0,0.0,44.0126582278481,0.08860759493670886,0.0,2.0,2025-10-13,0
0AE03793586F,0.0,1.0,0.0,3.5521472392638036,0.006134969325153374,0.0,1.0,2025-10-13,0
0AE21E7A17E4,4.0,3.0,0.0,194.6143790849673,0.5032679738562091,0.0,7.0,2025-10-13,0
0AE6BF39C720,5.0,8.0,0.0,57.43396226415094,0.3333333333333333,0.0,13.0,2025-10-13,0
0AEF10F3A994,4.0,1.0,0.0,6262.873786407767,1.203883495145631,0.0,5.0,2025-10-13,0
0AF1F0E3B640,0.0,12.0,0.0,223.07692307692307,0.07692307692307693,0.0,12.0,2025-10-13,0
0AF51D7D0F73,3.0,3.0,1.0,413.88652482269504,0.40425531914893614,0.0070921985815602835,7.0,2025-10-13,0
0AF8DCB98E4B,1.0,3.0,0.0,149.32638888888889,0.18055555555555555,0.0,4.0,2025-10-13,0
0AF9846E92DD,6.0,5.0,0.0,3898.862385321101,1.2935779816513762,0.0,11.0,2025-10-13,0
0AFB7B311996,1.0,3.0,0.0,35.475903614457835,0.018072289156626505,0.0,4.0,2025-10-13,0
0AFE702BB093,6.0,1.0,4.0,2865.970297029703,4.089108910891089,0.039603960396039604,11.0,2025-10-13,0
0AFFC263C0D9,0.0,0.0,0.0,4478.336956521739,1.9673913043478262,0.29347826086956524,0.0,2025-10-13,0
0E03D8F69853,0.0,0.0,3.0,12223.0,5.303030303030303,0.030303030303030304,3.0,2025-10-13,0
0E0A8D6EB6B9,0.0,1.0,0.0,83.07236842105263,0.14473684210526316,0.0,1.0,2025-10-13,0
0E0C3EB7915D,3.0,4.0,0.0,19.532467532467532,0.11688311688311688,0.0,7.0,2025-10-13,0
0E0E2996F51A,2.0,0.0,1.0,210.5121951219512,0.2804878048780488,0.006097560975609756,3.0,2025-10-13,0
0E113B01A9A2,4.0,7.0,0.0,41.911949685534594,0.0440251572327044,0.0,11.0,2025-10-13,0
0E11F69747A8,1.0,1.0,0.0,13.872611464968152,0.006369426751592357,0.0,2.0,2025-10-13,0
0E121B6B8661,6.0,3.0,7.0,147.2185430463576,0.152317880794702,0.052980132450331126,16.0,2025-10-13,0
0E1B6F4DBA34,1.0,2.0,0.0,120.17763157894737,0.5263157894736842,0.0,3.0,2025-10-13,0
0E1C622E61BC,2.0,5.0,0.0,67.75838926174497,0.03355704697986577,0.0,7.0,2025-10-13,0
0E1D7CA1DB0C,2.0,0.0,0.0,51.626506024096386,0.10240963855421686,0.0,2.0,2025-10-13,0
0E21C239D865,4.0,7.0,0.0,87.92073170731707,0.04878048780487805,0.0,11.0,2025-10-13,0
0E2575C7EE05,3.0,1.0,1.0,309.6513157894737,0.16447368421052633,0.006578947368421052,5.0,2025-10-13,0
0E2728C481CA,2.0,2.0,7.0,520.0839694656488,0.7786259541984732,0.05343511450381679,11.0,2025-10-13,0
0E293C5E4650,2.0,2.0,0.0,60.59375,0.14375,0.0,4.0,2025-10-13,0
0E2DEE345837,0.0,8.0,0.0,54.30573248407644,0.050955414012738856,0.0,8.0,2025-10-13,0
0E31C429C185,5.0,5.0,0.0,253.9741935483871,0.03225806451612903,0.0,10.0,2025-10-13,0
0E34282F4B53,0.0,2.0,0.0,13.157232704402515,0.012578616352201259,0.0,2.0,2025-10-13,0
0E3D06A07E94,1.0,0.0,2.0,1382.7456140350878,2.1052631578947367,0.02631578947368421,3.0,2025-10-13,0
0E3D96237639,10.0,10.0,1.0,12890.261538461538,1.4461538461538461,0.007692307692307693,21.0,2025-10-13,0
0E41CF7F74D5,1.0,4.0,0.0,16.732919254658384,0.15527950310559005,0.0,5.0,2025-10-13,0
0E462188408C,7.0,3.0,0.0,47.564935064935064,1.6948051948051948,0.0,10.0,2025-10-13,0
0E4CE5FB4405,6.0,3.0,1.0,440.4357142857143,0.5,0.007142857142857143,10.0,2025-10-13,0
0E50A5B2E5C4,1.0,3.0,0.0,55.58227848101266,0.0189873417721519,0.0,4.0,2025-10-13,0
0E543D410B0C,2.0,3.0,1.0,32.64071856287425,0.017964071856287425,0.005988023952095809,6.0,2025-10-13,0
0E55F28AB569,1.0,3.0,0.0,3.8867924528301887,0.018867924528301886,0.0,4.0,2025-10-13,0
0E5A9CEA8093,0.0,8.0,0.0,15.832298136645962,0.049689440993788817,0.0,8.0,2025-10-13,0
0E5CD9B19DCB,0.0,0.0,0.0,0.0,0.0,0.0,0.0,2025-10-13,0
0E5DFCF65AD4,2.0,5.0,0.0,12.012121212121212,0.030303030303030304,0.0,7.0,2025-10-13,0
0E61D34F9993,7.0,1.0,4.0,5165.227642276423,2.227642276422764,0.21138211382113822,12.0,2025-10-13,0
0E69783262BE,4.0,3.0,0.0,190.28476821192052,0.13245033112582782,0.0,7.0,2025-10-13,0
0E69C64B6E57,6.0,12.0,0.0,122.07407407407408,0.07407407407407407,0.0,18.0,2025-10-13,0
0E6A7794AFC7,1.0,1.0,0.0,6.524390243902439,0.006097560975609756,0.0,2.0,2025-10-13,0
0E6ACE6D3146,2.0,8.0,0.0,27.129032258064516,0.23870967741935484,0.0,10.0,2025-10-13,0
0E6D2CBAED41,4.0,1.0,3.0,1578.0737704918033,2.262295081967213,0.02459016393442623,8.0,2025-10-13,0
0E752F1B295C,0.0,0.0,3.0,1563.2589928057555,1.9280575539568345,0.02877697841726619,3.0,2025-10-13,0
0E7A8A5414C2,4.0,7.0,0.0,165.90728476821192,0.31788079470198677,0.0,11.0,2025-10-13,0
0E892C46A442,2.0,0.0,0.0,38.07692307692308,0.8397435897435898,0.0,2.0,2025-10-13,0
0E89F7D5B5BD,4.0,5.0,17.0,390.041958041958,0.7902097902097902,0.13286713286713286,26.0,2025-10-13,0
0E8B8566815B,3.0,1.0,0.0,143.94557823129253,0.11564625850340136,0.0,4.0,2025-10-13,0
0E8CF9CA526F,2.0,5.0,0.0,42.74846625766871,0.03067484662576687,0.0,7.0,2025-10-13,0
0E8F36DAB9C2,2.0,2.0,2.0,1443.7777777777778,0.9090909090909091,0.020202020202020204,6.0,2025-10-13,0
0E9761D8EB58,0.0,0.0,0.0,219907.5,55.0,1.5454545454545454,0.0,2025-10-13,0
0E9A30D927A5,6.0,4.0,0.0,256.8169934640523,0.2549019607843137,0.0,10.0,2025-10-13,0
0E9DC914D8DF,1.0,1.0,0.0,9.74074074074074,0.006172839506172839,0.0,2.0,2025-10-13,0
0EA0447DA91C,6.0,0.0,3.0,232581.60869565216,50.97826086956522,0.06521739130434782,9.0,2025-10-13,0
0EA22CFA3A24,4.0,3.0,0.0,169.67307692307693,0.26282051282051283,0.0,7.0,2025-10-13,0
0EA52A2A7581,2.0,4.0,5.0,107.5945945945946,0.25,0.04054054054054054,11.0,2025-10-13,0
0EAEFEAEFB09,5.0,2.0,0.0,71.95424836601308,0.5686274509803921,0.0,7.0,2025-10-13,0
0EB04F2114F4,0.0,0.0,0.0,0.0,0.0,0.0,0.0,2025-10-13,0
0EB6B31D8AFB,3.0,5.0,0.0,74.23030303030303,0.030303030303030304,0.0,8.0,2025-10-13,0
0EBF1B27CDE1,1.0,4.0,0.0,124.24503311258277,0.423841059602649,0.0,5.0,2025-10-13,0
0EC8A35D0C20,1.0,4.0,0.0,64.7483870967742,0.025806451612903226,0.0,5.0,2025-10-13,0
0ED0849FD6D8,4.0,10.0,0.0,17492.445652173912,2.510869565217391,0.0,14.0,2025-10-13,0
0ED1E9DBD593,2.0,2.0,0.0,363.96478873239437,0.3873239436619718,0.0,4.0,2025-10-13,0
0ED4052A2763,3.0,4.0,0.0,121.2760736196319,0.024539877300613498,0.0,7.0,2025-10-13,0
0ED5057ECE3F,0.0,0.0,3.0,841.0472440944882,1.236220472440945,0.14173228346456693,3.0,2025-10-13,0
0EDC7177CCA9,3.0,4.0,1.0,224.71153846153845,0.02564102564102564,0.00641025641025641,8.0,2025-10-13,0
0EE071F7B24A,0.0,0.0,0.0,35.14102564102564,0.02564102564102564,0.0,0.0,2025-10-13,0
0EE09EDA649F,2.0,12.0,0.0,479.95862068965516,0.08275862068965517,0.0,14.0,2025-10-13,0
0EE317BA7C52,2.0,2.0,3.0,62705.583333333336,12.222222222222221,6.166666666666667,7.0,2025-10-13,0
0EE51B79E853,2.0,7.0,0.0,30.936708860759495,0.04430379746835443,0.0,9.0,2025-10-13,0
0EE78E4317BB,5.0,2.0,0.0,499.5985401459854,0.21897810218978103,0.0,7.0,2025-10-13,1
0EE9497950EE,2.0,2.0,0.0,62.244897959183675,0.36054421768707484,0.0,4.0,2025-10-13,0
0EEA98D1BFDB,3.0,11.0,0.0,19.751592356687897,0.07006369426751592,0.0,14.0,2025-10-13,0
0EECB108FF91,4.0,1.0,0.0,48.41717791411043,0.44785276073619634,0.0,5.0,2025-10-13,0
0EF023E6452D,3.0,1.0,2.0,225.62937062937064,0.2517482517482518,0.16783216783216784,6.0,2025-10-13,0
0EF08481B333,3.0,9.0,0.0,34.883870967741935,0.05806451612903226,0.0,12.0,2025-10-13,0
0EF437108E63,0.0,0.0,0.0,1372.353982300885,0.9292035398230089,0.0,0.0,2025-10-13,0
0EF47B410B41,1.0,13.0,0.0,55.561290322580646,0.0967741935483871,0.0,14.0,2025-10-13,0
0EFD600E2623,0.0,5.0,0.0,32.24848484848485,0.030303030303030304,0.0,5.0,2025-10-13,0
0202CB0A6B1F,1.0,0.0,0.0,45.60625,0.1125,0.0,1.0,2025-10-20,0
02043B6BA08B,1.0,4.0,1.0,20.675862068965518,0.027586206896551724,0.006896551724137931,6.0,2025-10-20,0
02075B45BF24,0.0,0.0,0.0,49.7972972972973,0.02027027027027027,0.013513513513513514,0.0,2025-10-20,0
02091DF7CCB8,1.0,0.0,0.0,3580.607476635514,2.4018691588785046,0.17757009345794392,1.0,2025-10-20,0
02097AB58D3C,1.0,6.0,0.0,45.89171974522293,0.03821656050955414,0.0,7.0,2025-10-20,0
020CC6FB9659,5.0,6.0,1.0,334.171974522293,0.5095541401273885,0.006369426751592357,12.0,2025-10-20,0
02132677328F,0.0,0.0,3.0,5607.638095238095,1.838095238095238,0.02857142857142857,3.0,2025-10-20,0
02142F017781,0.0,0.0,0.0,0.0,0.0,0.0,0.0,2025-10-20,0
02145826103B,2.0,2.0,0.0,59.85806451612903,0.2,0.0,4.0,2025-10-20,0
0217820BFFB2,0.0,7.0,0.0,213.40131578947367,0.26973684210526316,0.0,7.0,2025-10-20,0
021D82B56A3F,4.0,2.0,0.0,49.80132450331126,0.19205298013245034,0.0,6.0,2025-10-20,0
02251388D3A2,4.0,4.0,0.0,86.7625,0.025,0.0,8.0,2025-10-20,0
0228A99EE35A,1.0,5.0,1.0,12.576923076923077,0.03205128205128205,0.00641025641025641,7.0,2025-10-20,0
022C6F326E3B,3.0,0.0,3.0,220.87234042553192,0.5957446808510638,0.02127659574468085,6.0,2025-10-20,0
022DB47C41AC,6.0,1.0,1.0,140.95625,0.1875,0.00625,8.0,2025-10-20,0
023015602FAA,1.0,3.0,0.0,24.927272727272726,0.01818181818181818,0.0,4.0,2025-10-20,0
0230D261A1CD,3.0,4.0,0.0,4674.650485436893,1.5242718446601942,0.0,7.0,2025-10-20,0
0230EEF72435,2.0,3.0,0.0,57.18125,1.09375,0.0,5.0,2025-10-20,0
02314F9A9168,3.0,9.0,0.0,31.727272727272727,0.06060606060606061,0.0,12.0,2025-10-20,0
023257D29366,2.0,2.0,0.0,29.135802469135804,0.012345679012345678,0.0,4.0,2025-10-20,0
023270320B57,5.0,2.0,0.0,117.03225806451613,1.264516129032258,0.0,7.0,2025-10-20,0
02388A18854F,4.0,5.0,9.0,289.5524475524476,2.125874125874126,0.06293706293706294,18.0,2025-10-20,0
0239AD51B7AF,2.0,2.0,0.0,171.8815789473684,0.35526315789473684,0.0,4.0,2025-10-20,0
023A663EFD87,0.0,0.0,0.0,58.295597484276726,0.3584905660377358,0.0,0.0,2025-10-20,0
023AD5204E1C,0.0,0.0,0.0,0.0,0.0,0.0,0.0,2025-10-20,0
023ADDDECF84,2.0,1.0,3.0,14477.958762886597,4.762886597938144,0.030927835051546393,6.0,2025-10-20,0
02423E0E6E9F,3.0,1.0,1.0,148.2516129032258,0.25161290322580643,0.0064516129032258064,5.0,2025-10-20,0
024570739DE0,8.0,15.0,0.0,34.62,0.1,0.0,23.0,2025-10-20,0
02478CD90F3A,5.0,17.0,1.0,582.5347222222222,0.125,0.006944444444444444,23.0,2025-10-20,0
024DD3A9ADCA,5.0,0.0,15.0,221.46,0.32,0.10666666666666667,20.0,2025-10-20,0
024ED433BF7D,2.0,0.0,1.0,413.0952380952381,1.380952380952381,0.007936507936507936,3.0,2025-10-20,0
0253BB40EDA6,1.0,2.0,0.0,20.727272727272727,0.012121212121212121,0.0,3.0,2025-10-20,0
0257E855DBCE,5.0,0.0,7.0,16557.78846153846,3.0961538461538463,0.6346153846153846,12.0,2025-10-20,0
0259991BA036,8.0,7.0,5.0,2457.8429752066118,1.6446280991735538,0.38016528925619836,20.0,2025-10-20,0
026A6007FA48,3.0,0.0,0.0,216.3483870967742,0.33548387096774196,0.0,3.0,2025-10-20,0
027137436C87,2.0,6.0,0.0,58.792682926829265,0.036585365853658534,0.0,8.0,2025-10-20,0
0278E06A2F67,1.0,2.0,0.0,89.95569620253164,0.012658227848101266,0.0,3.0,2025-10-20,0
0279D2AC6ACE,1.0,13.0,0.0,28.67948717948718,0.08333333333333333,0.0,14.0,2025-10-20,0
027B2DC4EA84,4.0,8.0,0.0,73.52201257861635,0.050314465408805034,0.0,12.0,2025-10-20,0
027D07FC97FC,9.0,3.0,3.0,1217.585185185185,0.2,0.022222222222222223,15.0,2025-10-20,0
027FE9CED489,1.0,0.0,0.0,67.94155844155844,0.551948051948052,0.0,1.0,2025-10-20,0
028764AA026E,1.0,3.0,0.0,59.26543209876543,0.018518518518518517,0.0,4.0,2025-10-20,0
02892F51E1CB,3.0,2.0,5.0,3999.45,5.27,0.05,10.0,2025-10-20,0
0289694A6E5B,4.0,3.0,0.0,238.156462585034,0.2108843537414966,0.0,7.0,2025-10-20,0
028B24EADDAD,8.0,9.0,3.0,1694.1818181818182,0.7603305785123967,0.024793388429752067,20.0,2025-10-20,1
028CC0AE5719,6.0,4.0,0.0,162.88819875776397,0.2236024844720497,0.0,10.0,2025-10-20,0
0293918A963F,1.0,1.0,0.0,26.897590361445783,0.006024096385542169,0.0,2.0,2025-10-20,0
02980E461859,4.0,4.0,0.0,67.23780487804878,0.024390243902439025,0.0,8.0,2025-10-20,0
029A2B32D17E,1.0,1.0,0.0,267.73758865248226,0.9929078014184397,0.0,2.0,2025-10-20,0
029C03C2BF19,5.0,0.0,0.0,114.36024844720497,0.32298136645962733,0.0,5.0,2025-10-20,0
029DA26B1A92,1.0,11.0,0.0,42.42424242424242,0.06666666666666667,0.0,12.0,2025-10-20,0
02A80292CB97,2.0,0.0,0.0,23.974683544303797,0.0949367088607595,0.0,2.0,2025-10-20,0
02B5C5ADC792,3.0,3.0,0.0,465.07284768211923,0.24503311258278146,0.0,6.0,2025-10-20,0
02B742646A0E,5.0,1.0,0.0,83.9342105263158,0.13157894736842105,0.0,6.0,2025-10-20,0
02BAD919855D,0.0,2.0,0.0,42.02739726027397,0.13013698630136986,0.0,2.0,2025-10-20,0
02BD26A4C3A0,0.0,5.0,0.0,18.636363636363637,0.03636363636363636,0.0,5.0,2025-10-20,0
02C0F45F31E7,0.0,0.0,1.0,403598.0,55.0,0.2571428571428571,1.0,2025-10-20,0
02CFFA3A3F35,1.0,1.0,0.0,3.95625,0.00625,0.0,2.0,2025-10-20,0
02D49A34B2FE,9.0,8.0,21.0,710.1272727272727,0.8454545454545455,0.21818181818181817,38.0,2025-10-20,1
02D4DFEF402A,2.0,3.0,1.0,16.241830065359476,0.24836601307189543,0.006535947712418301,6.0,2025-10-20,0
02D7623552C8,0.0,1.0,0.0,1248.420634920635,1.873015873015873,0.16666666666666666,1.0,2025-10-20,0
02DC03A0F1E6,3.0,11.0,0.0,86.57055214723927,0.06748466257668712,0.0,14.0,2025-10-20,0
02E12310186C,3.0,6.0,13.0,8496.525862068966,0.9396551724137931,0.12931034482758622,22.0,2025-10-20,0
02EBC6CD4398,0.0,6.0,0.0,21.65625,0.04375,0.0,6.0,2025-10-20,0
02F093C88F2E,3.0,9.0,0.0,37.96894409937888,0.055900621118012424,0.0,12.0,2025-10-20,0
02F18EEE028A,7.0,7.0,10.0,5827.831683168317,1.316831683168317,0.09900990099009901,24.0,2025-10-20,0
02F56F7C8E0B,2.0,2.0,0.0,122.9320987654321,0.012345679012345678,0.0,4.0,2025-10-20,0
02F5CE7705EC,0.0,0.0,0.0,302.50714285714287,1.0285714285714285,0.0,0.0,2025-10-20,0
02F98EB34A7A,1.0,3.0,0.0,4.634730538922156,0.017964071856287425,0.0,4.0,2025-10-20,0
02FBDD4A2C43,3.0,14.0,0.0,146.47798742138366,0.10062893081761007,0.0,17.0,2025-10-20,0
060C5773A61B,2.0,2.0,0.0,1230.3235294117646,1.338235294117647,0.0,4.0,2025-10-20,0
060EE3CB4779,2.0,4.0,0.0,93.76433121019109,0.2484076433121019,0.0,6.0,2025-10-20,0
06132D7396F8,8.0,8.0,0.0,23067.52688172043,7.913978494623656,0.0,16.0,2025-10-20,0
0616F247083A,2.0,3.0,0.0,89.73885350318471,0.10191082802547771,0.0,5.0,2025-10-20,0
061A4322745C,9.0,5.0,2.0,444.36619718309856,0.6056338028169014,0.014084507042253521,16.0,2025-10-20,0
06238EE3BE6C,3.0,2.0,0.0,131.88079470198676,0.2251655629139073,0.0,5.0,2025-10-20,0
062EA113798F,2.0,4.0,0.0,15.170731707317072,0.024390243902439025,0.0,6.0,2025-10-20,0
0634F78DB4C5,3.0,3.0,3.0,476.6470588235294,0.7279411764705882,0.022058823529411766,9.0,2025-10-20,0
0639EA5602C1,1.0,3.0,0.0,32.7239263803681,0.018404907975460124,0.0,4.0,2025-10-20,0
0644582257D9,3.0,0.0,1.0,129.47402597402598,0.09740259740259741,0.006493506493506494,4.0,2025-10-20,0
064AED1EC0AA,5.0,1.0,5.0,114.94701986754967,0.09271523178807947,0.033112582781456956,11.0,2025-10-20,0
064BE19B0A9E,1.0,1.0,1.0,27.270440251572328,0.006289308176100629,0.006289308176100629,3.0,2025-10-20,0
064C94C771EC,1.0,3.0,0.0,17.079268292682926,0.018292682926829267,0.0,4.0,2025-10-20,0
064E66B5367B,0.0,1.0,0.0,93.32051282051282,0.2948717948717949,0.0,1.0,2025-10-20,0
06509A84E873,3.0,2.0,2.0,18.012269938650306,0.147239263803681,0.012269938650306749,7.0,2025-10-20,0
065B928716CD,1.0,2.0,5.0,1021.0305343511451,2.3282442748091605,0.03816793893129771,8.0,2025-10-20,0
065C003A8D0C,2.0,0.0,4.0,1654.2612612612613,1.8108108108108107,0.036036036036036036,6.0,2025-10-20,0
066430BA5119,4.0,5.0,0.0,52.8719512195122,0.03048780487804878,0.0,9.0,2025-10-20,0
0665C3FE6D67,5.0,5.0,0.0,137.68589743589743,0.038461538461538464,0.0,10.0,2025-10-20,0
06711BE6AD2A,4.0,6.0,1.0,84.82165605095541,0.044585987261146494,0.006369426751592357,11.0,2025-10-20,0
06787526FEB3,0.0,0.0,0.0,1026.8548387096773,1.903225806451613,0.0,0.0,2025-10-20,0
0683D2A8DA42,2.0,5.0,0.0,44.55345911949686,0.031446540880503145,0.0,7.0,2025-10-20,0
068553B3AA23,1.0,10.0,0.0,44.64556962025316,0.06329113924050633,0.0,11.0,2025-10-20,0
0687F36E02C6,7.0,4.0,0.0,79.69375,0.15625,0.0,11.0,2025-10-20,0
069357B9F15F,1.0,1.0,0.0,22.481012658227847,0.12658227848101267,0.0,2.0,2025-10-20,0
06981FD8AA87,4.0,1.0,8.0,233.6979865771812,0.10738255033557047,0.053691275167785234,13.0,2025-10-20,0
069A98DEEB1D,3.0,3.0,2.0,524.6076923076923,0.5076923076923077,0.015384615384615385,8.0,2025-10-20,0
06AA1DE70CBF,3.0,4.0,0.0,46.5,0.025,0.0,7.0,2025-10-20,0
06AAA28A5D6B,0.0,1.0,0.0,22.78181818181818,0.006060606060606061,0.0,1.0,2025-10-20,0
06AEE181F595,3.0,0.0,0.0,329.265306122449,0.3469387755102041,0.0,3.0,2025-10-20,0
06B162DC93E3,0.0,0.0,0.0,0.0,0.0,0.0,0.0,2025-10-20,0
06B641B75B29,1.0,2.0,0.0,2173.473214285714,4.321428571428571,0.29464285714285715,3.0,2025-10-20,0
06C0D5E3BCDB,3.0,6.0,0.0,1001.3450704225352,0.2676056338028169,0.0,9.0,2025-10-20,0
06C0F27E810B,1.0,1.0,0.0,90.20245398773007,0.147239263803681,0.0,2.0,2025-10-20,0
06C67619095C,0.0,3.0,0.0,68.03680981595092,0.018404907975460124,0.0,3.0,2025-10-20,0
06C77FEA9550,3.0,0.0,1.0,197.0,0.8163265306122449,0.006802721088435374,4.0,2025-10-20,0
06C98DF4F0FA,0.0,0.0,0.0,0.0,0.0,0.0,0.0,2025-10-20,0
06CE0F3CFB3C,0.0,5.0,0.0,24.414012738853504,0.03821656050955414,0.0,5.0,2025-10-20,0
06D0342253A0,3.0,13.0,0.0,84.94375,0.08125,0.0,16.0,2025-10-20,0
06D388A19D5D,5.0,2.0,1.0,17.62962962962963,0.19135802469135801,0.006172839506172839,8.0,2025-10-20,0
06D6B7018E15,2.0,6.0,0.0,112.0925925925926,0.037037037037037035,0.0,8.0,2025-10-20,0
06D7F6C73E0C,3.0,6.0,0.0,42.442424242424245,0.04242424242424243,0.0,9.0,2025-10-20,0
06D84598CCB4,1.0,12.0,0.0,167.25,0.08125,0.0,13.0,2025-10-20,0
06DAF11BD38F,3.0,0.0,0.0,35.98684210526316,0.08552631578947369,0.0,3.0,2025-10-20,0
06DF118D7989,1.0,0.0,7.0,197.90588235294118,0.4470588235294118,0.08235294117647059,8.0,2025-10-20,0
06EA136A2996,0.0,3.0,0.0,8.646341463414634,0.018292682926829267,0.0,3.0,2025-10-20,0
06EDBAE64B57,1.0,1.0,0.0,25.242424242424242,0.006060606060606061,0.0,2.0,2025-10-20,0
06EEBD283262,0.0,0.0,0.0,0.0,0.0,0.0,0.0,2025-10-20,0
06EFD61B80ED,2.0,4.0,0.0,27.506172839506174,0.024691358024691357,0.0,6.0,2025-10-20,0
06F2469B50EF,2.0,6.0,1.0,304.3421052631579,0.039473684210526314,0.006578947368421052,9.0,2025-10-20,0
06F2CDBD2C41,0.0,0.0,2.0,582.75,0.5967741935483871,0.016129032258064516,2.0,2025-10-20,0
06F40EA87663,0.0,10.0,3.0,75.33333333333333,0.06289308176100629,0.018867924528301886,13.0,2025-10-20,0
06F49BD8F572,0.0,0.0,0.0,148.99328859060404,0.2348993288590604,0.006711409395973154,0.0,2025-10-20,0
06FDA7D7B22A,1.0,3.0,0.0,11.198795180722891,0.018072289156626505,0.0,4.0,2025-10-20,0
06FFEC2EFA5E,1.0,2.0,0.0,160.3968253968254,0.48412698412698413,0.0,3.0,2025-10-20,0
0A0B47664A85,7.0,5.0,0.0,53.062893081761004,0.2578616352201258,0.0,12.0,2025-10-20,0
0A10201AFE0A,2.0,6.0,0.0,61.67701863354037,0.037267080745341616,0.0,8.0,2025-10-20,0
0A1037E90A63,1.0,1.0,0.0,22.067073170731707,0.006097560975609756,0.0,2.0,2025-10-20,0
0A10A5A5056E,3.0,4.0,0.0,71.93037974683544,0.18354430379746836,0.0,7.0,2025-10-20,0
0A15BC628AFC,0.0,0.0,0.0,0.0,0.0,0.0,0.0,2025-10-20,0
0A182EFD3C61,6.0,4.0,10.0,244.0703125,1.4765625,0.078125,20.0,2025-10-20,0
0A184A2E46B7,0.0,0.0,0.0,475.43835616438355,3.1506849315068495,0.0,0.0,2025-10-20,0
0A19C62F4F6D,0.0,0.0,0.0,51.01923076923077,0.08974358974358974,0.0,0.0,2025-10-20,0
0A1FB1C98A92,0.0,0.0,0.0,872.1297709923664,0.5725190839694656,0.0,0.0,2025-10-20,0
0A23474F1944,3.0,1.0,0.0,38.2375,0.175,0.0,4.0,2025-10-20,0
0A25F6E3466C,1.0,0.0,1.0,1104.9661016949153,1.6355932203389831,0.00847457627118644,2.0,2025-10-20,0
0A268A7E40CD,2.0,9.0,0.0,52.57861635220126,0.05660377358490566,0.0,11.0,2025-10-20,0
0A272C5A2C9B,2.0,2.0,0.0,16.0,0.012195121951219513,0.0,4.0,2025-10-20,0
0A2778A31BE3,1.0,3.0,0.0,22.830188679245282,0.018867924528301886,0.0,4.0,2025-10-20,0
0A3528D089D9,1.0,10.0,0.0,76.67073170731707,0.06097560975609756,0.0,11.0,2025-10-20,0
0A3983033084,3.0,9.0,0.0,62.39877300613497,0.05521472392638037,0.0,12.0,2025-10-20,0
0A42B2DB6370,1.0,1.0,0.0,40.412121212121214,0.006060606060606061,0.0,2.0,2025-10-20,0
0A4673793B3E,1.0,3.0,0.0,4.254545454545455,0.01818181818181818,0.0,4.0,2025-10-20,0
0A485668F5C0,0.0,6.0,0.0,137.2016129032258,0.3225806451612903,0.0,6.0,2025-10-20,0
0A4C884F240A,1.0,2.0,1.0,181.2751677852349,0.3825503355704698,0.006711409395973154,4.0,2025-10-20,0
0A4E33E2692B,1.0,0.0,0.0,108428.27272727272,15.909090909090908,1.0909090909090908,1.0,2025-10-20,0
0A52DDE896BF,1.0,1.0,0.0,5597.793388429752,5.768595041322314,0.0,2.0,2025-10-20,0
0A55DA266F71,4.0,12.0,0.0,45.92258064516129,0.07741935483870968,0.0,16.0,2025-10-20,0
0A568E79FEF6,1.0,1.0,0.0,3.462962962962963,0.006172839506172839,0.0,2.0,2025-10-20,0
0A57338657F8,8.0,3.0,0.0,42.74233128834356,0.22085889570552147,0.0,11.0,2025-10-20,0
0A57A684E20B,4.0,9.0,0.0,87.33742331288343,0.06134969325153374,0.0,13.0,2025-10-20,0
0A5C1439B384,2.0,4.0,0.0,40.61349693251534,0.024539877300613498,0.0,6.0,2025-10-20,0
0A5D017E401E,6.0,5.0,0.0,221506.43103448275,13.379310344827585,0.0,11.0,2025-10-20,0
0A5E96449374,0.0,0.0,0.0,2077.765765765766,1.864864864864865,0.04504504504504504,0.0,2025-10-20,0
0A61E3165158,3.0,2.0,0.0,45.140127388535035,0.11464968152866242,0.0,5.0,2025-10-20,0
0A62EECEEBD1,0.0,0.0,0.0,0.0,0.0,0.0,0.0,2025-10-20,0
0A6324E3E043,2.0,2.0,1.0,444.2738853503185,0.1592356687898089,0.10828025477707007,5.0,2025-10-20,0
0A6390E0FBA4,1.0,0.0,0.0,1854.023622047244,2.590551181102362,0.0,1.0,2025-10-20,0
0A663B6B4B28,2.0,2.0,3.0,630.3137254901961,3.235294117647059,0.026143790849673203,7.0,2025-10-20,0
0A682ED9C6DD,1.0,8.0,0.0,49.73684210526316,0.05263157894736842,0.0,9.0,2025-10-20,1
0A68A2032450,2.0,3.0,5.0,25002.5223880597,2.611940298507463,0.07462686567164178,10.0,2025-10-20,0
0A68DF0B3D07,2.0,1.0,0.0,71.34969325153374,0.08588957055214724,0.0,3.0,2025-10-20,0
0A68F38A6ACF,0.0,0.0,2.0,167.72413793103448,0.18620689655172415,0.013793103448275862,2.0,2025-10-20,0
0A6C571A1550,1.0,3.0,0.0,30.434782608695652,0.018633540372670808,0.0,4.0,2025-10-20,0
0A6D3595373D,3.0,9.0,0.0,77.33540372670808,0.062111801242236024,0.0,12.0,2025-10-20,0
0A6DA0C82CCB,0.0,0.0,0.0,0.0,0.0,0.0,0.0,2025-10-20,0
0A71A6F9D6C6,2.0,1.0,0.0,149.48447204968943,0.13664596273291926,0.0,3.0,2025-10-20,0
0A78FAF47B00,5.0,1.0,1.0,193.87179487179486,0.23717948717948717,0.00641025641025641,7.0,2025-10-20,0
0A7AAFDD9E11,1.0,4.0,0.0,115.14765100671141,0.03355704697986577,0.0,5.0,2025-10-20,0
0A7AC5BDAF86,1.0,0.0,3.0,10088.083333333334,1.5277777777777777,1.7222222222222223,4.0,2025-10-20,0
0A800188C20F,2.0,6.0,0.0,69.4746835443038,0.0379746835443038,0.0,8.0,2025-10-20,0
0A8407CF4D85,1.0,4.0,0.0,17.093167701863354,0.024844720496894408,0.0,5.0,2025-10-20,0
0A87B8C2734F,1.0,1.0,2.0,57.503311258278146,0.1456953642384106,0.013245033112582781,4.0,2025-10-20,0
0A8EA87BB037,4.0,5.0,0.0,39.48765432098765,0.15432098765432098,0.0,9.0,2025-10-20,0
0A9547C11A56,5.0,1.0,0.0,42.23270440251572,0.1761006289308176,0.0,6.0,2025-10-20,0
0A96EACD8070,1.0,2.0,2.0,676.0902777777778,1.625,0.013888888888888888,5.0,2025-10-20,0
0A974F5D7D8C,0.0,3.0,5.0,76.5,0.17088607594936708,0.03164556962025317,8.0,2025-10-20,0
0A9A3BFD6C9B,3.0,2.0,0.0,23.0875,0.18125,0.0,5.0,2025-10-20,0
0AA18F330F59,0.0,0.0,0.0,8642.6375,8.25,0.0,0.0,2025-10-20,0
0AA2818A7B27,0.0,0.0,0.0,0.0,0.0,0.0,0.0,2025-10-20,0
0AA296FF247D,2.0,6.0,2.0,151.56617647058823,0.25735294117647056,0.014705882352941176,10.0,2025-10-20,0
0AA2F2CAB50B,0.0,0.0,1.0,6240.238532110092,7.165137614678899,0.009174311926605505,1.0,2025-10-20,0
0AA3F18DE550,5.0,13.0,0.0,115.61111111111111,0.08024691358024691,0.0,18.0,2025-10-20,0
0AA473D2FC17,1.0,1.0,1.0,103.17105263157895,0.10526315789473684,0.006578947368421052,3.0,2025-10-20,0
0AA4B065E5A5,1.0,1.0,0.0,334.687898089172,0.10828025477707007,0.0,2.0,2025-10-20,0
0AA9051FFFFA,4.0,5.0,0.0,47.49068322981366,0.031055900621118012,0.0,9.0,2025-10-20,0
0AB410184143,2.0,2.0,1.0,170.55900621118013,0.012422360248447204,0.006211180124223602,5.0,2025-10-20,0
0AB5F9C21BF8,6.0,14.0,14.0,11457.2,3.0454545454545454,0.5181818181818182,34.0,2025-10-20,0
0AB6B45C775A,0.0,2.0,1.0,75.44366197183099,0.4084507042253521,0.007042253521126761,3.0,2025-10-20,0
0AB97B7632EB,0.0,0.0,0.0,0.0,0.0,0.0,0.0,2025-10-20,0
0ABC8E60F4C1,2.0,12.0,3.0,195.90540540540542,0.08108108108108109,0.02027027027027027,17.0,2025-10-20,0
0ABD2E513F79,2.0,1.0,0.0,219.40384615384616,0.1346153846153846,0.0,3.0,2025-10-20,0
0ABE42BE4165,5.0,1.0,0.0,35.87741935483871,0.12258064516129032,0.0,6.0,2025-10-20,0
0AC437023B18,0.0,0.0,0.0,19742.0,15.0,0.0,0.0,2025-10-20,0
0AD276FC5E27,2.0,4.0,0.0,301.95384615384614,0.2923076923076923,0.0,6.0,2025-10-20,0
0AD2C92E9756,0.0,2.0,1.0,10.581818181818182,0.012121212121212121,0.006060606060606061,3.0,2025-10-20,0
0ADD02AB693D,7.0,4.0,0.0,44.82236842105263,0.10526315789473684,0.0,11.0,2025-10-20,0
0AE03793586F,0.0,2.0,0.0,41.23456790123457,0.012345679012345678,0.0,2.0,2025-10-20,0
0AE21E7A17E4,1.0,1.0,0.0,78.77397260273973,0.2602739726027397,0.0,2.0,2025-10-20,0
0AE6BF39C720,4.0,7.0,0.0,52.48407643312102,0.28662420382165604,0.0,11.0,2025-10-20,0
0AEF10F3A994,1.0,1.0,0.0,3117.9662162162163,1.0,0.0,2.0,2025-10-20,0
0AF1F0E3B640,2.0,7.0,1.0,247.77987421383648,0.0440251572327044,0.006289308176100629,10.0,2025-10-20,0
0AF51D7D0F73,8.0,5.0,0.0,1000.2071428571429,0.5214285714285715,0.0,13.0,2025-10-20,0
0AF8DCB98E4B,2.0,3.0,0.0,188.19444444444446,0.2013888888888889,0.0,5.0,2025-10-20,0
0AF9846E92DD,2.0,1.0,0.0,1676.6764705882354,0.7549019607843137,0.0,3.0,2025-10-20,0
0AFB7B311996,0.0,0.0,0.0,0.0,0.0,0.0,0.0,2025-10-20,0
0AFE702BB093,0.0,1.0,9.0,1642.6851851851852,3.435185185185185,0.08333333333333333,10.0,2025-10-20,0
0AFFC263C0D9,0.0,0.0,0.0,4080.092783505155,1.3505154639175259,0.17525773195876287,0.0,2025-10-20,0
0E03D8F69853,0.0,0.0,2.0,4025.8396226415093,3.3207547169811322,0.018867924528301886,2.0,2025-10-20,0
0E0A8D6EB6B9,6.0,2.0,0.0,145.3841059602649,0.1456953642384106,0.0,8.0,2025-10-20,0
0E0C3EB7915D,2.0,1.0,0.0,15.534591194968554,0.11320754716981132,0.0,3.0,2025-10-20,0
0E0E2996F51A,1.0,4.0,3.0,178.43421052631578,0.3092105263157895,0.019736842105263157,8.0,2025-10-20,0
0E113B01A9A2,2.0,3.0,0.0,10.119496855345911,0.018867924528301886,0.0,5.0,2025-10-20,0
0E11F69747A8,1.0,1.0,0.0,18.580246913580247,0.006172839506172839,0.0,2.0,2025-10-20,0
0E121B6B8661,6.0,22.0,19.0,2206.8682170542634,0.7131782945736435,0.5891472868217055,47.0,2025-10-20,0
0E1B6F4DBA34,2.0,1.0,0.0,116.54304635761589,0.45695364238410596,0.0,3.0,2025-10-20,0
0E1C622E61BC,3.0,7.0,0.0,189.20915032679738,0.0457516339869281,0.0,10.0,2025-10-20,0
0E1D7CA1DB0C,2.0,0.0,0.0,58.47878787878788,0.09090909090909091,0.0,2.0,2025-10-20,0
0E21C239D865,3.0,3.0,0.0,38.04938271604938,0.018518518518518517,0.0,6.0,2025-10-20,0
0E2575C7EE05,0.0,2.0,0.0,99.67283950617283,0.08641975308641975,0.0,2.0,2025-10-20,0
0E2728C481CA,4.0,4.0,3.0,464.5,0.7753623188405797,0.021739130434782608,11.0,2025-10-20,0
0E293C5E4650,3.0,0.0,0.0,62.03703703703704,0.08641975308641975,0.0,3.0,2025-10-20,0
0E2DEE345837,1.0,6.0,0.0,60.25625,0.0375,0.0,7.0,2025-10-20,0
0E31C429C185,2.0,2.0,1.0,324.1194968553459,0.012578616352201259,0.006289308176100629,5.0,2025-10-20,0
0E34282F4B53,2.0,3.0,1.0,18.67924528301887,0.018867924528301886,0.006289308176100629,6.0,2025-10-20,0
0E3D06A07E94,1.0,0.0,2.0,1796.2635658914728,2.364341085271318,0.015503875968992248,3.0,2025-10-20,0
0E3D96237639,0.0,0.0,0.0,4151.037878787879,0.7727272727272727,0.0,0.0,2025-10-20,0
0E41CF7F74D5,4.0,4.0,0.0,41.03105590062112,0.2111801242236025,0.0,8.0,2025-10-20,0
0E462188408C,11.0,1.0,0.0,51.484472049689444,1.4285714285714286,0.0,12.0,2025-10-20,0
0E4CE5FB4405,3.0,4.0,0.0,450.22463768115944,0.37681159420289856,0.0,7.0,2025-10-20,0
0E50A5B2E5C4,1.0,2.0,0.0,22.955974842767297,0.012578616352201259,0.0,3.0,2025-10-20,0
0E543D410B0C,5.0,8.0,0.0,91.1951219512195,0.04878048780487805,0.0,13.0,2025-10-20,0
0E55F28AB569,4.0,5.0,0.0,11.44375,0.03125,0.0,9.0,2025-10-20,0
0E5A9CEA8093,2.0,15.0,1.0,47.88957055214724,0.09202453987730061,0.006134969325153374,18.0,2025-10-20,0
0E5CD9B19DCB,3.0,5.0,1.0,64.11585365853658,0.03048780487804878,0.006097560975609756,9.0,2025-10-20,0
0E5DFCF65AD4,2.0,2.0,0.0,12.614906832298137,0.012422360248447204,0.0,4.0,2025-10-20,0
0E61D34F9993,4.0,3.0,2.0,7767.009090909091,2.790909090909091,0.18181818181818182,9.0,2025-10-20,1
0E69783262BE,2.0,1.0,1.0,97.24516129032259,0.12903225806451613,0.0064516129032258064,4.0,2025-10-20,0
0E69C64B6E57,2.0,12.0,0.0,99.53846153846153,0.07692307692307693,0.0,14.0,2025-10-20,0
0E6A7794AFC7,1.0,1.0,0.0,41.75151515151515,0.006060606060606061,0.0,2.0,2025-10-20,0
0E6ACE6D3146,3.0,4.0,0.0,19.64516129032258,0.16129032258064516,0.0,7.0,2025-10-20,0
0E6D2CBAED41,3.0,1.0,2.0,1323.0714285714287,2.0793650793650795,0.015873015873015872,6.0,2025-10-20,0
0E752F1B295C,0.0,0.0,4.0,807.4820143884892,1.2733812949640289,0.03597122302158273,4.0,2025-10-20,0
0E7A8A5414C2,2.0,4.0,1.0,65.49068322981367,0.2360248447204969,0.006211180124223602,7.0,2025-10-20,0
0E892C46A442,3.0,2.0,0.0,61.86538461538461,1.314102564102564,0.0,5.0,2025-10-20,0
0E89F7D5B5BD,12.0,9.0,10.0,1941.618320610687,1.8396946564885497,0.40458015267175573,31.0,2025-10-20,0
0E8B8566815B,7.0,1.0,0.0,308.9,0.15333333333333332,0.0,8.0,2025-10-20,0
0E8CF9CA526F,1.0,7.0,0.0,25.900621118012424,0.043478260869565216,0.0,8.0,2025-10-20,0
0E8F36DAB9C2,4.0,1.0,0.0,1621.7169811320755,0.9433962264150944,0.0,5.0,2025-10-20,0
0E9761D8EB58,0.0,0.0,0.0,81902.45454545454,51.054545454545455,0.14545454545454545,0.0,2025-10-20,0
0E9A30D927A5,1.0,1.0,3.0,115.41095890410959,0.1506849315068493,0.0273972602739726,5.0,2025-10-20,0
0E9DC914D8DF,2.0,2.0,0.0,171.74545454545455,0.012121212121212121,0.0,4.0,2025-10-20,0
0EA0447DA91C,3.0,0.0,2.0,247562.67857142858,52.464285714285715,0.07142857142857142,5.0,2025-10-20,0
0EA22CFA3A24,2.0,2.0,0.0,98.85526315789474,0.19736842105263158,0.0,4.0,2025-10-20,0
0EA52A2A7581,5.0,3.0,4.0,147.45833333333334,0.24305555555555555,0.027777777777777776,12.0,2025-10-20,0
0EAEFEAEFB09,3.0,3.0,0.0,57.57241379310345,0.4827586206896552,0.0,6.0,2025-10-20,0
0EB04F2114F4,0.0,0.0,0.0,0.0,0.0,0.0,0.0,2025-10-20,0
0EB6B31D8AFB,4.0,5.0,1.0,85.26993865030674,0.03067484662576687,0.006134969325153374,10.0,2025-10-20,0
0EBF1B27CDE1,11.0,12.0,6.0,2985.991666666667,2.8916666666666666,0.05,29.0,2025-10-20,0
0EC8A35D0C20,2.0,9.0,0.0,109.01234567901234,0.05555555555555555,0.0,11.0,2025-10-20,0
0ED0849FD6D8,2.0,7.0,1.0,35251.375,4.484375,0.015625,10.0,2025-10-20,1
0ED1E9DBD593,4.0,1.0,1.0,332.95620437956205,0.35036496350364965,0.0072992700729927005,6.0,2025-10-20,0
0ED4052A2763,3.0,8.0,0.0,81.13496932515338,0.049079754601226995,0.0,11.0,2025-10-20,0
0ED5057ECE3F,0.0,1.0,2.0,738.1438848920864,1.2733812949640289,0.06474820143884892,3.0,2025-10-20,0
0EDC7177CCA9,1.0,3.0,0.0,36.39873417721519,0.0189873417721519,0.0,4.0,2025-10-20,0
0EE071F7B24A,1.0,5.0,0.0,97.67307692307692,0.03205128205128205,0.0,6.0,2025-10-20,0
0EE09EDA649F,0.0,2.0,1.0,41.01324503311258,0.013245033112582781,0.006622516556291391,3.0,2025-10-20,0
0EE317BA7C52,1.0,3.0,1.0,54384.1935483871,17.032258064516128,6.161290322580645,5.0,2025-10-20,0
0EE51B79E853,4.0,8.0,0.0,32.938650306748464,0.049079754601226995,0.0,12.0,2025-10-20,0
0EE78E4317BB,9.0,3.0,0.0,1773.3955223880596,0.7238805970149254,0.0,12.0,2025-10-20,0
0EE9497950EE,2.0,5.0,0.0,63.253246753246756,0.4090909090909091,0.0,7.0,2025-10-20,0
0EEA98D1BFDB,4.0,11.0,0.0,22.487654320987655,0.07407407407407407,0.0,15.0,2025-10-20,0
0EECB108FF91,6.0,1.0,0.0,92.83125,0.5875,0.0,7.0,2025-10-20,0
0EF023E6452D,5.0,3.0,1.0,202.00645161290322,0.23225806451612904,0.12903225806451613,9.0,2025-10-20,0
0EF08481B333,1.0,2.0,0.0,10.45625,0.0125,0.0,3.0,2025-10-20,0
0EF437108E63,0.0,0.0,0.0,635.8358208955224,0.6194029850746269,0.0,0.0,2025-10-20,0
0EF47B410B41,1.0,7.0,0.0,29.864516129032257,0.04516129032258064,0.0,8.0,2025-10-20,0
0EFD600E2623,1.0,2.0,0.0,33.86060606060606,0.012121212121212121,0.0,3.0,2025-10-20,0
0202CB0A6B1F,4.0,2.0,0.0,65.8407643312102,0.1910828025477707,0.0,6.0,2025-10-27,0
02043B6BA08B,2.0,2.0,0.0,15.153333333333334,0.013333333333333334,0.0,4.0,2025-10-27,0
02075B45BF24,0.0,5.0,4.0,25.10625,0.03125,0.025,9.0,2025-10-27,0
02091DF7CCB8,0.0,0.0,0.0,1193.4833333333333,1.35,0.08333333333333333,0.0,2025-10-27,0
02097AB58D3C,1.0,6.0,0.0,18.873417721518987,0.0379746835443038,0.0,7.0,2025-10-27,0
020CC6FB9659,4.0,4.0,0.0,354.9139072847682,0.6158940397350994,0.0,8.0,2025-10-27,0
02132677328F,1.0,0.0,0.0,3572.8214285714284,1.3482142857142858,0.0,1.0,2025-10-27,0
02142F017781,2.0,2.0,0.0,262.9030303030303,0.012121212121212121,0.0,4.0,2025-10-27,0
02145826103B,7.0,13.0,0.0,1620.6377952755906,1.6929133858267718,0.0,20.0,2025-10-27,1
0217820BFFB2,0.0,3.0,0.0,134.5,0.22,0.0,3.0,2025-10-27,0
021D82B56A3F,2.0,5.0,0.0,68.1358024691358,0.22839506172839505,0.0,7.0,2025-10-27,0
02251388D3A2,3.0,4.0,0.0,208.69325153374234,0.024539877300613498,0.0,7.0,2025-10-27,0
0228A99EE35A,1.0,2.0,2.0,9.822085889570552,0.012269938650306749,0.012269938650306749,5.0,2025-10-27,0
022C6F326E3B,2.0,4.0,1.0,276.007299270073,0.6496350364963503,0.0072992700729927005,7.0,2025-10-27,0
022DB47C41AC,1.0,2.0,0.0,41.92617449664429,0.10067114093959731,0.0,3.0,2025-10-27,0
023015602FAA,1.0,1.0,0.0,16.900621118012424,0.006211180124223602,0.0,2.0,2025-10-27,0
0230D261A1CD,3.0,2.0,0.0,9172.147540983606,1.8360655737704918,0.0,5.0,2025-10-27,0
0230EEF72435,2.0,1.0,0.0,59.76470588235294,1.1241830065359477,0.0,3.0,2025-10-27,0
02314F9A9168,2.0,11.0,0.0,36.9125,0.06875,0.0,13.0,2025-10-27,0
023257D29366,2.0,4.0,0.0,21.609756097560975,0.024390243902439025,0.0,6.0,2025-10-27,0
023270320B57,0.0,2.0,0.0,59.525,0.875,0.0,2.0,2025-10-27,0
02388A18854F,3.0,0.0,14.0,293.0359712230216,2.194244604316547,0.10071942446043165,17.0,2025-10-27,0
0239AD51B7AF,0.0,0.0,0.0,98.36363636363636,0.2792207792207792,0.0,0.0,2025-10-27,0
023A663EFD87,1.0,2.0,0.0,78.85,0.45625,0.0,3.0,2025-10-27,0
023AD5204E1C,1.0,1.0,0.0,27.791411042944784,0.006134969325153374,0.0,2.0,2025-10-27,0
023ADDDECF84,0.0,1.0,1.0,10245.79347826087,5.086956521739131,0.010869565217391304,2.0,2025-10-27,0
02423E0E6E9F,1.0,5.0,4.0,146.843537414966,0.22448979591836735,0.027210884353741496,10.0,2025-10-27,0
024570739DE0,4.0,14.0,9.0,113.39455782312925,0.10884353741496598,0.06802721088435375,27.0,2025-10-27,0
02478CD90F3A,3.0,1.0,2.0,405.64383561643837,0.1095890410958904,0.0136986301369863,6.0,2025-10-27,0
024DD3A9ADCA,1.0,0.0,9.0,161.32876712328766,0.273972602739726,0.06164383561643835,10.0,2025-10-27,0
024ED433BF7D,2.0,0.0,0.0,367.17424242424244,0.946969696969697,0.0,2.0,2025-10-27,0
0253BB40EDA6,1.0,2.0,0.0,18.173076923076923,0.01282051282051282,0.0,3.0,2025-10-27,0
0257E855DBCE,6.0,5.0,4.0,23476.485436893203,4.378640776699029,1.0388349514563107,15.0,2025-10-27,0
0259991BA036,3.0,4.0,1.0,1764.8135593220338,1.4576271186440677,0.3813559322033898,8.0,2025-10-27,0
026A6007FA48,1.0,1.0,1.0,185.2987012987013,0.461038961038961,0.006493506493506494,3.0,2025-10-27,0
027137436C87,1.0,14.0,0.0,31.757575757575758,0.08484848484848485,0.0,15.0,2025-10-27,0
0278E06A2F67,1.0,2.0,0.0,19.8343949044586,0.012738853503184714,0.0,3.0,2025-10-27,0
0279D2AC6ACE,0.0,11.0,0.0,15.50314465408805,0.06918238993710692,0.0,11.0,2025-10-27,0
027B2DC4EA84,2.0,6.0,0.0,49.575,0.0375,0.0,8.0,2025-10-27,0
027D07FC97FC,1.0,10.0,6.0,4028.4809160305344,0.44274809160305345,0.04580152671755725,17.0,2025-10-27,0
027FE9CED489,4.0,7.0,0.0,142.14012738853503,0.9681528662420382,0.0,11.0,2025-10-27,0
028764AA026E,1.0,3.0,1.0,80.68518518518519,0.018518518518518517,0.006172839506172839,5.0,2025-10-27,0
02892F51E1CB,8.0,7.0,13.0,25303.95,19.1625,0.2,28.0,2025-10-27,0
0289694A6E5B,3.0,2.0,0.0,122.55704697986577,0.20134228187919462,0.0,5.0,2025-10-27,0
028B24EADDAD,9.0,9.0,21.0,7631.724137931034,1.646551724137931,0.2413793103448276,39.0,2025-10-27,0
028CC0AE5719,16.0,6.0,1.0,1532.638888888889,0.8055555555555556,0.006944444444444444,23.0,2025-10-27,0
0293918A963F,2.0,2.0,0.0,201.375,0.0125,0.0,4.0,2025-10-27,0
02980E461859,0.0,2.0,0.0,4.5426829268292686,0.012195121951219513,0.0,2.0,2025-10-27,0
029A2B32D17E,3.0,2.0,3.0,408.0268456375839,0.8187919463087249,0.020134228187919462,8.0,2025-10-27,0
029C03C2BF19,2.0,1.0,0.0,127.0,0.358974358974359,0.0,3.0,2025-10-27,0
029DA26B1A92,1.0,13.0,0.0,21.620481927710845,0.0783132530120482,0.0,14.0,2025-10-27,0
02A80292CB97,1.0,0.0,0.0,20.35151515151515,0.09696969696969697,0.0,1.0,2025-10-27,0
02B5C5ADC792,3.0,6.0,2.0,347.7986111111111,0.24305555555555555,0.013888888888888888,11.0,2025-10-27,0
02B742646A0E,3.0,1.0,3.0,67.22641509433963,0.13836477987421383,0.018867924528301886,7.0,2025-10-27,0
02BAD919855D,0.0,2.0,0.0,72.02666666666667,0.12,0.0,2.0,2025-10-27,0
02BD26A4C3A0,2.0,2.0,0.0,37.648148148148145,0.012345679012345678,0.0,4.0,2025-10-27,0
02C0F45F31E7,0.0,0.0,0.0,376429.2702702703,55.0,0.02702702702702703,0.0,2025-10-27,0
02CFFA3A3F35,2.0,2.0,0.0,36.166666666666664,0.012345679012345678,0.0,4.0,2025-10-27,0
02D49A34B2FE,7.0,10.0,14.0,3435.0506329113923,1.6075949367088607,0.6075949367088608,31.0,2025-10-27,0
02D4DFEF402A,3.0,4.0,0.0,10.930379746835444,0.17721518987341772,0.0,7.0,2025-10-27,0
02D7623552C8,2.0,0.0,1.0,1922.409090909091,2.0727272727272728,0.37272727272727274,3.0,2025-10-27,0
02DC03A0F1E6,2.0,5.0,0.0,70.45454545454545,0.030303030303030304,0.0,7.0,2025-10-27,0
02E12310186C,3.0,0.0,4.0,5343.550847457627,0.4322033898305085,0.03389830508474576,7.0,2025-10-27,0
02EBC6CD4398,7.0,2.0,0.0,145.3181818181818,0.16233766233766234,0.0,9.0,2025-10-27,0
02F093C88F2E,5.0,1.0,0.0,111.4375,0.15,0.0,6.0,2025-10-27,0
02F18EEE028A,3.0,0.0,4.0,2409.2830188679245,0.7547169811320755,0.03773584905660377,7.0,2025-10-27,0
02F56F7C8E0B,1.0,1.0,0.0,33.7037037037037,0.006172839506172839,0.0,2.0,2025-10-27,0
02F5CE7705EC,0.0,0.0,0.0,230.65806451612903,0.8903225806451613,0.0,0.0,2025-10-27,0
02F98EB34A7A,4.0,7.0,0.0,27.945121951219512,0.042682926829268296,0.0,11.0,2025-10-27,0
02FBDD4A2C43,4.0,11.0,0.0,193.25333333333333,0.07333333333333333,0.0,15.0,2025-10-27,0
060C5773A61B,3.0,2.0,0.0,1391.7537313432836,1.3507462686567164,0.0,5.0,2025-10-27,0
060EE3CB4779,3.0,5.0,0.0,54.62264150943396,0.1949685534591195,0.0,8.0,2025-10-27,0
06132D7396F8,6.0,2.0,2.0,34044.64102564102,9.73076923076923,0.02564102564102564,10.0,2025-10-27,0
0616F247083A,2.0,0.0,3.0,52.093333333333334,0.08666666666666667,0.02,5.0,2025-10-27,0
061A4322745C,15.0,9.0,4.0,3181.339285714286,1.8392857142857142,0.2857142857142857,28.0,2025-10-27,0
06238EE3BE6C,4.0,0.0,2.0,129.9741935483871,0.17419354838709677,0.012903225806451613,6.0,2025-10-27,0
062EA113798F,1.0,6.0,0.0,14.91139240506329,0.0379746835443038,0.0,7.0,2025-10-27,0
0634F78DB4C5,3.0,2.0,1.0,469.8538461538462,0.6307692307692307,0.007692307692307693,6.0,2025-10-27,0
0639EA5602C1,1.0,1.0,0.0,16.22012578616352,0.006289308176100629,0.0,2.0,2025-10-27,0
0644582257D9,4.0,2.0,1.0,283.8843537414966,0.23129251700680273,0.006802721088435374,7.0,2025-10-27,0
064AED1EC0AA,4.0,1.0,2.0,99.83018867924528,0.11320754716981132,0.012578616352201259,7.0,2025-10-27,0
064BE19B0A9E,1.0,1.0,4.0,29.801242236024844,0.006211180124223602,0.024844720496894408,6.0,2025-10-27,0
064C94C771EC,1.0,2.0,0.0,16.317365269461078,0.011976047904191617,0.0,3.0,2025-10-27,0
064E66B5367B,2.0,0.0,0.0,108.74534161490683,0.2919254658385093,0.0,2.0,2025-10-27,0
06509A84E873,2.0,0.0,2.0,11.641509433962264,0.12578616352201258,0.012578616352201259,4.0,2025-10-27,0
065B928716CD,2.0,0.0,3.0,970.4566929133858,1.921259842519685,0.023622047244094488,5.0,2025-10-27,0
065C003A8D0C,6.0,2.0,5.0,2493.2419354838707,2.0403225806451615,0.04032258064516129,13.0,2025-10-27,0
066430BA5119,4.0,8.0,0.0,137.60843373493975,0.04819277108433735,0.0,12.0,2025-10-27,0
0665C3FE6D67,3.0,5.0,0.0,78.01851851851852,0.030864197530864196,0.0,8.0,2025-10-27,0
06711BE6AD2A,1.0,3.0,0.0,24.358974358974358,0.019230769230769232,0.0,4.0,2025-10-27,0
06787526FEB3,0.0,1.0,0.0,940.9126984126984,1.9206349206349207,0.0,1.0,2025-10-27,0
0683D2A8DA42,5.0,9.0,1.0,173.5,0.06329113924050633,0.006329113924050633,15.0,2025-10-27,0
068553B3AA23,2.0,8.0,0.0,43.39873417721519,0.056962025316455694,0.0,10.0,2025-10-27,0
0687F36E02C6,5.0,2.0,0.0,54.139240506329116,0.13924050632911392,0.0,7.0,2025-10-27,0
069357B9F15F,3.0,3.0,1.0,40.06578947368421,0.18421052631578946,0.006578947368421052,7.0,2025-10-27,0
06981FD8AA87,2.0,0.0,9.0,244.9,0.08666666666666667,0.06666666666666667,11.0,2025-10-27,0
069A98DEEB1D,1.0,4.0,0.0,278.5511811023622,0.5826771653543307,0.0,5.0,2025-10-27,0
06AA1DE70CBF,3.0,4.0,0.0,25.490909090909092,0.024242424242424242,0.0,7.0,2025-10-27,0
06AAA28A5D6B,0.0,1.0,0.0,19.818181818181817,0.006060606060606061,0.0,1.0,2025-10-27,0
06AEE181F595,1.0,1.0,0.0,169.36486486486487,0.3310810810810811,0.0,2.0,2025-10-27,0
06B162DC93E3,1.0,1.0,0.0,24.654545454545456,0.006060606060606061,0.0,2.0,2025-10-27,0
06B641B75B29,4.0,0.0,1.0,2843.634782608696,4.826086956521739,0.4608695652173913,5.0,2025-10-27,0
06C0D5E3BCDB,1.0,7.0,0.0,581.1086956521739,0.32608695652173914,0.0,8.0,2025-10-27,0
06C0F27E810B,4.0,7.0,0.0,265.1132075471698,0.3018867924528302,0.0,11.0,2025-10-27,0
06C67619095C,0.0,0.0,0.0,0.0,0.0,0.0,0.0,2025-10-27,0
06C77FEA9550,2.0,0.0,1.0,178.58695652173913,0.644927536231884,0.007246376811594203,3.0,2025-10-27,0
06C98DF4F0FA,1.0,1.0,0.0,135.95424836601308,0.006535947712418301,0.0,2.0,2025-10-27,0
06CE0F3CFB3C,0.0,1.0,0.0,0.8164556962025317,0.006329113924050633,0.0,1.0,2025-10-27,0
06D0342253A0,7.0,1.0,0.0,147.89375,0.11875,0.0,8.0,2025-10-27,0
06D388A19D5D,0.0,0.0,0.0,9.808695652173913,0.13043478260869565,0.0,0.0,2025-10-27,0
06D6B7018E15,1.0,7.0,0.0,40.333333333333336,0.0440251572327044,0.0,8.0,2025-10-27,0
06D7F6C73E0C,2.0,5.0,0.0,30.58125,0.03125,0.0,7.0,2025-10-27,0
06D84598CCB4,4.0,9.0,0.0,128.33742331288343,0.06134969325153374,0.0,13.0,2025-10-27,0
06DAF11BD38F,8.0,1.0,0.0,120.62043795620438,0.1386861313868613,0.0,9.0,2025-10-27,1
06EA136A2996,0.0,1.0,1.0,2.920245398773006,0.006134969325153374,0.006134969325153374,2.0,2025-10-27,0
06EDBAE64B57,1.0,1.0,0.0,6.228915662650603,0.006024096385542169,0.0,2.0,2025-10-27,0
06EEBD283262,1.0,1.0,0.0,51.566265060240966,0.006024096385542169,0.0,2.0,2025-10-27,0
06EFD61B80ED,1.0,5.0,0.0,21.633540372670808,0.031055900621118012,0.0,6.0,2025-10-27,0
06F2469B50EF,1.0,4.0,2.0,114.86274509803921,0.026143790849673203,0.013071895424836602,7.0,2025-10-27,0
06F2CDBD2C41,0.0,0.0,0.0,252.13013698630138,0.3424657534246575,0.0,0.0,2025-10-27,0
06F40EA87663,2.0,4.0,4.0,77.72258064516129,0.025806451612903226,0.025806451612903226,10.0,2025-10-27,0
06F49BD8F572,0.0,0.0,0.0,53.4746835443038,0.12025316455696203,0.0,0.0,2025-10-27,0
06FDA7D7B22A,3.0,4.0,0.0,12.132530120481928,0.024096385542168676,0.0,7.0,2025-10-27,0
06FFEC2EFA5E,2.0,2.0,1.0,203.56521739130434,0.5130434782608696,0.008695652173913044,5.0,2025-10-27,0
0A0B47664A85,6.0,5.0,0.0,75.69135802469135,0.2962962962962963,0.0,11.0,2025-10-27,0
0A10201AFE0A,3.0,6.0,1.0,42.35757575757576,0.04242424242424243,0.006060606060606061,10.0,2025-10-27,0
0A1037E90A63,1.0,1.0,0.0,49.66463414634146,0.006097560975609756,0.0,2.0,2025-10-27,0
0A10A5A5056E,6.0,3.0,0.0,121.640522875817,0.22875816993464052,0.0,9.0,2025-10-27,0
0A15BC628AFC,1.0,1.0,0.0,13.73939393939394,0.006060606060606061,0.0,2.0,2025-10-27,0
0A182EFD3C61,2.0,0.0,6.0,165.98461538461538,1.1538461538461537,0.05384615384615385,8.0,2025-10-27,0
0A184A2E46B7,0.0,0.0,0.0,249.69934640522877,2.627450980392157,0.0,0.0,2025-10-27,0
0A19C62F4F6D,0.0,2.0,0.0,91.33974358974359,0.17307692307692307,0.0,2.0,2025-10-27,0
0A1FB1C98A92,0.0,0.0,0.0,187.6578947368421,0.28289473684210525,0.0,0.0,2025-10-27,0
0A23474F1944,1.0,3.0,0.0,21.903846153846153,0.19230769230769232,0.0,4.0,2025-10-27,0
0A25F6E3466C,0.0,1.0,1.0,1146.1121495327102,1.7009345794392523,0.009345794392523364,2.0,2025-10-27,0
0A268A7E40CD,4.0,11.0,0.0,76.46835443037975,0.06962025316455696,0.0,15.0,2025-10-27,0
0A272C5A2C9B,0.0,0.0,0.0,0.0,0.0,0.0,0.0,2025-10-27,0
0A2778A31BE3,2.0,3.0,0.0,33.74375,0.01875,0.0,5.0,2025-10-27,0
0A3528D089D9,2.0,12.0,0.0,46.31707317073171,0.07926829268292683,0.0,14.0,2025-10-27,0
0A3983033084,3.0,5.0,0.0,104.62179487179488,0.1346153846153846,0.0,8.0,2025-10-27,0
0A42B2DB6370,0.0,2.0,1.0,7.595092024539877,0.012269938650306749,0.006134969325153374,3.0,2025-10-27,0
0A4673793B3E,2.0,2.0,0.0,8.777777777777779,0.012345679012345678,0.0,4.0,2025-10-27,0
0A485668F5C0,2.0,3.0,0.0,203.24137931034483,0.3724137931034483,0.0,5.0,2025-10-27,0
0A4C884F240A,2.0,3.0,3.0,164.96129032258065,0.432258064516129,0.01935483870967742,8.0,2025-10-27,0
0A4E33E2692B,0.0,0.0,0.0,16272.191489361701,5.1063829787234045,0.22340425531914893,0.0,2025-10-27,0
0A52DDE896BF,1.0,0.0,0.0,4030.046296296296,4.777777777777778,0.0,1.0,2025-10-27,0
0A55DA266F71,7.0,4.0,4.0,157.1045751633987,0.1895424836601307,0.026143790849673203,15.0,2025-10-27,0
0A568E79FEF6,0.0,0.0,0.0,0.0,0.0,0.0,0.0,2025-10-27,0
0A57338657F8,4.0,3.0,0.0,26.4625,0.23125,0.0,7.0,2025-10-27,0
0A57A684E20B,3.0,8.0,0.0,47.84567901234568,0.05555555555555555,0.0,11.0,2025-10-27,0
0A5C1439B384,0.0,4.0,0.0,14.789156626506024,0.024096385542168676,0.0,4.0,2025-10-27,0
0A5D017E401E,0.0,4.0,0.0,287841.3333333333,19.746031746031747,0.0,4.0,2025-10-27,0
0A5E96449374,0.0,0.0,0.0,2096.190476190476,1.7142857142857142,0.06666666666666667,0.0,2025-10-27,0
0A61E3165158,4.0,2.0,0.0,60.74074074074074,0.1419753086419753,0.0,6.0,2025-10-27,0
0A62EECEEBD1,1.0,1.0,0.0,9.552147239263803,0.006134969325153374,0.0,2.0,2025-10-27,0
0A6324E3E043,1.0,5.0,2.0,372.81208053691273,0.174496644295302,0.087248322147651,8.0,2025-10-27,0
0A6390E0FBA4,1.0,2.0,0.0,1573.733870967742,2.435483870967742,0.0,3.0,2025-10-27,0
0A663B6B4B28,4.0,5.0,1.0,629.9924812030075,2.9097744360902253,0.007518796992481203,10.0,2025-10-27,0
0A682ED9C6DD,7.0,21.0,6.0,455.453125,0.1796875,0.0546875,34.0,2025-10-27,0
0A68A2032450,1.0,2.0,2.0,15517.32911392405,2.430379746835443,0.02531645569620253,5.0,2025-10-27,0
0A68DF0B3D07,3.0,0.0,0.0,93.75641025641026,0.08974358974358974,0.0,3.0,2025-10-27,0
0A68F38A6ACF,0.0,1.0,2.0,148.64383561643837,0.1232876712328767,0.0136986301369863,3.0,2025-10-27,0
0A6C571A1550,2.0,2.0,0.0,33.8719512195122,0.012195121951219513,0.0,4.0,2025-10-27,0
0A6D3595373D,3.0,8.0,0.0,112.55,0.05,0.0,11.0,2025-10-27,0
0A6DA0C82CCB,1.0,1.0,0.0,58.13939393939394,0.006060606060606061,0.0,2.0,2025-10-27,0
0A71A6F9D6C6,0.0,3.0,0.0,73.13207547169812,0.1069182389937107,0.0,3.0,2025-10-27,0
0A78FAF47B00,2.0,5.0,0.0,113.40506329113924,0.18354430379746836,0.0,7.0,2025-10-27,0
0A7AAFDD9E11,2.0,8.0,0.0,116.08108108108108,0.05405405405405406,0.0,10.0,2025-10-27,0
0A7AC5BDAF86,3.0,2.0,2.0,12888.364583333334,1.7291666666666667,1.9479166666666667,7.0,2025-10-27,0
0A800188C20F,3.0,13.0,0.0,156.37012987012986,0.08441558441558442,0.0,16.0,2025-10-27,0
0A8407CF4D85,3.0,5.0,0.0,25.861635220125788,0.031446540880503145,0.0,8.0,2025-10-27,0
0A87B8C2734F,6.0,3.0,5.0,149.47096774193548,0.2,0.03225806451612903,14.0,2025-10-27,0
0A8EA87BB037,2.0,1.0,0.0,43.69512195121951,0.18292682926829268,0.0,3.0,2025-10-27,0
0A9547C11A56,5.0,3.0,0.0,45.69871794871795,0.10256410256410256,0.0,8.0,2025-10-27,0
0A96EACD8070,1.0,0.0,1.0,486.9864864864865,1.3175675675675675,0.006756756756756757,2.0,2025-10-27,0
0A974F5D7D8C,1.0,2.0,5.0,66.78616352201257,0.1509433962264151,0.031446540880503145,8.0,2025-10-27,0
0A9A3BFD6C9B,7.0,5.0,0.0,30.993589743589745,0.2564102564102564,0.0,12.0,2025-10-27,0
0AA18F330F59,0.0,0.0,0.0,2854.1651376146788,3.853211009174312,0.0,0.0,2025-10-27,0
0AA2818A7B27,0.0,0.0,0.0,0.0,0.0,0.0,0.0,2025-10-27,0
0AA296FF247D,4.0,1.0,0.0,204.57009345794393,0.102803738317757,0.0,5.0,2025-10-27,0
0AA2F2CAB50B,0.0,0.0,1.0,2984.628099173554,5.2809917355371905,0.008264462809917356,1.0,2025-10-27,0
0AA3F18DE550,3.0,12.0,0.0,73.50617283950618,0.07407407407407407,0.0,15.0,2025-10-27,0
0AA473D2FC17,2.0,3.0,7.0,158.05263157894737,0.18421052631578946,0.046052631578947366,12.0,2025-10-27,0
0AA4B065E5A5,0.0,1.0,0.0,51.9811320754717,0.10062893081761007,0.0,1.0,2025-10-27,0
0AA9051FFFFA,3.0,3.0,0.0,37.9320987654321,0.018518518518518517,0.0,6.0,2025-10-27,0
0AB410184143,0.0,0.0,0.0,0.0,0.0,0.0,0.0,2025-10-27,0
0AB5F9C21BF8,3.0,9.0,9.0,23381.619565217392,6.141304347826087,1.7826086956521738,21.0,2025-10-27,0
0AB6B45C775A,1.0,1.0,1.0,63.45454545454545,0.43356643356643354,0.006993006993006993,3.0,2025-10-27,0
0AB97B7632EB,0.0,0.0,0.0,0.0,0.0,0.0,0.0,2025-10-27,0
0ABC8E60F4C1,0.0,6.0,1.0,59.2043795620438,0.043795620437956206,0.0072992700729927005,7.0,2025-10-27,0
0ABD2E513F79,3.0,2.0,0.0,201.79245283018867,0.16352201257861634,0.0,5.0,2025-10-27,0
0ABE42BE4165,2.0,0.0,0.0,16.96078431372549,0.0915032679738562,0.0,2.0,2025-10-27,0
0AC437023B18,0.0,0.0,0.0,19742.0,15.0,0.0,0.0,2025-10-27,0
0AD276FC5E27,1.0,3.0,0.0,181.92700729927006,0.19708029197080293,0.0,4.0,2025-10-27,0
0AD2C92E9756,1.0,7.0,0.0,109.1840490797546,0.04294478527607362,0.0,8.0,2025-10-27,0
0ADD02AB693D,4.0,0.0,0.0,69.70987654320987,0.07407407407407407,0.0,4.0,2025-10-27,0
0AE03793586F,1.0,1.0,0.0,48.25,0.00625,0.0,2.0,2025-10-27,0
0AE21E7A17E4,2.0,4.0,0.0,146.24025974025975,0.5,0.0,6.0,2025-10-27,0
0AE6BF39C720,7.0,3.0,0.0,72.14666666666666,0.3466666666666667,0.0,10.0,2025-10-27,0
0AEF10F3A994,0.0,0.0,0.0,847.2101449275362,0.4057971014492754,0.0,0.0,2025-10-27,0
0AF1F0E3B640,0.0,6.0,0.0,58.147239263803684,0.03680981595092025,0.0,6.0,2025-10-27,0
0AF51D7D0F73,0.0,2.0,2.0,421.3333333333333,0.43478260869565216,0.014492753623188406,4.0,2025-10-27,0
0AF8DCB98E4B,1.0,5.0,0.0,174.44,0.3,0.0,6.0,2025-10-27,0
0AF9846E92DD,0.0,0.0,0.0,418.7328244274809,0.45038167938931295,0.0,0.0,2025-10-27,0
0AFB7B311996,0.0,1.0,0.0,2.3454545454545452,0.006060606060606061,0.0,1.0,2025-10-27,0
0AFE702BB093,1.0,0.0,0.0,1146.8790322580646,2.9516129032258065,0.0,1.0,2025-10-27,0
0AFFC263C0D9,0.0,0.0,1.0,1777.03738317757,0.9626168224299065,0.12149532710280374,1.0,2025-10-27,0
0E03D8F69853,0.0,0.0,0.0,1022.4959349593496,1.7154471544715446,0.0,0.0,2025-10-27,0
0E0A8D6EB6B9,1.0,1.0,0.0,44.48026315789474,0.13815789473684212,0.0,2.0,2025-10-27,0
0E0C3EB7915D,3.0,5.0,0.0,22.95625,0.15,0.0,8.0,2025-10-27,0
0E0E2996F51A,2.0,4.0,2.0,151.50314465408806,0.2641509433962264,0.012578616352201259,8.0,2025-10-27,0
0E113B01A9A2,2.0,5.0,0.0,11.05,0.03125,0.0,7.0,2025-10-27,0
0E11F69747A8,0.0,0.0,0.0,0.0,0.0,0.0,0.0,2025-10-27,0
0E121B6B8661,14.0,12.0,11.0,11036.125,2.173076923076923,2.3076923076923075,37.0,2025-10-27,1
0E1B6F4DBA34,2.0,1.0,0.0,144.6917808219178,0.6438356164383562,0.0,3.0,2025-10-27,0
0E1C622E61BC,1.0,4.0,0.0,33.15527950310559,0.024844720496894408,0.0,5.0,2025-10-27,0
0E1D7CA1DB0C,0.0,1.0,0.0,21.353658536585368,0.09146341463414634,0.0,1.0,2025-10-27,0
0E21C239D865,2.0,4.0,1.0,39.34146341463415,0.024390243902439025,0.006097560975609756,7.0,2025-10-27,0
0E2575C7EE05,1.0,0.0,0.0,49.921052631578945,0.05263157894736842,0.0,1.0,2025-10-27,0
0E2728C481CA,6.0,1.0,10.0,542.8920863309353,0.7553956834532374,0.07194244604316546,17.0,2025-10-27,0
0E293C5E4650,3.0,0.0,0.0,51.864197530864196,0.09259259259259259,0.0,3.0,2025-10-27,0
0E2DEE345837,3.0,13.0,0.0,267.61875,0.0875,0.0,16.0,2025-10-27,0
0E31C429C185,1.0,1.0,0.0,121.72077922077922,0.006493506493506494,0.0,2.0,2025-10-27,0
0E34282F4B53,3.0,6.0,0.0,73.65384615384616,0.04487179487179487,0.0,9.0,2025-10-27,0
0E3D06A07E94,0.0,0.0,0.0,1164.4496124031007,1.6744186046511629,0.0,0.0,2025-10-27,0
0E3D96237639,0.0,0.0,1.0,1114.1801801801803,0.3963963963963964,0.009009009009009009,1.0,2025-10-27,0
0E41CF7F74D5,4.0,3.0,0.0,32.62111801242236,0.2111801242236025,0.0,7.0,2025-10-27,0
0E462188408C,2.0,0.0,0.0,26.720496894409937,1.1677018633540373,0.0,2.0,2025-10-27,0
0E4CE5FB4405,1.0,1.0,0.0,332.13986013986016,0.42657342657342656,0.0,2.0,2025-10-27,0
0E50A5B2E5C4,1.0,1.0,0.0,13.966666666666667,0.006666666666666667,0.0,2.0,2025-10-27,0
0E543D410B0C,2.0,11.0,0.0,45.7375,0.06875,0.0,13.0,2025-10-27,0
0E55F28AB569,1.0,2.0,0.0,3.8037974683544302,0.012658227848101266,0.0,3.0,2025-10-27,0
0E5A9CEA8093,3.0,16.0,1.0,54.295597484276726,0.10062893081761007,0.006289308176100629,20.0,2025-10-27,0
0E5CD9B19DCB,2.0,3.0,0.0,28.24848484848485,0.01818181818181818,0.0,5.0,2025-10-27,0
0E5DFCF65AD4,2.0,3.0,0.0,46.17791411042945,0.024539877300613498,0.0,5.0,2025-10-27,0
0E61D34F9993,2.0,4.0,4.0,9060.301204819278,3.855421686746988,0.27710843373493976,10.0,2025-10-27,0
0E69783262BE,1.0,0.0,1.0,101.12179487179488,0.1282051282051282,0.00641025641025641,2.0,2025-10-27,0
0E69C64B6E57,3.0,9.0,0.0,81.79012345679013,0.05555555555555555,0.0,12.0,2025-10-27,0
0E6A7794AFC7,0.0,0.0,0.0,0.0,0.0,0.0,0.0,2025-10-27,0
0E6ACE6D3146,7.0,3.0,0.0,43.02614379084967,0.2222222222222222,0.0,10.0,2025-10-27,0
0E6D2CBAED41,1.0,0.0,0.0,1292.16,2.08,0.0,1.0,2025-10-27,0
0E752F1B295C,2.0,0.0,3.0,680.3880597014926,1.1492537313432836,0.022388059701492536,5.0,2025-10-27,0
0E7A8A5414C2,1.0,2.0,3.0,127.98692810457516,0.22875816993464052,0.0196078431372549,6.0,2025-10-27,0
0E892C46A442,6.0,4.0,0.0,102.5,1.4357142857142857,0.0,10.0,2025-10-27,0
0E89F7D5B5BD,7.0,7.0,5.0,4300.842975206611,2.7520661157024793,0.5785123966942148,19.0,2025-10-27,0
0E8B8566815B,4.0,3.0,1.0,236.13636363636363,0.18181818181818182,0.006493506493506494,8.0,2025-10-27,0
0E8CF9CA526F,1.0,4.0,0.0,21.084848484848486,0.024242424242424242,0.0,5.0,2025-10-27,0
0E8F36DAB9C2,1.0,2.0,1.0,794.3448275862069,0.7586206896551724,0.008620689655172414,4.0,2025-10-27,0
0E9761D8EB58,0.0,0.0,0.0,25726.481927710844,34.21686746987952,0.012048192771084338,0.0,2025-10-27,0
0E9A30D927A5,0.0,1.0,0.0,77.27152317880795,0.2185430463576159,0.0,1.0,2025-10-27,0
0E9DC914D8DF,1.0,5.0,0.0,54.22360248447205,0.031055900621118012,0.0,6.0,2025-10-27,0
0EA0447DA91C,0.0,0.0,2.0,374961.67741935485,54.83870967741935,0.06451612903225806,2.0,2025-10-27,0
0EA22CFA3A24,7.0,6.0,0.0,329.04430379746833,0.2848101265822785,0.0,13.0,2025-10-27,0
0EA52A2A7581,2.0,6.0,3.0,161.96575342465752,0.273972602739726,0.02054794520547945,11.0,2025-10-27,0
0EAEFEAEFB09,1.0,3.0,0.0,39.83974358974359,0.5192307692307693,0.0,4.0,2025-10-27,0
0EB04F2114F4,0.0,0.0,0.0,0.0,0.0,0.0,0.0,2025-10-27,0
0EB6B31D8AFB,1.0,2.0,0.0,11.208588957055214,0.012269938650306749,0.0,3.0,2025-10-27,0
0EBF1B27CDE1,9.0,12.0,5.0,11090.073684210527,5.7894736842105265,0.05263157894736842,26.0,2025-10-27,0
0EC8A35D0C20,3.0,5.0,0.0,71.18354430379746,0.03164556962025317,0.0,8.0,2025-10-27,0
0ED0849FD6D8,3.0,2.0,8.0,36522.88505747126,4.908045977011494,0.10344827586206896,13.0,2025-10-27,0
0ED1E9DBD593,4.0,0.0,0.0,283.748031496063,0.36220472440944884,0.0,4.0,2025-10-27,0
0ED4052A2763,0.0,3.0,0.0,10.774390243902438,0.018292682926829267,0.0,3.0,2025-10-27,0
0ED5057ECE3F,4.0,0.0,0.0,710.0902255639098,1.150375939849624,0.07518796992481203,4.0,2025-10-27,0
0EDC7177CCA9,2.0,2.0,3.0,218.5253164556962,0.012658227848101266,0.0189873417721519,7.0,2025-10-27,0
0EE071F7B24A,1.0,6.0,0.0,33.62658227848101,0.0379746835443038,0.0,7.0,2025-10-27,0
0EE09EDA649F,0.0,7.0,0.0,141.30612244897958,0.047619047619047616,0.0,7.0,2025-10-27,0
0EE317BA7C52,2.0,0.0,4.0,119110.03333333334,19.0,13.666666666666666,6.0,2025-10-27,0
0EE51B79E853,6.0,7.0,0.0,63.43558282208589,0.05521472392638037,0.0,13.0,2025-10-27,0
0EE78E4317BB,9.0,8.0,2.0,6606.825242718447,1.5048543689320388,0.019417475728155338,19.0,2025-10-27,0
0EE9497950EE,5.0,4.0,0.0,87.34210526315789,0.47368421052631576,0.0,9.0,2025-10-27,0
0EEA98D1BFDB,3.0,13.0,0.0,14.395061728395062,0.08024691358024691,0.0,16.0,2025-10-27,0
0EECB108FF91,11.0,8.0,0.0,155.8815789473684,0.7828947368421053,0.0,19.0,2025-10-27,0
0EF023E6452D,4.0,2.0,1.0,154.51315789473685,0.16447368421052633,0.046052631578947366,7.0,2025-10-27,0
0EF08481B333,0.0,11.0,0.0,15.865384615384615,0.07051282051282051,0.0,11.0,2025-10-27,0
0EF437108E63,0.0,1.0,1.0,572.6076923076923,0.6923076923076923,0.007692307692307693,2.0,2025-10-27,0
0EF47B410B41,4.0,6.0,0.0,56.18181818181818,0.03896103896103896,0.0,10.0,2025-10-27,0
0EFD600E2623,1.0,2.0,0.0,20.048192771084338,0.012048192771084338,0.0,3.0,2025-10-27,0
0202CB0A6B1F,7.0,3.0,0.0,109.19496855345912,0.16352201257861634,0.0,10.0,2025-11-03,0
02043B6BA08B,3.0,6.0,0.0,36.18709677419355,0.03870967741935484,0.0,9.0,2025-11-03,0
02075B45BF24,0.0,7.0,1.0,33.01307189542484,0.0457516339869281,0.006535947712418301,8.0,2025-11-03,0
02091DF7CCB8,1.0,0.0,0.0,1028.696,0.8,0.016,1.0,2025-11-03,0
02097AB58D3C,1.0,7.0,0.0,15.525316455696203,0.04430379746835443,0.0,8.0,2025-11-03,0
020CC6FB9659,3.0,2.0,1.0,177.10897435897436,0.41025641025641024,0.00641025641025641,6.0,2025-11-03,0
02132677328F,0.0,0.0,0.0,390.7723577235772,0.4634146341463415,0.0,0.0,2025-11-03,0
02142F017781,0.0,0.0,0.0,0.0,0.0,0.0,0.0,2025-11-03,0
02145826103B,8.0,13.0,1.0,22370.11111111111,7.838383838383838,0.010101010101010102,22.0,2025-11-03,0
0217820BFFB2,4.0,7.0,0.0,184.37333333333333,0.2866666666666667,0.0,11.0,2025-11-03,0
021D82B56A3F,1.0,4.0,0.0,49.532467532467535,0.2662337662337662,0.0,5.0,2025-11-03,0
02251388D3A2,2.0,6.0,0.0,336.3803680981595,0.03680981595092025,0.0,8.0,2025-11-03,0
0228A99EE35A,2.0,4.0,1.0,9.165605095541402,0.025477707006369428,0.006369426751592357,7.0,2025-11-03,0
022C6F326E3B,3.0,3.0,2.0,411.7608695652174,0.8405797101449275,0.014492753623188406,8.0,2025-11-03,0
022DB47C41AC,5.0,3.0,0.0,120.34415584415585,0.18181818181818182,0.0,8.0,2025-11-03,0
023015602FAA,0.0,3.0,0.0,9.858895705521473,0.024539877300613498,0.0,3.0,2025-11-03,0
0230D261A1CD,1.0,1.0,0.0,2820.4651162790697,0.8372093023255814,0.0,2.0,2025-11-03,0
0230EEF72435,9.0,3.0,0.0,125.40506329113924,1.7025316455696202,0.0,12.0,2025-11-03,0
02314F9A9168,2.0,7.0,0.0,21.352201257861637,0.050314465408805034,0.0,9.0,2025-11-03,0
023257D29366,1.0,5.0,0.0,93.31875,0.03125,0.0,6.0,2025-11-03,0
023270320B57,2.0,0.0,0.0,107.8343949044586,1.0764331210191083,0.0,2.0,2025-11-03,0
02388A18854F,5.0,3.0,3.0,343.3560606060606,2.553030303030303,0.14393939393939395,11.0,2025-11-03,0
0239AD51B7AF,6.0,1.0,0.0,227.00671140939596,0.4966442953020134,0.0,7.0,2025-11-03,0
023A663EFD87,0.0,2.0,0.0,56.9622641509434,0.4088050314465409,0.0,2.0,2025-11-03,0
023AD5204E1C,2.0,3.0,0.0,49.75460122699386,0.018404907975460124,0.0,5.0,2025-11-03,0
023ADDDECF84,0.0,0.0,1.0,8270.233009708738,3.4854368932038833,0.009708737864077669,1.0,2025-11-03,0
02423E0E6E9F,5.0,8.0,2.0,216.58823529411765,0.3137254901960784,0.013071895424836602,15.0,2025-11-03,0
024570739DE0,5.0,6.0,10.0,302.93243243243245,0.23648648648648649,0.06756756756756757,21.0,2025-11-03,1
02478CD90F3A,3.0,1.0,0.0,404.9668874172185,0.0728476821192053,0.0,4.0,2025-11-03,0
024DD3A9ADCA,2.0,2.0,10.0,321.0431654676259,0.34532374100719426,0.07194244604316546,14.0,2025-11-03,0
024ED433BF7D,3.0,0.0,0.0,435.56296296296296,1.3037037037037038,0.0,3.0,2025-11-03,0
0253BB40EDA6,1.0,4.0,0.0,53.49390243902439,0.024390243902439025,0.0,5.0,2025-11-03,0
0257E855DBCE,1.0,1.0,2.0,14846.858823529412,4.117647058823529,0.9411764705882353,4.0,2025-11-03,0
0259991BA036,3.0,1.0,2.0,2998.9736842105262,1.719298245614035,0.47368421052631576,6.0,2025-11-03,0
026A6007FA48,1.0,3.0,0.0,137.53061224489795,0.32653061224489793,0.0,4.0,2025-11-03,0
027137436C87,1.0,11.0,0.0,32.75151515151515,0.06666666666666667,0.0,12.0,2025-11-03,0
0278E06A2F67,0.0,2.0,0.0,12.58860759493671,0.012658227848101266,0.0,2.0,2025-11-03,0
0279D2AC6ACE,3.0,10.0,0.0,25.46496815286624,0.06369426751592357,0.0,13.0,2025-11-03,0
027B2DC4EA84,8.0,16.0,1.0,226.30128205128204,0.10897435897435898,0.00641025641025641,25.0,2025-11-03,0
027D07FC97FC,2.0,5.0,3.0,5919.132653061224,0.6122448979591837,0.030612244897959183,10.0,2025-11-03,0
027FE9CED489,4.0,5.0,0.0,162.5,1.111842105263158,0.0,9.0,2025-11-03,0
028764AA026E,1.0,1.0,0.0,9.345454545454546,0.006060606060606061,0.0,2.0,2025-11-03,0
02892F51E1CB,5.0,3.0,0.0,21481.04761904762,16.011904761904763,0.11904761904761904,8.0,2025-11-03,0
0289694A6E5B,2.0,4.0,0.0,167.0791366906475,0.2158273381294964,0.0,6.0,2025-11-03,0
028B24EADDAD,6.0,5.0,6.0,11730.103092783505,2.3195876288659796,0.3711340206185567,17.0,2025-11-03,0
028CC0AE5719,9.0,14.0,0.0,7076.377952755905,1.669291338582677,0.0,23.0,2025-11-03,0
0293918A963F,1.0,1.0,0.0,70.0248447204969,0.006211180124223602,0.0,2.0,2025-11-03,0
02980E461859,2.0,7.0,0.0,302.7639751552795,0.043478260869565216,0.0,9.0,2025-11-03,0
029A2B32D17E,3.0,0.0,0.0,347.5804195804196,0.8881118881118881,0.0,3.0,2025-11-03,0
029C03C2BF19,7.0,3.0,0.0,136.9620253164557,0.379746835443038,0.0,10.0,2025-11-03,0
029DA26B1A92,1.0,10.0,0.0,24.45625,0.075,0.0,11.0,2025-11-03,0
02A80292CB97,3.0,2.0,0.0,37.64596273291925,0.14906832298136646,0.0,5.0,2025-11-03,0
02B5C5ADC792,9.0,8.0,2.0,6714.541666666667,0.9666666666666667,0.016666666666666666,19.0,2025-11-03,0
02B742646A0E,2.0,1.0,0.0,72.40625,0.14375,0.0,3.0,2025-11-03,0
02BAD919855D,5.0,2.0,0.0,188.7785234899329,0.16778523489932887,0.0,7.0,2025-11-03,0
02BD26A4C3A0,3.0,8.0,0.0,34.31927710843374,0.04819277108433735,0.0,11.0,2025-11-03,0
02C0F45F31E7,0.0,0.0,0.0,371186.1219512195,55.0,0.0975609756097561,0.0,2025-11-03,1
02CFFA3A3F35,3.0,5.0,0.0,96.24203821656052,0.03184713375796178,0.0,8.0,2025-11-03,0
02D49A34B2FE,8.0,5.0,5.0,6496.072916666667,2.875,1.3333333333333333,18.0,2025-11-03,0
02D4DFEF402A,3.0,9.0,1.0,21.18867924528302,0.27672955974842767,0.006289308176100629,13.0,2025-11-03,0
02D7623552C8,2.0,1.0,6.0,1697.016393442623,2.1557377049180326,0.29508196721311475,9.0,2025-11-03,0
02DC03A0F1E6,0.0,3.0,0.0,9.32121212121212,0.01818181818181818,0.0,3.0,2025-11-03,0
02E12310186C,0.0,0.0,2.0,819.578231292517,0.19727891156462585,0.013605442176870748,2.0,2025-11-03,0
02EBC6CD4398,4.0,12.0,0.0,80.56,0.08,0.0,16.0,2025-11-03,0
02F093C88F2E,2.0,2.0,1.0,46.575949367088604,0.10126582278481013,0.006329113924050633,5.0,2025-11-03,0
02F18EEE028A,0.0,0.0,4.0,363.155737704918,0.3360655737704918,0.03278688524590164,4.0,2025-11-03,0
02F56F7C8E0B,1.0,1.0,0.0,91.62962962962963,0.006172839506172839,0.0,2.0,2025-11-03,0
02F5CE7705EC,0.0,0.0,0.0,183.12987012987014,0.987012987012987,0.0,0.0,2025-11-03,1
02F98EB34A7A,2.0,4.0,0.0,8.0875,0.025,0.0,6.0,2025-11-03,0
02FBDD4A2C43,7.0,3.0,0.0,744.1901408450705,0.20422535211267606,0.0,10.0,2025-11-03,0
060C5773A61B,0.0,0.0,0.0,915.0296296296297,1.162962962962963,0.0,0.0,2025-11-03,0
060EE3CB4779,1.0,2.0,0.0,37.58441558441559,0.16883116883116883,0.0,3.0,2025-11-03,0
06132D7396F8,5.0,3.0,0.0,48915.94029850746,14.432835820895523,0.0,8.0,2025-11-03,1
0616F247083A,3.0,0.0,0.0,124.82993197278911,0.07482993197278912,0.0,3.0,2025-11-03,0
061A4322745C,13.0,4.0,8.0,6407.228571428572,2.6666666666666665,0.38095238095238093,25.0,2025-11-03,0
06238EE3BE6C,3.0,1.0,1.0,120.30065359477125,0.16339869281045752,0.006535947712418301,5.0,2025-11-03,0
062EA113798F,2.0,7.0,0.0,62.94267515923567,0.044585987261146494,0.0,9.0,2025-11-03,0
0634F78DB4C5,6.0,4.0,1.0,1168.5801526717557,1.0458015267175573,0.007633587786259542,11.0,2025-11-03,0
0639EA5602C1,3.0,7.0,0.0,53.465408805031444,0.0440251572327044,0.0,10.0,2025-11-03,0
0644582257D9,1.0,5.0,1.0,140.04,0.2,0.006666666666666667,7.0,2025-11-03,0
064AED1EC0AA,5.0,1.0,4.0,148.52027027027026,0.11486486486486487,0.02702702702702703,10.0,2025-11-03,0
064BE19B0A9E,2.0,3.0,3.0,67.45061728395062,0.018518518518518517,0.018518518518518517,8.0,2025-11-03,0
064C94C771EC,0.0,0.0,0.0,0.0,0.0,0.0,0.0,2025-11-03,0
064E66B5367B,8.0,2.0,0.0,254.1772151898734,0.4050632911392405,0.0,10.0,2025-11-03,0
06509A84E873,3.0,1.0,0.0,10.459627329192546,0.13043478260869565,0.0,4.0,2025-11-03,0
065B928716CD,1.0,0.0,3.0,898.1692307692308,1.853846153846154,0.023076923076923078,4.0,2025-11-03,0
065C003A8D0C,3.0,3.0,9.0,2599.2,2.234782608695652,0.10434782608695652,15.0,2025-11-03,0
066430BA5119,2.0,5.0,0.0,122.03105590062111,0.037267080745341616,0.0,7.0,2025-11-03,0
0665C3FE6D67,3.0,7.0,0.0,205.9240506329114,0.05063291139240506,0.0,10.0,2025-11-03,0
06711BE6AD2A,4.0,8.0,0.0,68.16666666666667,0.04938271604938271,0.0,12.0,2025-11-03,0
06787526FEB3,2.0,0.0,0.0,1304.0882352941176,1.6691176470588236,0.0,2.0,2025-11-03,0
0683D2A8DA42,3.0,5.0,0.0,69.98148148148148,0.037037037037037035,0.0,8.0,2025-11-03,0
068553B3AA23,2.0,7.0,0.0,48.98148148148148,0.05555555555555555,0.0,9.0,2025-11-03,0
0687F36E02C6,5.0,1.0,0.0,52.69135802469136,0.1419753086419753,0.0,6.0,2025-11-03,0
069357B9F15F,4.0,3.0,3.0,54.776315789473685,0.21710526315789475,0.019736842105263157,10.0,2025-11-03,0
06981FD8AA87,6.0,0.0,8.0,377.848275862069,0.1310344827586207,0.05517241379310345,14.0,2025-11-03,0
069A98DEEB1D,4.0,3.0,1.0,658.2932330827068,0.7744360902255639,0.007518796992481203,8.0,2025-11-03,0
06AA1DE70CBF,2.0,3.0,0.0,13.748466257668712,0.018404907975460124,0.0,5.0,2025-11-03,0
06AAA28A5D6B,1.0,1.0,0.0,110.4451219512195,0.006097560975609756,0.0,2.0,2025-11-03,0
06AEE181F595,2.0,2.0,0.0,250.08904109589042,0.4315068493150685,0.0,4.0,2025-11-03,0
06B162DC93E3,1.0,1.0,0.0,3.276073619631902,0.006134969325153374,0.0,2.0,2025-11-03,0
06B641B75B29,6.0,8.0,7.0,14937.051282051281,13.384615384615385,1.858974358974359,21.0,2025-11-03,0
06C0D5E3BCDB,3.0,8.0,0.0,894.8014184397163,0.3404255319148936,0.0,11.0,2025-11-03,0
06C0F27E810B,6.0,7.0,0.0,256.5,0.2804878048780488,0.0,13.0,2025-11-03,0
06C67619095C,2.0,2.0,0.0,586.4102564102565,0.01282051282051282,0.0,4.0,2025-11-03,0
06C77FEA9550,3.0,0.0,1.0,210.5472972972973,0.722972972972973,0.006756756756756757,4.0,2025-11-03,0
06C98DF4F0FA,1.0,1.0,0.0,99.05590062111801,0.006211180124223602,0.0,2.0,2025-11-03,0
06CE0F3CFB3C,4.0,4.0,0.0,36.175,0.025,0.0,8.0,2025-11-03,0
06D0342253A0,2.0,1.0,0.0,53.70625,0.06875,0.0,3.0,2025-11-03,0
06D388A19D5D,1.0,1.0,0.0,18.307692307692307,0.17307692307692307,0.0,2.0,2025-11-03,0
06D6B7018E15,3.0,6.0,0.0,72.37662337662337,0.03896103896103896,0.0,9.0,2025-11-03,0
06D7F6C73E0C,5.0,6.0,0.0,34.23170731707317,0.042682926829268296,0.0,11.0,2025-11-03,0
06D84598CCB4,2.0,4.0,0.0,64.85350318471338,0.025477707006369428,0.0,6.0,2025-11-03,0
06DAF11BD38F,12.0,16.0,0.0,831.0225563909775,0.46616541353383456,0.0,28.0,2025-11-03,0
06EA136A2996,1.0,1.0,0.0,10.442424242424243,0.006060606060606061,0.0,2.0,2025-11-03,0
06EDBAE64B57,3.0,3.0,0.0,121.25,0.018292682926829267,0.0,6.0,2025-11-03,0
06EEBD283262,2.0,2.0,0.0,36.294871794871796,0.01282051282051282,0.0,4.0,2025-11-03,0
06EFD61B80ED,3.0,3.0,0.0,60.573170731707314,0.018292682926829267,0.0,6.0,2025-11-03,0
06F2469B50EF,2.0,5.0,0.0,221.63087248322148,0.03355704697986577,0.0,7.0,2025-11-03,0
06F2CDBD2C41,1.0,0.0,0.0,704.6043165467626,0.49640287769784175,0.0,1.0,2025-11-03,0
06F40EA87663,3.0,10.0,1.0,85.41059602649007,0.0728476821192053,0.006622516556291391,14.0,2025-11-03,0
06F49BD8F572,0.0,0.0,0.0,17.76510067114094,0.0738255033557047,0.0,0.0,2025-11-03,0
06FDA7D7B22A,3.0,4.0,0.0,16.408536585365855,0.024390243902439025,0.0,7.0,2025-11-03,0
06FFEC2EFA5E,4.0,4.0,1.0,461.65972222222223,0.7777777777777778,0.006944444444444444,9.0,2025-11-03,0
0A0B47664A85,3.0,2.0,0.0,53.39877300613497,0.20245398773006135,0.0,5.0,2025-11-03,0
0A10201AFE0A,0.0,5.0,0.0,13.766871165644172,0.03067484662576687,0.0,5.0,2025-11-03,0
0A1037E90A63,1.0,2.0,0.0,295.951724137931,0.013793103448275862,0.0,3.0,2025-11-03,0
0A10A5A5056E,5.0,6.0,0.0,119.5625,0.20625,0.0,11.0,2025-11-03,0
0A15BC628AFC,2.0,2.0,0.0,124.85987261146497,0.01910828025477707,0.0,4.0,2025-11-03,0
0A182EFD3C61,2.0,0.0,7.0,160.7734375,1.1328125,0.0546875,9.0,2025-11-03,0
0A184A2E46B7,0.0,0.0,0.0,167.9939024390244,1.9024390243902438,0.0,0.0,2025-11-03,0
0A19C62F4F6D,1.0,2.0,0.0,75.8961038961039,0.14285714285714285,0.0,3.0,2025-11-03,0
0A1FB1C98A92,0.0,0.0,0.0,68.58823529411765,0.1568627450980392,0.0,0.0,2025-11-03,0
0A23474F1944,1.0,5.0,0.0,16.378205128205128,0.17307692307692307,0.0,6.0,2025-11-03,0
0A25F6E3466C,1.0,1.0,3.0,2196.564814814815,2.1666666666666665,0.027777777777777776,5.0,2025-11-03,0
0A268A7E40CD,4.0,13.0,0.0,123.23899371069183,0.0880503144654088,0.0,17.0,2025-11-03,0
0A272C5A2C9B,0.0,0.0,0.0,0.0,0.0,0.0,0.0,2025-11-03,0
0A2778A31BE3,3.0,4.0,0.0,141.94230769230768,0.02564102564102564,0.0,7.0,2025-11-03,0
0A3528D089D9,3.0,12.0,0.0,56.901234567901234,0.08024691358024691,0.0,15.0,2025-11-03,0
0A3983033084,3.0,1.0,0.0,124.35668789808918,0.12738853503184713,0.0,4.0,2025-11-03,0
0A42B2DB6370,1.0,1.0,0.0,19.253012048192772,0.006024096385542169,0.0,2.0,2025-11-03,0
0A4673793B3E,0.0,0.0,0.0,0.0,0.0,0.0,0.0,2025-11-03,0
0A485668F5C0,2.0,1.0,0.0,251.28275862068966,0.4068965517241379,0.0,3.0,2025-11-03,0
0A4C884F240A,4.0,1.0,0.0,276.17808219178085,0.4863013698630137,0.0,5.0,2025-11-03,1
0A4E33E2692B,0.0,0.0,0.0,4130.78431372549,2.3333333333333335,0.0196078431372549,0.0,2025-11-03,0
0A52DDE896BF,2.0,3.0,0.0,4270.948979591837,4.591836734693878,0.0,5.0,2025-11-03,0
0A55DA266F71,12.0,20.0,25.0,1230.5820895522388,0.6417910447761194,0.23134328358208955,57.0,2025-11-03,0
0A568E79FEF6,2.0,2.0,0.0,891.4509803921569,0.0392156862745098,0.0,4.0,2025-11-03,0
0A57338657F8,4.0,1.0,0.0,25.69811320754717,0.1761006289308176,0.0,5.0,2025-11-03,0
0A57A684E20B,3.0,8.0,0.0,71.39393939393939,0.05454545454545454,0.0,11.0,2025-11-03,0
0A5C1439B384,2.0,6.0,0.0,60.58641975308642,0.037037037037037035,0.0,8.0,2025-11-03,0
0A5D017E401E,0.0,0.0,0.0,267199.3461538461,17.23076923076923,0.0,0.0,2025-11-03,0
0A5E96449374,2.0,0.0,4.0,1419.9741379310344,1.6810344827586208,0.034482758620689655,6.0,2025-11-03,0
0A61E3165158,5.0,6.0,0.0,72.10493827160494,0.20987654320987653,0.0,11.0,2025-11-03,0
0A62EECEEBD1,2.0,3.0,0.0,47.15822784810127,0.0189873417721519,0.0,5.0,2025-11-03,0
0A6324E3E043,3.0,3.0,1.0,289.4472049689441,0.13664596273291926,0.062111801242236024,7.0,2025-11-03,0
0A6390E0FBA4,3.0,1.0,0.0,3265.2735042735044,3.6495726495726495,0.0,4.0,2025-11-03,0
0A663B6B4B28,3.0,2.0,3.0,530.6774193548387,2.967741935483871,0.025806451612903226,8.0,2025-11-03,0
0A682ED9C6DD,6.0,5.0,18.0,2265.186046511628,0.3798449612403101,0.18604651162790697,29.0,2025-11-03,0
0A68A2032450,0.0,0.0,1.0,10807.236842105263,1.855263157894737,0.013157894736842105,1.0,2025-11-03,0
0A68DF0B3D07,4.0,2.0,0.0,92.8896103896104,0.14285714285714285,0.0,6.0,2025-11-03,0
0A68F38A6ACF,2.0,0.0,1.0,95.49166666666666,0.08333333333333333,0.008333333333333333,3.0,2025-11-03,0
0A6C571A1550,1.0,3.0,0.0,12.282208588957054,0.018404907975460124,0.0,4.0,2025-11-03,0
0A6D3595373D,3.0,8.0,0.0,59.698113207547166,0.05660377358490566,0.0,11.0,2025-11-03,0
0A6DA0C82CCB,0.0,0.0,0.0,0.0,0.0,0.0,0.0,2025-11-03,0
0A71A6F9D6C6,3.0,0.0,0.0,88.94409937888199,0.12422360248447205,0.0,3.0,2025-11-03,0
0A78FAF47B00,2.0,4.0,0.0,184.9025974025974,0.22727272727272727,0.0,6.0,2025-11-03,0
0A7AAFDD9E11,1.0,10.0,0.0,75.73584905660377,0.06289308176100629,0.0,11.0,2025-11-03,0
0A7AC5BDAF86,1.0,0.0,3.0,11717.056818181818,1.9431818181818181,2.227272727272727,4.0,2025-11-03,1
0A800188C20F,1.0,12.0,2.0,90.53164556962025,0.0759493670886076,0.012658227848101266,15.0,2025-11-03,0
0A8407CF4D85,2.0,7.0,0.0,48.16875,0.04375,0.0,9.0,2025-11-03,0
0A87B8C2734F,3.0,0.0,0.0,117.98757763975155,0.13043478260869565,0.0,3.0,2025-11-03,0
0A8EA87BB037,2.0,1.0,0.0,40.090322580645164,0.15483870967741936,0.0,3.0,2025-11-03,0
0A9547C11A56,5.0,2.0,1.0,57.09493670886076,0.189873417721519,0.006329113924050633,8.0,2025-11-03,0
0A96EACD8070,2.0,0.0,3.0,878.3475177304964,1.9148936170212767,0.02127659574468085,5.0,2025-11-03,0
0A974F5D7D8C,1.0,0.0,4.0,23.615384615384617,0.08333333333333333,0.02564102564102564,5.0,2025-11-03,0
0A9A3BFD6C9B,2.0,2.0,0.0,22.81132075471698,0.23270440251572327,0.0,4.0,2025-11-03,0
0AA18F330F59,1.0,0.0,0.0,3858.8020833333335,4.333333333333333,0.0,1.0,2025-11-03,0
0AA2818A7B27,0.0,0.0,0.0,0.0,0.0,0.0,0.0,2025-11-03,0
0AA296FF247D,1.0,3.0,0.0,61.56115107913669,0.14388489208633093,0.0,4.0,2025-11-03,0
0AA2F2CAB50B,0.0,0.0,0.0,4830.728070175439,6.105263157894737,0.0,0.0,2025-11-03,0
0AA3F18DE550,7.0,20.0,0.0,213.2013422818792,0.14093959731543623,0.0,27.0,2025-11-03,0
0AA473D2FC17,14.0,22.0,18.0,2120.9338235294117,0.6764705882352942,0.13970588235294118,54.0,2025-11-03,1
0AA4B065E5A5,0.0,1.0,0.0,30.73006134969325,0.10429447852760736,0.0,1.0,2025-11-03,0
0AA9051FFFFA,2.0,3.0,0.0,52.52564102564103,0.019230769230769232,0.0,5.0,2025-11-03,0
0AB410184143,1.0,1.0,0.0,86.01428571428572,0.014285714285714285,0.0,2.0,2025-11-03,0
0AB5F9C21BF8,7.0,7.0,6.0,63811.31481481482,11.555555555555555,4.203703703703703,20.0,2025-11-03,0
0AB6B45C775A,1.0,1.0,4.0,48.80555555555556,0.3402777777777778,0.027777777777777776,6.0,2025-11-03,0
0AB97B7632EB,0.0,0.0,0.0,0.0,0.0,0.0,0.0,2025-11-03,0
0ABC8E60F4C1,3.0,12.0,2.0,201.61290322580646,0.07741935483870968,0.012903225806451613,17.0,2025-11-03,0
0ABD2E513F79,1.0,0.0,0.0,66.63870967741936,0.04516129032258064,0.0,1.0,2025-11-03,0
0ABE42BE4165,2.0,1.0,0.0,21.53416149068323,0.07453416149068323,0.0,3.0,2025-11-03,0
0AC437023B18,0.0,0.0,0.0,19742.0,15.0,0.0,0.0,2025-11-03,0
0AD276FC5E27,2.0,8.0,0.0,222.28275862068966,0.27586206896551724,0.0,10.0,2025-11-03,0
0AD2C92E9756,3.0,4.0,0.0,74.03048780487805,0.024390243902439025,0.0,7.0,2025-11-03,0
0ADD02AB693D,3.0,9.0,0.0,36.75483870967742,0.05806451612903226,0.0,12.0,2025-11-03,0
0AE03793586F,0.0,1.0,0.0,3.930817610062893,0.006289308176100629,0.0,1.0,2025-11-03,0
0AE21E7A17E4,4.0,3.0,0.0,198.52,0.56,0.0,7.0,2025-11-03,0
0AE6BF39C720,3.0,1.0,0.0,67.28104575163398,0.32679738562091504,0.0,4.0,2025-11-03,0
0AEF10F3A994,0.0,0.0,0.0,266.62,0.22,0.0,0.0,2025-11-03,0
0AF1F0E3B640,2.0,8.0,0.0,264.1823899371069,0.050314465408805034,0.0,10.0,2025-11-03,0
0AF51D7D0F73,5.0,2.0,2.0,555.9280575539568,0.45323741007194246,0.014388489208633094,9.0,2025-11-03,0
0AF8DCB98E4B,0.0,0.0,0.0,42.88079470198676,0.1390728476821192,0.0,0.0,2025-11-03,0
0AF9846E92DD,0.0,0.0,0.0,468.42857142857144,0.4126984126984127,0.0,0.0,2025-11-03,0
0AFB7B311996,1.0,1.0,0.0,48.23780487804878,0.006097560975609756,0.0,2.0,2025-11-03,0
0AFE702BB093,1.0,0.0,4.0,1112.672268907563,2.9747899159663866,0.03361344537815126,5.0,2025-11-03,0
0AFFC263C0D9,2.0,2.0,4.0,2760.3981481481483,1.5740740740740742,0.2037037037037037,8.0,2025-11-03,0
0E03D8F69853,0.0,0.0,0.0,2244.4957983193276,2.403361344537815,0.0,0.0,2025-11-03,0
0E0A8D6EB6B9,3.0,2.0,0.0,103.5031847133758,0.1464968152866242,0.0,5.0,2025-11-03,0
0E0C3EB7915D,5.0,4.0,0.0,42.31972789115646,0.22448979591836735,0.0,9.0,2025-11-03,0
0E0E2996F51A,2.0,3.0,1.0,125.4423076923077,0.23076923076923078,0.00641025641025641,6.0,2025-11-03,0
0E113B01A9A2,3.0,7.0,0.0,31.8625,0.04375,0.0,10.0,2025-11-03,0
0E11F69747A8,0.0,0.0,0.0,0.0,0.0,0.0,0.0,2025-11-03,0
0E121B6B8661,7.0,9.0,13.0,34527.86111111111,4.944444444444445,7.611111111111111,29.0,2025-11-03,0
0E1B6F4DBA34,5.0,4.0,0.0,150.43624161073825,0.5100671140939598,0.0,9.0,2025-11-03,0
0E1C622E61BC,0.0,4.0,2.0,27.133333333333333,0.02666666666666667,0.013333333333333334,6.0,2025-11-03,0
0E1D7CA1DB0C,2.0,1.0,0.0,46.042682926829265,0.12195121951219512,0.0,3.0,2025-11-03,0
0E21C239D865,0.0,4.0,0.0,16.32075471698113,0.025157232704402517,0.0,4.0,2025-11-03,0
0E2575C7EE05,1.0,0.0,1.0,175.9182389937107,0.11949685534591195,0.006289308176100629,2.0,2025-11-03,0
0E2728C481CA,1.0,0.0,6.0,403.88028169014086,0.5915492957746479,0.04929577464788732,7.0,2025-11-03,0
0E293C5E4650,5.0,2.0,0.0,77.37820512820512,0.1346153846153846,0.0,7.0,2025-11-03,0
0E2DEE345837,0.0,6.0,0.0,40.49079754601227,0.03680981595092025,0.0,6.0,2025-11-03,0
0E31C429C185,1.0,1.0,0.0,91.20394736842105,0.006578947368421052,0.0,2.0,2025-11-03,0
0E34282F4B53,3.0,7.0,0.0,82.59748427672956,0.050314465408805034,0.0,10.0,2025-11-03,0
0E3D06A07E94,2.0,1.0,0.0,1458.877192982456,2.026315789473684,0.0,3.0,2025-11-03,0
0E3D96237639,0.0,0.0,0.0,369.5741935483871,0.22580645161290322,0.0,0.0,2025-11-03,0
0E41CF7F74D5,5.0,3.0,0.0,30.018633540372672,0.19254658385093168,0.0,8.0,2025-11-03,0
0E462188408C,2.0,4.0,0.0,35.59281437125748,1.437125748502994,0.0,6.0,2025-11-03,0
0E4CE5FB4405,1.0,2.0,0.0,404.527397260274,0.5547945205479452,0.0,3.0,2025-11-03,0
0E50A5B2E5C4,1.0,1.0,0.0,23.94871794871795,0.00641025641025641,0.0,2.0,2025-11-03,0
0E543D410B0C,4.0,6.0,0.0,58.56363636363636,0.03636363636363636,0.0,10.0,2025-11-03,0
0E55F28AB569,2.0,6.0,1.0,32.74545454545454,0.03636363636363636,0.006060606060606061,9.0,2025-11-03,0
0E5A9CEA8093,4.0,15.0,0.0,60.056603773584904,0.09433962264150944,0.0,19.0,2025-11-03,0
0E5CD9B19DCB,3.0,4.0,0.0,75.77070063694268,0.025477707006369428,0.0,7.0,2025-11-03,0
0E5DFCF65AD4,0.0,2.0,0.0,2.314814814814815,0.012345679012345678,0.0,2.0,2025-11-03,0
0E61D34F9993,2.0,0.0,1.0,5528.454545454545,2.3454545454545452,0.18181818181818182,3.0,2025-11-03,0
0E69783262BE,3.0,0.0,0.0,86.04458598726114,0.08280254777070063,0.0,3.0,2025-11-03,0
0E69C64B6E57,5.0,12.0,0.0,350.7077922077922,0.09740259740259741,0.0,17.0,2025-11-03,0
0E6A7794AFC7,3.0,3.0,0.0,46.51829268292683,0.018292682926829267,0.0,6.0,2025-11-03,0
0E6ACE6D3146,7.0,5.0,0.0,50.11392405063291,0.2721518987341772,0.0,12.0,2025-11-03,0
0E6D2CBAED41,0.0,1.0,1.0,749.984962406015,1.8270676691729324,0.007518796992481203,2.0,2025-11-03,0
0E752F1B295C,2.0,0.0,2.0,741.2887323943662,1.0704225352112675,0.014084507042253521,4.0,2025-11-03,0
0E7A8A5414C2,4.0,7.0,0.0,107.89506172839506,0.25308641975308643,0.0,11.0,2025-11-03,0
0E892C46A442,3.0,5.0,0.0,100.32704402515724,1.3270440251572326,0.0,8.0,2025-11-03,0
0E89F7D5B5BD,5.0,6.0,8.0,9324.362831858407,4.734513274336283,1.5309734513274336,19.0,2025-11-03,0
0E8B8566815B,2.0,2.0,0.0,173.7051282051282,0.1346153846153846,0.0,4.0,2025-11-03,0
0E8CF9CA526F,2.0,4.0,0.0,21.583333333333332,0.023809523809523808,0.0,6.0,2025-11-03,0
0E8F36DAB9C2,0.0,0.0,3.0,480.224,0.432,0.024,3.0,2025-11-03,0
0E9761D8EB58,0.0,0.0,0.0,13026.011764705883,21.235294117647058,0.011764705882352941,0.0,2025-11-03,0
0E9A30D927A5,3.0,2.0,1.0,131.4569536423841,0.2052980132450331,0.006622516556291391,6.0,2025-11-03,0
0E9DC914D8DF,1.0,2.0,0.0,89.5126582278481,0.012658227848101266,0.0,3.0,2025-11-03,0
0EA0447DA91C,0.0,0.0,2.0,313787.19444444444,54.47222222222222,0.08333333333333333,2.0,2025-11-03,1
0EA22CFA3A24,5.0,11.0,1.0,322.0263157894737,0.42105263157894735,0.006578947368421052,17.0,2025-11-03,0
0EA52A2A7581,4.0,4.0,3.0,144.26973684210526,0.2236842105263158,0.019736842105263157,11.0,2025-11-03,0
0EAEFEAEFB09,1.0,2.0,0.0,24.27777777777778,0.3333333333333333,0.0,3.0,2025-11-03,0
0EB04F2114F4,0.0,0.0,0.0,0.0,0.0,0.0,0.0,2025-11-03,0
0EB6B31D8AFB,1.0,1.0,0.0,39.554794520547944,0.0136986301369863,0.0,2.0,2025-11-03,0
0EBF1B27CDE1,10.0,10.0,16.0,35722.67391304348,11.217391304347826,0.18478260869565216,36.0,2025-11-03,0
0EC8A35D0C20,1.0,2.0,0.0,16.70253164556962,0.012658227848101266,0.0,3.0,2025-11-03,0
0ED0849FD6D8,0.0,0.0,6.0,13173.439560439561,2.67032967032967,0.06593406593406594,6.0,2025-11-03,0
0ED1E9DBD593,1.0,2.0,0.0,335.8424657534247,0.4452054794520548,0.0,3.0,2025-11-03,0
0ED4052A2763,0.0,2.0,0.0,6.2974683544303796,0.012658227848101266,0.0,2.0,2025-11-03,0
0ED5057ECE3F,3.0,0.0,1.0,532.6619718309859,1.0,0.176056338028169,4.0,2025-11-03,0
0EDC7177CCA9,2.0,5.0,1.0,210.126582278481,0.03164556962025317,0.006329113924050633,8.0,2025-11-03,0
0EE071F7B24A,1.0,3.0,0.0,27.728476821192054,0.019867549668874173,0.0,4.0,2025-11-03,0
0EE09EDA649F,4.0,13.0,1.0,429.9142857142857,0.1,0.007142857142857143,18.0,2025-11-03,0
0EE317BA7C52,3.0,1.0,0.0,187675.90322580645,19.548387096774192,17.806451612903224,4.0,2025-11-03,0
0EE51B79E853,4.0,9.0,0.0,53.57575757575758,0.06060606060606061,0.0,13.0,2025-11-03,0
0EE78E4317BB,3.0,2.0,0.0,3593.264957264957,1.1196581196581197,0.0,5.0,2025-11-03,0
0EE9497950EE,5.0,7.0,0.0,112.13815789473684,0.6513157894736842,0.0,12.0,2025-11-03,0
0EEA98D1BFDB,6.0,17.0,0.0,38.5030303030303,0.10303030303030303,0.0,23.0,2025-11-03,0
0EECB108FF91,7.0,6.0,0.0,210.5,1.0328947368421053,0.0,13.0,2025-11-03,0
0EF023E6452D,2.0,3.0,2.0,144.89864864864865,0.20270270270270271,0.12162162162162163,7.0,2025-11-03,0
0EF08481B333,5.0,14.0,0.0,33.30864197530864,0.08641975308641975,0.0,19.0,2025-11-03,0
0EF437108E63,3.0,1.0,1.0,794.0074074074074,0.6962962962962963,0.007407407407407408,5.0,2025-11-03,0
0EF47B410B41,3.0,9.0,0.0,62.0728476821192,0.059602649006622516,0.0,12.0,2025-11-03,0
0EFD600E2623,4.0,5.0,0.0,149.2360248447205,0.037267080745341616,0.0,9.0,2025-11-03,0
0202CB0A6B1F,2.0,0.0,0.0,40.61176470588235,0.1,0.0,2.0,2025-11-10,0
02043B6BA08B,2.0,8.0,0.0,21.89240506329114,0.056962025316455694,0.0,10.0,2025-11-10,0
02075B45BF24,2.0,4.0,3.0,20.25609756097561,0.024390243902439025,0.018292682926829267,9.0,2025-11-10,0
02091DF7CCB8,0.0,0.0,9.0,268.36567164179104,0.664179104477612,0.06716417910447761,9.0,2025-11-10,0
02097AB58D3C,0.0,2.0,0.0,2.8857142857142857,0.011428571428571429,0.0,2.0,2025-11-10,0
020CC6FB9659,2.0,4.0,0.0,299.89473684210526,0.49707602339181284,0.0,6.0,2025-11-10,0
02132677328F,0.0,0.0,0.0,129.1315789473684,0.21052631578947367,0.0,0.0,2025-11-10,0
02142F017781,0.0,0.0,0.0,0.0,0.0,0.0,0.0,2025-11-10,0
02145826103B,7.0,4.0,1.0,40026.38372093023,12.19767441860465,0.011627906976744186,12.0,2025-11-10,0
0217820BFFB2,5.0,7.0,0.0,217.77844311377245,0.2874251497005988,0.0,12.0,2025-11-10,0
021D82B56A3F,3.0,4.0,0.0,53.24074074074074,0.22839506172839505,0.0,7.0,2025-11-10,0
02251388D3A2,1.0,6.0,0.0,220.41860465116278,0.03488372093023256,0.0,7.0,2025-11-10,0
0228A99EE35A,0.0,0.0,3.0,0.0,0.0,0.01818181818181818,3.0,2025-11-10,0
022C6F326E3B,3.0,3.0,2.0,330.2171052631579,0.8486842105263158,0.013157894736842105,8.0,2025-11-10,0
022DB47C41AC,2.0,5.0,0.0,96.58490566037736,0.1761006289308176,0.0,7.0,2025-11-10,0
023015602FAA,5.0,6.0,0.0,82.70454545454545,0.03409090909090909,0.0,11.0,2025-11-10,0
0230D261A1CD,0.0,0.0,0.0,259.26666666666665,0.29333333333333333,0.0,0.0,2025-11-10,0
0230EEF72435,1.0,0.0,0.0,52.84117647058824,1.1529411764705881,0.0,1.0,2025-11-10,0
02314F9A9168,5.0,9.0,0.0,49.946107784431135,0.05389221556886228,0.0,14.0,2025-11-10,0
023257D29366,1.0,3.0,0.0,20.377906976744185,0.01744186046511628,0.0,4.0,2025-11-10,0
023270320B57,5.0,0.0,0.0,96.16766467065868,0.8323353293413174,0.0,5.0,2025-11-10,0
02388A18854F,5.0,3.0,1.0,433.578231292517,2.6258503401360542,0.006802721088435374,9.0,2025-11-10,0
0239AD51B7AF,2.0,3.0,1.0,151.70322580645163,0.4838709677419355,0.0064516129032258064,6.0,2025-11-10,0
023A663EFD87,3.0,3.0,0.0,69.91017964071857,0.4311377245508982,0.0,6.0,2025-11-10,0
023AD5204E1C,1.0,3.0,0.0,24.959302325581394,0.01744186046511628,0.0,4.0,2025-11-10,0
023ADDDECF84,1.0,0.0,2.0,5141.09243697479,2.7478991596638656,0.01680672268907563,3.0,2025-11-10,0
02423E0E6E9F,4.0,2.0,5.0,401.5652173913044,0.40993788819875776,0.031055900621118012,11.0,2025-11-10,0
024570739DE0,8.0,4.0,11.0,381.012987012987,0.3116883116883117,0.07142857142857142,23.0,2025-11-10,0
02478CD90F3A,2.0,0.0,0.0,288.9874213836478,0.05660377358490566,0.0,2.0,2025-11-10,0
024DD3A9ADCA,0.0,7.0,9.0,115.2547770700637,0.2802547770700637,0.05732484076433121,16.0,2025-11-10,0
024ED433BF7D,8.0,10.0,2.0,2378.0388349514565,3.7864077669902914,0.019417475728155338,20.0,2025-11-10,0
0253BB40EDA6,1.0,2.0,0.0,73.9702380952381,0.011904761904761904,0.0,3.0,2025-11-10,0
0257E855DBCE,4.0,6.0,3.0,44789.81428571429,6.128571428571429,1.8428571428571427,13.0,2025-11-10,0
0259991BA036,4.0,3.0,7.0,3943.8990825688074,2.302752293577982,0.8165137614678899,14.0,2025-11-10,0
026A6007FA48,1.0,0.0,0.0,97.1055900621118,0.2981366459627329,0.0,1.0,2025-11-10,0
027137436C87,4.0,8.0,0.0,88.3735632183908,0.04597701149425287,0.0,12.0,2025-11-10,0
0278E06A2F67,2.0,6.0,1.0,91.20481927710843,0.03614457831325301,0.006024096385542169,9.0,2025-11-10,0
0279D2AC6ACE,2.0,7.0,0.0,16.1,0.04375,0.0,9.0,2025-11-10,0
027B2DC4EA84,11.0,4.0,0.0,749.8150684931506,0.2054794520547945,0.0,15.0,2025-11-10,0
027D07FC97FC,3.0,6.0,8.0,11832.009433962265,0.8962264150943396,0.07547169811320754,17.0,2025-11-10,1
027FE9CED489,1.0,1.0,0.0,106.95808383233533,0.7425149700598802,0.0,2.0,2025-11-10,0
028764AA026E,0.0,1.0,0.0,5.2298850574712645,0.005747126436781609,0.0,1.0,2025-11-10,0
02892F51E1CB,0.0,0.0,0.0,7251.886956521739,7.869565217391305,0.0782608695652174,0.0,2025-11-10,0
0289694A6E5B,1.0,5.0,0.0,131.01307189542484,0.21568627450980393,0.0,6.0,2025-11-10,0
028B24EADDAD,1.0,0.0,1.0,5348.456310679611,1.4174757281553398,0.1553398058252427,2.0,2025-11-10,0
028CC0AE5719,9.0,14.0,2.0,35117.82677165354,4.354330708661418,0.015748031496062992,25.0,2025-11-10,1
0293918A963F,0.0,0.0,0.0,0.0,0.0,0.0,0.0,2025-11-10,0
02980E461859,2.0,4.0,0.0,268.6280487804878,0.024390243902439025,0.0,6.0,2025-11-10,0
029A2B32D17E,2.0,2.0,0.0,384.11392405063293,1.0759493670886076,0.0,4.0,2025-11-10,0
029C03C2BF19,4.0,3.0,0.0,221.13496932515338,0.3312883435582822,0.0,7.0,2025-11-10,0
029DA26B1A92,1.0,8.0,0.0,16.892857142857142,0.047619047619047616,0.0,9.0,2025-11-10,0
02A80292CB97,2.0,1.0,0.0,28.94047619047619,0.125,0.0,3.0,2025-11-10,0
02B5C5ADC792,6.0,8.0,9.0,24353.8,2.0,0.09473684210526316,23.0,2025-11-10,0
02B742646A0E,5.0,0.0,0.0,65.75287356321839,0.09195402298850575,0.0,5.0,2025-11-10,0
02BAD919855D,3.0,3.0,0.0,149.63013698630138,0.17123287671232876,0.0,6.0,2025-11-10,0
02BD26A4C3A0,2.0,6.0,0.0,16.17816091954023,0.034482758620689655,0.0,8.0,2025-11-10,0
02C0F45F31E7,0.0,0.0,0.0,335415.26666666666,55.0,0.022222222222222223,0.0,2025-11-10,0
02CFFA3A3F35,1.0,1.0,0.0,10.690058479532164,0.005847953216374269,0.0,2.0,2025-11-10,0
02D49A34B2FE,1.0,0.0,0.0,2488.462365591398,1.5591397849462365,0.3118279569892473,1.0,2025-11-10,0
02D4DFEF402A,4.0,9.0,0.0,25.00625,0.31875,0.0,13.0,2025-11-10,0
02D7623552C8,5.0,0.0,3.0,1407.3103448275863,1.603448275862069,0.20689655172413793,8.0,2025-11-10,0
02DC03A0F1E6,0.0,6.0,0.0,17.0,0.03508771929824561,0.0,6.0,2025-11-10,0
02E12310186C,0.0,0.0,1.0,140.2125,0.0875,0.00625,1.0,2025-11-10,0
02EBC6CD4398,4.0,3.0,0.0,96.88095238095238,0.10714285714285714,0.0,7.0,2025-11-10,0
02F093C88F2E,3.0,0.0,0.0,73.8,0.07647058823529412,0.0,3.0,2025-11-10,0
02F18EEE028A,0.0,0.0,0.0,371.52287581699346,0.28104575163398693,0.0,0.0,2025-11-10,0
02F56F7C8E0B,1.0,2.0,0.0,118.85549132947978,0.011560693641618497,0.0,3.0,2025-11-10,0
02F5CE7705EC,11.0,13.0,2.0,2828.8705035971225,4.323741007194244,0.014388489208633094,26.0,2025-11-10,0
02F98EB34A7A,3.0,5.0,0.0,25.92528735632184,0.028735632183908046,0.0,8.0,2025-11-10,0
02FBDD4A2C43,2.0,0.0,0.0,200.27329192546583,0.09937888198757763,0.0,2.0,2025-11-10,0
060C5773A61B,4.0,2.0,0.0,1192.2941176470588,0.9485294117647058,0.0,6.0,2025-11-10,0
060EE3CB4779,1.0,1.0,0.0,30.09248554913295,0.10982658959537572,0.0,2.0,2025-11-10,0
06132D7396F8,3.0,2.0,2.0,48724.74285714285,13.542857142857143,0.02857142857142857,7.0,2025-11-10,0
0616F247083A,4.0,1.0,0.0,136.95,0.11875,0.0,5.0,2025-11-10,0
061A4322745C,8.0,11.0,7.0,15483.433333333332,4.011111111111111,0.6555555555555556,26.0,2025-11-10,0
06238EE3BE6C,2.0,1.0,0.0,86.70121951219512,0.2073170731707317,0.0,3.0,2025-11-10,0
062EA113798F,2.0,15.0,0.0,64.11976047904191,0.09580838323353294,0.0,17.0,2025-11-10,0
0634F78DB4C5,2.0,1.0,0.0,836.4782608695652,0.7753623188405797,0.0,3.0,2025-11-10,0
0639EA5602C1,1.0,1.0,0.0,11.775147928994082,0.005917159763313609,0.0,2.0,2025-11-10,0
0644582257D9,1.0,0.0,0.0,130.14906832298138,0.10559006211180125,0.0,1.0,2025-11-10,0
064AED1EC0AA,1.0,0.0,4.0,38.1144578313253,0.060240963855421686,0.024096385542168676,5.0,2025-11-10,0
064BE19B0A9E,1.0,2.0,6.0,195.41420118343194,0.011834319526627219,0.03550295857988166,9.0,2025-11-10,0
064C94C771EC,2.0,2.0,0.0,8.028248587570621,0.011299435028248588,0.0,4.0,2025-11-10,0
064E66B5367B,3.0,1.0,0.0,224.46875,0.425,0.0,4.0,2025-11-10,0
06509A84E873,3.0,2.0,1.0,9.724137931034482,0.14942528735632185,0.005747126436781609,6.0,2025-11-10,0
065B928716CD,3.0,2.0,5.0,1109.8796992481202,2.255639097744361,0.03759398496240601,10.0,2025-11-10,0
065C003A8D0C,1.0,1.0,4.0,1462.0,1.6535433070866141,0.031496062992125984,6.0,2025-11-10,0
066430BA5119,0.0,2.0,0.0,14.76923076923077,0.011834319526627219,0.0,2.0,2025-11-10,0
0665C3FE6D67,0.0,2.0,1.0,16.186046511627907,0.011627906976744186,0.005813953488372093,3.0,2025-11-10,0
06711BE6AD2A,3.0,8.0,1.0,47.383233532934135,0.04790419161676647,0.005988023952095809,12.0,2025-11-10,0
06787526FEB3,0.0,0.0,0.0,385.8881118881119,1.1398601398601398,0.0,0.0,2025-11-10,0
0683D2A8DA42,3.0,9.0,0.0,85.86705202312139,0.05202312138728324,0.0,12.0,2025-11-10,0
068553B3AA23,3.0,10.0,0.0,46.48809523809524,0.05952380952380952,0.0,13.0,2025-11-10,0
0687F36E02C6,4.0,5.0,0.0,54.845238095238095,0.20238095238095238,0.0,9.0,2025-11-10,0
069357B9F15F,4.0,11.0,12.0,1270.0592592592593,1.362962962962963,0.0962962962962963,27.0,2025-11-10,0
06981FD8AA87,1.0,0.0,7.0,209.4939024390244,0.12195121951219512,0.054878048780487805,8.0,2025-11-10,0
069A98DEEB1D,2.0,10.0,7.0,5709.247706422018,2.6788990825688073,0.07339449541284404,19.0,2025-11-10,0
06AA1DE70CBF,2.0,4.0,0.0,46.369942196531795,0.023121387283236993,0.0,6.0,2025-11-10,0
06AAA28A5D6B,1.0,1.0,0.0,71.95977011494253,0.005747126436781609,0.0,2.0,2025-11-10,0
06AEE181F595,2.0,0.0,0.0,172.65384615384616,0.2692307692307692,0.0,2.0,2025-11-10,0
06B162DC93E3,1.0,1.0,0.0,6.7011494252873565,0.005747126436781609,0.0,2.0,2025-11-10,0
06B641B75B29,4.0,7.0,7.0,27356.697674418603,19.802325581395348,3.558139534883721,18.0,2025-11-10,0
06C0D5E3BCDB,0.0,2.0,0.0,318.45205479452056,0.2671232876712329,0.0,2.0,2025-11-10,0
06C0F27E810B,4.0,6.0,1.0,330.42285714285714,0.2914285714285714,0.005714285714285714,11.0,2025-11-10,0
06C67619095C,0.0,0.0,0.0,0.0,0.0,0.0,0.0,2025-11-10,0
06C77FEA9550,6.0,4.0,2.0,314.86619718309856,0.9014084507042254,0.014084507042253521,12.0,2025-11-10,0
06C98DF4F0FA,3.0,3.0,0.0,203.87134502923976,0.017543859649122806,0.0,6.0,2025-11-10,0
06CE0F3CFB3C,2.0,4.0,0.0,16.257309941520468,0.023391812865497075,0.0,6.0,2025-11-10,0
06D0342253A0,2.0,14.0,0.0,53.30952380952381,0.08333333333333333,0.0,16.0,2025-11-10,0
06D388A19D5D,3.0,4.0,1.0,32.75903614457831,0.1927710843373494,0.006024096385542169,8.0,2025-11-10,0
06D6B7018E15,0.0,8.0,0.0,38.95180722891566,0.04819277108433735,0.0,8.0,2025-11-10,0
06D7F6C73E0C,3.0,6.0,0.0,50.09411764705882,0.03529411764705882,0.0,9.0,2025-11-10,0
06D84598CCB4,4.0,8.0,0.0,139.1625,0.05625,0.0,12.0,2025-11-10,0
06DAF11BD38F,2.0,1.0,0.0,555.7887323943662,0.34507042253521125,0.0,3.0,2025-11-10,0
06EA136A2996,1.0,1.0,0.0,14.660818713450292,0.005847953216374269,0.0,2.0,2025-11-10,0
06EDBAE64B57,0.0,0.0,0.0,0.0,0.0,0.0,0.0,2025-11-10,0
06EEBD283262,2.0,2.0,0.0,61.98235294117647,0.011764705882352941,0.0,4.0,2025-11-10,0
06EFD61B80ED,0.0,4.0,0.0,6.354651162790698,0.023255813953488372,0.0,4.0,2025-11-10,0
06F2469B50EF,2.0,8.0,2.0,501.7818181818182,0.048484848484848485,0.012121212121212121,12.0,2025-11-10,0
06F2CDBD2C41,0.0,1.0,1.0,122.95918367346938,0.22448979591836735,0.006802721088435374,2.0,2025-11-10,0
06F40EA87663,6.0,10.0,1.0,126.05389221556887,0.059880239520958084,0.005988023952095809,17.0,2025-11-10,0
06F49BD8F572,0.0,0.0,0.0,11.233128834355828,0.05521472392638037,0.0,0.0,2025-11-10,0
06FDA7D7B22A,2.0,2.0,0.0,26.735632183908045,0.011494252873563218,0.0,4.0,2025-11-10,0
06FFEC2EFA5E,7.0,11.0,7.0,3627.3109243697477,2.277310924369748,0.06722689075630252,25.0,2025-11-10,0
0A0B47664A85,2.0,3.0,0.0,45.023809523809526,0.26785714285714285,0.0,5.0,2025-11-10,0
0A10201AFE0A,3.0,6.0,0.0,55.08139534883721,0.03488372093023256,0.0,9.0,2025-11-10,0
0A1037E90A63,1.0,1.0,0.0,45.45679012345679,0.006172839506172839,0.0,2.0,2025-11-10,0
0A10A5A5056E,2.0,1.0,1.0,87.86826347305389,0.1437125748502994,0.005988023952095809,4.0,2025-11-10,0
0A15BC628AFC,6.0,7.0,0.0,151.4047619047619,0.041666666666666664,0.0,13.0,2025-11-10,0
0A182EFD3C61,1.0,2.0,5.0,91.84615384615384,0.9090909090909091,0.03496503496503497,8.0,2025-11-10,0
0A184A2E46B7,0.0,1.0,0.0,71.71597633136095,1.2544378698224852,0.0,1.0,2025-11-10,0
0A19C62F4F6D,5.0,1.0,0.0,72.09146341463415,0.10975609756097561,0.0,6.0,2025-11-10,0
0A1FB1C98A92,1.0,1.0,0.0,62.00606060606061,0.07272727272727272,0.0,2.0,2025-11-10,0
0A23474F1944,3.0,6.0,0.0,36.53333333333333,0.21818181818181817,0.0,9.0,2025-11-10,0
0A25F6E3466C,1.0,1.0,0.0,2122.8823529411766,2.0168067226890756,0.0,2.0,2025-11-10,0
0A268A7E40CD,3.0,12.0,0.0,61.01796407185629,0.0718562874251497,0.0,15.0,2025-11-10,0
0A272C5A2C9B,0.0,0.0,0.0,0.0,0.0,0.0,0.0,2025-11-10,0
0A2778A31BE3,1.0,2.0,0.0,23.263473053892216,0.011976047904191617,0.0,3.0,2025-11-10,0
0A3528D089D9,1.0,9.0,0.0,39.11046511627907,0.05232558139534884,0.0,10.0,2025-11-10,0
0A3983033084,2.0,1.0,0.0,61.15151515151515,0.07272727272727272,0.0,3.0,2025-11-10,0
0A42B2DB6370,1.0,3.0,0.0,48.78034682080925,0.017341040462427744,0.0,4.0,2025-11-10,0
0A4673793B3E,3.0,8.0,0.0,29.35632183908046,0.04597701149425287,0.0,11.0,2025-11-10,0
0A485668F5C0,4.0,0.0,0.0,192.86451612903227,0.3032258064516129,0.0,4.0,2025-11-10,0
0A4C884F240A,9.0,18.0,22.0,5597.930232558139,3.5193798449612403,0.20930232558139536,49.0,2025-11-10,0
0A4E33E2692B,0.0,0.0,0.0,2093.875968992248,1.3488372093023255,0.0,0.0,2025-11-10,0
0A52DDE896BF,4.0,2.0,0.0,5549.932330827068,5.180451127819549,0.0,6.0,2025-11-10,0
0A55DA266F71,13.0,8.0,6.0,2083.2903225806454,0.782258064516129,0.3387096774193548,27.0,2025-11-10,0
0A568E79FEF6,0.0,0.0,0.0,0.0,0.0,0.0,0.0,2025-11-10,0
0A57338657F8,5.0,1.0,0.0,24.017964071856287,0.15568862275449102,0.0,6.0,2025-11-10,0
0A57A684E20B,3.0,4.0,0.0,31.129411764705882,0.023529411764705882,0.0,7.0,2025-11-10,0
0A5C1439B384,4.0,6.0,0.0,57.41139240506329,0.0379746835443038,0.0,10.0,2025-11-10,0
0A5D017E401E,0.0,0.0,2.0,328722.9487179487,18.564102564102566,0.07692307692307693,2.0,2025-11-10,0
0A5E96449374,1.0,0.0,5.0,1715.792,1.448,0.04,6.0,2025-11-10,0
0A61E3165158,2.0,1.0,0.0,58.970588235294116,0.1588235294117647,0.0,3.0,2025-11-10,0
0A62EECEEBD1,4.0,5.0,0.0,225.3294117647059,0.03529411764705882,0.0,9.0,2025-11-10,0
0A6324E3E043,0.0,3.0,6.0,62.883720930232556,0.09883720930232558,0.03488372093023256,9.0,2025-11-10,0
0A6390E0FBA4,5.0,9.0,0.0,32879.40206185567,13.494845360824742,0.0,14.0,2025-11-10,0
0A663B6B4B28,2.0,1.0,2.0,539.91875,2.85625,0.0125,5.0,2025-11-10,0
0A682ED9C6DD,1.0,1.0,1.0,653.4545454545455,0.20279720279720279,0.1048951048951049,3.0,2025-11-10,0
0A68A2032450,1.0,0.0,2.0,13168.26923076923,2.0384615384615383,0.02564102564102564,3.0,2025-11-10,0
0A68DF0B3D07,2.0,2.0,0.0,67.525,0.06875,0.0,4.0,2025-11-10,0
0A68F38A6ACF,2.0,0.0,2.0,90.71140939597315,0.10738255033557047,0.013422818791946308,4.0,2025-11-10,0
0A6C571A1550,4.0,4.0,0.0,53.467455621301774,0.029585798816568046,0.0,8.0,2025-11-10,0
0A6D3595373D,1.0,7.0,0.0,36.029411764705884,0.041176470588235294,0.0,8.0,2025-11-10,0
0A6DA0C82CCB,1.0,1.0,0.0,24.41764705882353,0.0058823529411764705,0.0,2.0,2025-11-10,0
0A71A6F9D6C6,3.0,0.0,0.0,193.3918128654971,0.10526315789473684,0.0,3.0,2025-11-10,0
0A78FAF47B00,2.0,4.0,0.0,105.86666666666666,0.23030303030303031,0.0,6.0,2025-11-10,0
0A7AAFDD9E11,3.0,6.0,0.0,66.15757575757576,0.04242424242424243,0.0,9.0,2025-11-10,0
0A7AC5BDAF86,5.0,3.0,1.0,28320.337837837837,2.635135135135135,1.7837837837837838,9.0,2025-11-10,0
0A800188C20F,1.0,7.0,0.0,180.33734939759037,0.04819277108433735,0.0,8.0,2025-11-10,0
0A8407CF4D85,1.0,6.0,2.0,17.08235294117647,0.03529411764705882,0.011764705882352941,9.0,2025-11-10,0
0A87B8C2734F,5.0,0.0,3.0,139.52830188679246,0.1949685534591195,0.018867924528301886,8.0,2025-11-10,0
0A8EA87BB037,6.0,8.0,0.0,84.48502994011976,0.281437125748503,0.0,14.0,2025-11-10,0
0A9547C11A56,2.0,2.0,1.0,21.896341463414632,0.0975609756097561,0.006097560975609756,5.0,2025-11-10,0
0A96EACD8070,6.0,13.0,21.0,17596.04716981132,11.575471698113208,0.24528301886792453,40.0,2025-11-10,1
0A974F5D7D8C,6.0,4.0,5.0,87.74691358024691,0.21604938271604937,0.030864197530864196,15.0,2025-11-10,0
0A9A3BFD6C9B,4.0,7.0,0.0,24.529411764705884,0.25882352941176473,0.0,11.0,2025-11-10,0
0AA18F330F59,0.0,0.0,0.0,1166.2051282051282,2.8205128205128207,0.0,0.0,2025-11-10,0
0AA2818A7B27,0.0,0.0,0.0,0.0,0.0,0.0,0.0,2025-11-10,0
0AA296FF247D,2.0,2.0,2.0,119.0592105263158,0.13157894736842105,0.013157894736842105,6.0,2025-11-10,0
0AA2F2CAB50B,2.0,1.0,1.0,2441.721804511278,4.097744360902255,0.007518796992481203,4.0,2025-11-10,0
0AA3F18DE550,7.0,6.0,2.0,879.3397435897435,0.3141025641025641,0.01282051282051282,15.0,2025-11-10,0
0AA473D2FC17,9.0,9.0,11.0,9822.268817204302,1.7204301075268817,0.5483870967741935,29.0,2025-11-10,0
0AA4B065E5A5,0.0,0.0,1.0,79.29069767441861,0.0872093023255814,0.005813953488372093,1.0,2025-11-10,0
0AA9051FFFFA,1.0,5.0,1.0,38.289940828402365,0.029585798816568046,0.005917159763313609,7.0,2025-11-10,0
0AB5F9C21BF8,9.0,5.0,5.0,111336.82191780822,16.438356164383563,5.561643835616438,19.0,2025-11-10,0
0AB6B45C775A,4.0,1.0,0.0,101.22068965517241,0.5448275862068965,0.0,5.0,2025-11-10,0
0AB97B7632EB,0.0,0.0,0.0,0.0,0.0,0.0,0.0,2025-11-10,0
0ABC8E60F4C1,6.0,20.0,4.0,393.80263157894734,0.13815789473684212,0.02631578947368421,30.0,2025-11-10,0
0ABD2E513F79,1.0,1.0,1.0,93.16363636363636,0.10303030303030303,0.006060606060606061,3.0,2025-11-10,0
0ABE42BE4165,1.0,13.0,0.0,13.242774566473988,0.07514450867052024,0.0,14.0,2025-11-10,0
0AC437023B18,0.0,0.0,0.0,19742.0,15.0,0.0,0.0,2025-11-10,0
0AD276FC5E27,5.0,3.0,1.0,260.47741935483873,0.2645161290322581,0.0064516129032258064,9.0,2025-11-10,0
0AD2C92E9756,3.0,5.0,1.0,77.03977272727273,0.03409090909090909,0.005681818181818182,9.0,2025-11-10,1
0ADD02AB693D,2.0,10.0,0.0,31.473372781065088,0.05917159763313609,0.0,12.0,2025-11-10,0
0AE03793586F,0.0,0.0,0.0,0.0,0.0,0.0,0.0,2025-11-10,0
0AE21E7A17E4,2.0,1.0,0.0,98.5126582278481,0.3670886075949367,0.0,3.0,2025-11-10,0
0AE6BF39C720,6.0,5.0,0.0,68.34355828220859,0.26380368098159507,0.0,11.0,2025-11-10,0
0AEF10F3A994,0.0,0.0,0.0,66.08928571428571,0.09523809523809523,0.0,0.0,2025-11-10,0
0AF1F0E3B640,0.0,9.0,0.0,104.04242424242425,0.06666666666666667,0.0,9.0,2025-11-10,0
0AF51D7D0F73,1.0,1.0,0.0,367.1741935483871,0.45161290322580644,0.0,2.0,2025-11-10,0
0AF8DCB98E4B,3.0,3.0,0.0,131.21212121212122,0.15151515151515152,0.0,6.0,2025-11-10,0
0AF9846E92DD,1.0,1.0,0.0,387.57042253521126,0.30985915492957744,0.0,2.0,2025-11-10,1
0AFB7B311996,1.0,2.0,0.0,23.08235294117647,0.011764705882352941,0.0,3.0,2025-11-10,0
0AFE702BB093,3.0,1.0,4.0,1056.6814814814816,2.4962962962962965,0.037037037037037035,8.0,2025-11-10,0
0AFFC263C0D9,7.0,8.0,8.0,14256.464788732394,5.112676056338028,0.9436619718309859,23.0,2025-11-10,1
0E03D8F69853,2.0,0.0,0.0,1869.5042735042734,1.8803418803418803,0.0,2.0,2025-11-10,0
0E0A8D6EB6B9,2.0,1.0,0.0,113.76506024096386,0.0963855421686747,0.0,3.0,2025-11-10,0
0E0C3EB7915D,2.0,3.0,0.0,18.568862275449103,0.11976047904191617,0.0,5.0,2025-11-10,0
0E0E2996F51A,3.0,7.0,3.0,108.88343558282209,0.2822085889570552,0.018404907975460124,13.0,2025-11-10,0
0E113B01A9A2,1.0,6.0,0.0,35.50595238095238,0.03571428571428571,0.0,7.0,2025-11-10,0
0E11F69747A8,0.0,0.0,0.0,0.0,0.0,0.0,0.0,2025-11-10,0
0E121B6B8661,0.0,0.0,0.0,7878.896551724138,1.9770114942528736,1.7586206896551724,0.0,2025-11-10,0
0E1B6F4DBA34,3.0,3.0,0.0,235.55102040816325,0.47619047619047616,0.0,6.0,2025-11-10,0
0E1C622E61BC,3.0,5.0,1.0,78.66875,0.03125,0.00625,9.0,2025-11-10,0
0E1D7CA1DB0C,1.0,3.0,0.0,53.104651162790695,0.12209302325581395,0.0,4.0,2025-11-10,0
0E21C239D865,2.0,3.0,0.0,35.08,0.017142857142857144,0.0,5.0,2025-11-10,0
0E2575C7EE05,5.0,15.0,2.0,123.275,0.1,0.0125,22.0,2025-11-10,0
0E2728C481CA,2.0,0.0,4.0,406.29411764705884,0.5882352941176471,0.029411764705882353,6.0,2025-11-10,0
0E293C5E4650,5.0,0.0,0.0,63.86390532544379,0.10650887573964497,0.0,5.0,2025-11-10,0
0E2DEE345837,2.0,6.0,0.0,43.668571428571425,0.03428571428571429,0.0,8.0,2025-11-10,0
0E31C429C185,0.0,2.0,0.0,19.567073170731707,0.012195121951219513,0.0,2.0,2025-11-10,0
0E34282F4B53,2.0,7.0,0.0,73.30409356725146,0.04093567251461988,0.0,9.0,2025-11-10,0
0E3D06A07E94,6.0,2.0,1.0,2251.0,2.2416666666666667,0.008333333333333333,9.0,2025-11-10,0
0E3D96237639,0.0,0.0,0.0,34.411764705882355,0.06470588235294118,0.0,0.0,2025-11-10,0
0E41CF7F74D5,3.0,5.0,0.0,51.16867469879518,0.24096385542168675,0.0,8.0,2025-11-10,0
0E462188408C,2.0,1.0,0.0,31.141975308641975,1.1975308641975309,0.0,3.0,2025-11-10,0
0E4CE5FB4405,1.0,0.0,0.0,191.59235668789808,0.2802547770700637,0.0,1.0,2025-11-10,0
0E50A5B2E5C4,1.0,2.0,0.0,10.911242603550296,0.011834319526627219,0.0,3.0,2025-11-10,0
0E543D410B0C,1.0,5.0,0.0,17.436781609195403,0.028735632183908046,0.0,6.0,2025-11-10,0
0E55F28AB569,0.0,10.0,0.0,14.938650306748466,0.06134969325153374,0.0,10.0,2025-11-10,0
0E5A9CEA8093,4.0,17.0,0.0,73.54761904761905,0.10119047619047619,0.0,21.0,2025-11-10,0
0E5CD9B19DCB,2.0,6.0,4.0,943.1963190184049,0.03680981595092025,0.024539877300613498,12.0,2025-11-10,1
0E5DFCF65AD4,3.0,4.0,0.0,43.7710843373494,0.024096385542168676,0.0,7.0,2025-11-10,0
0E61D34F9993,0.0,0.0,1.0,1342.4788732394366,1.1549295774647887,0.056338028169014086,1.0,2025-11-10,0
0E69783262BE,4.0,0.0,0.0,90.0969696969697,0.10303030303030303,0.0,4.0,2025-11-10,0
0E69C64B6E57,2.0,9.0,0.0,118.01204819277109,0.060240963855421686,0.0,11.0,2025-11-10,0
0E6A7794AFC7,0.0,0.0,0.0,0.0,0.0,0.0,0.0,2025-11-10,0
0E6ACE6D3146,7.0,7.0,3.0,46.07453416149068,0.2857142857142857,0.018633540372670808,17.0,2025-11-10,0
0E6D2CBAED41,1.0,0.0,2.0,788.9776119402985,1.9776119402985075,0.014925373134328358,3.0,2025-11-10,0
0E752F1B295C,1.0,0.0,1.0,545.012987012987,0.9675324675324676,0.006493506493506494,2.0,2025-11-10,0
0E7A8A5414C2,4.0,0.0,2.0,71.24852071005917,0.15384615384615385,0.011834319526627219,6.0,2025-11-10,0
0E892C46A442,0.0,1.0,0.0,66.6358024691358,1.1728395061728396,0.0,1.0,2025-11-10,0
0E89F7D5B5BD,7.0,8.0,8.0,29711.625,10.291666666666666,5.520833333333333,23.0,2025-11-10,0
0E8B8566815B,4.0,2.0,0.0,165.5568862275449,0.1437125748502994,0.0,6.0,2025-11-10,0
0E8CF9CA526F,1.0,1.0,0.0,5.8497109826589595,0.005780346820809248,0.0,2.0,2025-11-10,0
0E8F36DAB9C2,0.0,1.0,2.0,552.2598425196851,0.5905511811023622,0.015748031496062992,3.0,2025-11-10,0
0E9761D8EB58,0.0,0.0,2.0,6234.981651376147,13.20183486238532,0.01834862385321101,2.0,2025-11-10,0
0E9A30D927A5,2.0,2.0,2.0,97.62913907284768,0.2185430463576159,0.013245033112582781,6.0,2025-11-10,0
0E9DC914D8DF,0.0,1.0,0.0,17.672514619883042,0.005847953216374269,0.0,1.0,2025-11-10,0
0EA0447DA91C,0.0,0.0,1.0,370330.625,55.0,0.041666666666666664,1.0,2025-11-10,0
0EA22CFA3A24,0.0,6.0,0.0,153.03592814371257,0.2994011976047904,0.0,6.0,2025-11-10,0
0EA52A2A7581,2.0,6.0,5.0,148.48170731707316,0.25609756097560976,0.03048780487804878,13.0,2025-11-10,0
0EAEFEAEFB09,2.0,1.0,0.0,27.216374269005847,0.30994152046783624,0.0,3.0,2025-11-10,0
0EB04F2114F4,0.0,0.0,0.0,0.0,0.0,0.0,0.0,2025-11-10,0
0EB6B31D8AFB,3.0,5.0,0.0,280.4378698224852,0.029585798816568046,0.0,8.0,2025-11-10,0
0EBF1B27CDE1,1.0,1.0,2.0,14617.828282828283,8.787878787878787,0.18181818181818182,4.0,2025-11-10,1
0EC8A35D0C20,2.0,3.0,0.0,25.802395209580837,0.017964071856287425,0.0,5.0,2025-11-10,0
0ED0849FD6D8,0.0,0.0,2.0,10304.7,2.16,0.02,2.0,2025-11-10,0
0ED1E9DBD593,3.0,2.0,0.0,579.2244897959183,0.3129251700680272,0.0,5.0,2025-11-10,0
0ED4052A2763,3.0,6.0,0.0,68.21511627906976,0.03488372093023256,0.0,9.0,2025-11-10,0
0ED5057ECE3F,7.0,6.0,2.0,997.3164556962025,1.3417721518987342,0.14556962025316456,15.0,2025-11-10,0
0EDC7177CCA9,0.0,2.0,3.0,14.052023121387283,0.011560693641618497,0.017341040462427744,5.0,2025-11-10,0
0EE071F7B24A,2.0,5.0,0.0,69.88414634146342,0.03048780487804878,0.0,7.0,2025-11-10,0
0EE09EDA649F,4.0,13.0,0.0,1110.6490066225165,0.08609271523178808,0.0,17.0,2025-11-10,0
0EE317BA7C52,0.0,0.0,0.0,70732.27272727272,14.181818181818182,6.909090909090909,0.0,2025-11-10,0
0EE51B79E853,3.0,9.0,0.0,71.04,0.05142857142857143,0.0,12.0,2025-11-10,0
0EE78E4317BB,2.0,2.0,1.0,1597.1418439716313,0.5957446808510638,0.0070921985815602835,5.0,2025-11-10,0
0EE9497950EE,2.0,1.0,0.0,82.67567567567568,0.6081081081081081,0.0,3.0,2025-11-10,0
0EEA98D1BFDB,1.0,8.0,0.0,6.714285714285714,0.045714285714285714,0.0,9.0,2025-11-10,0
0EECB108FF91,7.0,6.0,0.0,200.59638554216866,1.0843373493975903,0.0,13.0,2025-11-10,0
0EF023E6452D,7.0,2.0,0.0,197.72368421052633,0.17105263157894737,0.07894736842105263,9.0,2025-11-10,0
0EF08481B333,4.0,7.0,0.0,24.2874251497006,0.041916167664670656,0.0,11.0,2025-11-10,0
0EF437108E63,1.0,0.0,0.0,316.0833333333333,0.4166666666666667,0.0,1.0,2025-11-10,0
0EF47B410B41,7.0,18.0,1.0,199.2941176470588,0.13725490196078433,0.006535947712418301,26.0,2025-11-10,0
0EFD600E2623,2.0,6.0,0.0,72.28823529411764,0.03529411764705882,0.0,8.0,2025-11-10,0
0202CB0A6B1F,2.0,2.0,0.0,60.359756097560975,0.1402439024390244,0.0,4.0,2025-11-17,0
02043B6BA08B,3.0,4.0,0.0,34.66233766233766,0.025974025974025976,0.0,7.0,2025-11-17,0
02075B45BF24,4.0,8.0,3.0,78.57961783439491,0.050955414012738856,0.01910828025477707,15.0,2025-11-17,0
02091DF7CCB8,0.0,1.0,7.0,472.900826446281,0.7933884297520661,0.05785123966942149,8.0,2025-11-17,0
02097AB58D3C,5.0,7.0,0.0,17.406451612903226,0.05161290322580645,0.0,12.0,2025-11-17,0
020CC6FB9659,5.0,4.0,1.0,337.73376623376623,0.5714285714285714,0.006493506493506494,10.0,2025-11-17,0
02132677328F,0.0,1.0,0.0,209.44444444444446,0.2916666666666667,0.0,1.0,2025-11-17,0
02142F017781,1.0,1.0,0.0,157.2111801242236,0.006211180124223602,0.0,2.0,2025-11-17,0
02145826103B,0.0,0.0,0.0,9081.45054945055,4.8901098901098905,0.0,0.0,2025-11-17,0
0217820BFFB2,4.0,5.0,0.0,248.43333333333334,0.23333333333333334,0.0,9.0,2025-11-17,0
021D82B56A3F,0.0,1.0,0.0,22.474025974025974,0.16883116883116883,0.0,1.0,2025-11-17,0
02251388D3A2,0.0,2.0,1.0,19.70063694267516,0.012738853503184714,0.006369426751592357,3.0,2025-11-17,0
0228A99EE35A,3.0,3.0,1.0,12.602484472049689,0.018633540372670808,0.006211180124223602,7.0,2025-11-17,0
022C6F326E3B,3.0,2.0,1.0,359.32167832167835,0.7902097902097902,0.006993006993006993,6.0,2025-11-17,0
022DB47C41AC,3.0,1.0,0.0,60.794701986754966,0.10596026490066225,0.0,4.0,2025-11-17,0
023015602FAA,0.0,0.0,0.0,0.0,0.0,0.0,0.0,2025-11-17,0
0230D261A1CD,0.0,0.0,0.0,97.5944055944056,0.14685314685314685,0.0,0.0,2025-11-17,0
0230EEF72435,1.0,2.0,0.0,55.1,1.35,0.0,3.0,2025-11-17,0
02314F9A9168,1.0,7.0,0.0,35.5,0.04487179487179487,0.0,8.0,2025-11-17,0
023257D29366,3.0,7.0,0.0,104.0060975609756,0.042682926829268296,0.0,10.0,2025-11-17,0
023270320B57,2.0,2.0,0.0,53.075471698113205,0.8930817610062893,0.0,4.0,2025-11-17,0
02388A18854F,4.0,2.0,0.0,461.4375,2.828125,0.0,6.0,2025-11-17,0
0239AD51B7AF,3.0,5.0,0.0,241.34437086092714,0.4503311258278146,0.0,8.0,2025-11-17,0
023A663EFD87,2.0,5.0,0.0,60.81761006289308,0.44654088050314467,0.0,7.0,2025-11-17,0
023AD5204E1C,1.0,2.0,0.0,45.030674846625764,0.012269938650306749,0.0,3.0,2025-11-17,0
023ADDDECF84,0.0,0.0,0.0,2070.6530612244896,1.989795918367347,0.0,0.0,2025-11-17,0
02423E0E6E9F,4.0,1.0,6.0,406.14285714285717,0.3741496598639456,0.04081632653061224,11.0,2025-11-17,0
024570739DE0,2.0,11.0,16.0,953.7297297297297,0.41216216216216217,0.10810810810810811,29.0,2025-11-17,0
02478CD90F3A,2.0,6.0,0.0,113.86986301369863,0.0410958904109589,0.0,8.0,2025-11-17,0
024DD3A9ADCA,1.0,5.0,4.0,159.65714285714284,0.29285714285714287,0.02857142857142857,10.0,2025-11-17,0
024ED433BF7D,6.0,12.0,9.0,10739.735294117647,8.823529411764707,0.14705882352941177,27.0,2025-11-17,0
0253BB40EDA6,1.0,2.0,0.0,21.830188679245282,0.012578616352201259,0.0,3.0,2025-11-17,0
0257E855DBCE,2.0,3.0,2.0,38936.854545454546,6.836363636363636,1.709090909090909,7.0,2025-11-17,0
0259991BA036,3.0,0.0,1.0,2869.3714285714286,1.6285714285714286,0.2714285714285714,4.0,2025-11-17,0
026A6007FA48,2.0,1.0,0.0,114.0253164556962,0.2974683544303797,0.0,3.0,2025-11-17,0
027137436C87,4.0,14.0,0.0,98.50943396226415,0.09433962264150944,0.0,18.0,2025-11-17,0
0278E06A2F67,2.0,5.0,0.0,57.52564102564103,0.03205128205128205,0.0,7.0,2025-11-17,0
0279D2AC6ACE,5.0,12.0,0.0,23.161290322580644,0.08387096774193549,0.0,17.0,2025-11-17,0
027B2DC4EA84,5.0,9.0,0.0,2469.8613138686133,0.40875912408759124,0.0,14.0,2025-11-17,0
027D07FC97FC,1.0,2.0,9.0,18583.293478260868,1.1195652173913044,0.10869565217391304,12.0,2025-11-17,0
027FE9CED489,0.0,0.0,0.0,65.32704402515724,0.5471698113207547,0.0,0.0,2025-11-17,0
028764AA026E,2.0,4.0,0.0,80.44171779141104,0.024539877300613498,0.0,6.0,2025-11-17,0
02892F51E1CB,0.0,0.0,0.0,3699.4695652173914,4.930434782608696,0.034782608695652174,0.0,2025-11-17,0
0289694A6E5B,6.0,5.0,1.0,221.95714285714286,0.24285714285714285,0.007142857142857143,12.0,2025-11-17,0
028B24EADDAD,1.0,0.0,3.0,2215.022900763359,0.9618320610687023,0.13740458015267176,4.0,2025-11-17,0
028CC0AE5719,4.0,1.0,1.0,29507.69230769231,3.67032967032967,0.01098901098901099,6.0,2025-11-17,0
0293918A963F,0.0,0.0,0.0,0.0,0.0,0.0,0.0,2025-11-17,0
02980E461859,1.0,4.0,0.0,85.59748427672956,0.025157232704402517,0.0,5.0,2025-11-17,0
029A2B32D17E,1.0,1.0,0.0,271.50666666666666,0.8733333333333333,0.0,2.0,2025-11-17,0
029C03C2BF19,1.0,1.0,0.0,81.12025316455696,0.2468354430379747,0.0,2.0,2025-11-17,0
029DA26B1A92,2.0,10.0,0.0,17.0,0.0625,0.0,12.0,2025-11-17,0
02A80292CB97,5.0,0.0,0.0,45.27160493827161,0.16049382716049382,0.0,5.0,2025-11-17,0
02B5C5ADC792,3.0,5.0,4.0,38151.83018867925,3.547169811320755,0.07547169811320754,12.0,2025-11-17,0
02B742646A0E,2.0,0.0,0.0,82.73456790123457,0.12345679012345678,0.0,2.0,2025-11-17,0
02BAD919855D,2.0,0.0,0.0,129.87586206896552,0.14482758620689656,0.0,2.0,2025-11-17,0
02BD26A4C3A0,3.0,9.0,0.0,102.34131736526946,0.05389221556886228,0.0,12.0,2025-11-17,0
02C0F45F31E7,0.0,0.0,0.0,314113.0681818182,53.09090909090909,0.0,0.0,2025-11-17,0
02CFFA3A3F35,1.0,2.0,0.0,21.938271604938272,0.012345679012345678,0.0,3.0,2025-11-17,0
02D49A34B2FE,3.0,0.0,0.0,3353.0333333333333,1.6,0.07777777777777778,3.0,2025-11-17,0
02D4DFEF402A,3.0,5.0,0.0,20.205128205128204,0.26282051282051283,0.0,8.0,2025-11-17,0
02D7623552C8,2.0,2.0,3.0,1472.4745762711864,1.5677966101694916,0.1864406779661017,7.0,2025-11-17,0
02DC03A0F1E6,1.0,4.0,1.0,17.77987421383648,0.025157232704402517,0.006289308176100629,6.0,2025-11-17,0
02E12310186C,0.0,1.0,0.0,272.56962025316454,0.0759493670886076,0.0,1.0,2025-11-17,0
02EBC6CD4398,2.0,0.0,0.0,84.6624203821656,0.06369426751592357,0.0,2.0,2025-11-17,0
02F093C88F2E,2.0,3.0,0.0,60.89506172839506,0.09876543209876543,0.0,5.0,2025-11-17,0
02F18EEE028A,0.0,0.0,0.0,157.82758620689654,0.11724137931034483,0.0,0.0,2025-11-17,0
02F56F7C8E0B,1.0,1.0,0.0,38.13414634146341,0.006097560975609756,0.0,2.0,2025-11-17,0
02F5CE7705EC,1.0,2.0,2.0,1205.175,3.45,0.016666666666666666,5.0,2025-11-17,0
02F98EB34A7A,3.0,5.0,0.0,20.791411042944784,0.03067484662576687,0.0,8.0,2025-11-17,0
02FBDD4A2C43,0.0,0.0,0.0,50.233333333333334,0.04,0.0,0.0,2025-11-17,0
060C5773A61B,3.0,2.0,0.0,1130.6764705882354,1.1691176470588236,0.0,5.0,2025-11-17,0
060EE3CB4779,1.0,1.0,0.0,32.3416149068323,0.11180124223602485,0.0,2.0,2025-11-17,0
06132D7396F8,5.0,3.0,3.0,137120.56140350876,20.842105263157894,0.07017543859649122,11.0,2025-11-17,0
0616F247083A,1.0,12.0,0.0,77.57692307692308,0.07692307692307693,0.0,13.0,2025-11-17,0
061A4322745C,4.0,4.0,4.0,23727.477777777778,5.455555555555556,1.0222222222222221,12.0,2025-11-17,0
06238EE3BE6C,3.0,2.0,0.0,94.19354838709677,0.16774193548387098,0.0,5.0,2025-11-17,0
062EA113798F,7.0,6.0,0.0,349.0567375886525,0.3191489361702128,0.0,13.0,2025-11-17,0
0634F78DB4C5,2.0,3.0,1.0,895.7175572519084,0.8625954198473282,0.007633587786259542,6.0,2025-11-17,0
0639EA5602C1,1.0,5.0,0.0,89.57407407407408,0.037037037037037035,0.0,6.0,2025-11-17,0
0644582257D9,4.0,3.0,0.0,276.07284768211923,0.152317880794702,0.0,7.0,2025-11-17,0
064AED1EC0AA,4.0,8.0,1.0,101.19108280254777,0.05732484076433121,0.006369426751592357,13.0,2025-11-17,0
064BE19B0A9E,1.0,3.0,5.0,55.453416149068325,0.018633540372670808,0.031055900621118012,9.0,2025-11-17,0
064C94C771EC,3.0,3.0,0.0,32.94512195121951,0.018292682926829267,0.0,6.0,2025-11-17,0
064E66B5367B,3.0,1.0,0.0,151.67088607594937,0.3227848101265823,0.0,4.0,2025-11-17,0
06509A84E873,2.0,5.0,1.0,22.626506024096386,0.21084337349397592,0.006024096385542169,8.0,2025-11-17,0
065B928716CD,7.0,2.0,2.0,1535.6204379562043,2.204379562043796,0.014598540145985401,11.0,2025-11-17,0
065C003A8D0C,0.0,1.0,2.0,1117.878260869565,1.3391304347826087,0.017391304347826087,3.0,2025-11-17,0
066430BA5119,0.0,5.0,0.0,24.915151515151514,0.030303030303030304,0.0,5.0,2025-11-17,0
0665C3FE6D67,2.0,3.0,0.0,37.14110429447853,0.018404907975460124,0.0,5.0,2025-11-17,0
06711BE6AD2A,5.0,9.0,0.0,99.96951219512195,0.054878048780487805,0.0,14.0,2025-11-17,0
06787526FEB3,0.0,1.0,0.0,600.6086956521739,1.5942028985507246,0.0,1.0,2025-11-17,0
0683D2A8DA42,2.0,10.0,1.0,87.61111111111111,0.06172839506172839,0.006172839506172839,13.0,2025-11-17,0
068553B3AA23,3.0,8.0,0.0,69.56410256410257,0.057692307692307696,0.0,11.0,2025-11-17,0
0687F36E02C6,2.0,1.0,0.0,49.22222222222222,0.12345679012345678,0.0,3.0,2025-11-17,0
069357B9F15F,5.0,11.0,6.0,9007.330275229358,4.577981651376147,0.3669724770642202,22.0,2025-11-17,0
06981FD8AA87,3.0,0.0,9.0,268.4714285714286,0.1,0.07142857142857142,12.0,2025-11-17,0
069A98DEEB1D,4.0,10.0,7.0,11537.89156626506,4.9397590361445785,0.08433734939759036,21.0,2025-11-17,0
06AA1DE70CBF,1.0,6.0,0.0,62.293413173652695,0.03592814371257485,0.0,7.0,2025-11-17,0
06AAA28A5D6B,3.0,3.0,0.0,426.88957055214723,0.018404907975460124,0.0,6.0,2025-11-17,0
06AEE181F595,1.0,4.0,0.0,131.55405405405406,0.2972972972972973,0.0,5.0,2025-11-17,0
06B162DC93E3,1.0,1.0,0.0,20.160493827160494,0.006172839506172839,0.0,2.0,2025-11-17,0
06B641B75B29,4.0,7.0,6.0,74678.03921568628,32.333333333333336,6.784313725490196,17.0,2025-11-17,0
06C0D5E3BCDB,3.0,2.0,0.0,331.6095890410959,0.2054794520547945,0.0,5.0,2025-11-17,0
06C0F27E810B,0.0,5.0,0.0,120.63225806451612,0.2129032258064516,0.0,5.0,2025-11-17,0
06C67619095C,2.0,2.0,0.0,348.0503144654088,0.018867924528301886,0.0,4.0,2025-11-17,0
06C77FEA9550,6.0,3.0,2.0,283.72108843537416,0.8503401360544217,0.013605442176870748,11.0,2025-11-17,0
06C98DF4F0FA,1.0,1.0,0.0,53.77639751552795,0.006211180124223602,0.0,2.0,2025-11-17,0
06CE0F3CFB3C,3.0,5.0,0.0,50.925925925925924,0.030864197530864196,0.0,8.0,2025-11-17,0
06D0342253A0,5.0,9.0,0.0,72.95061728395062,0.05555555555555555,0.0,14.0,2025-11-17,0
06D388A19D5D,0.0,1.0,1.0,5.151898734177215,0.11392405063291139,0.006329113924050633,2.0,2025-11-17,0
06D6B7018E15,2.0,12.0,0.0,120.69426751592357,0.08280254777070063,0.0,14.0,2025-11-17,0
06D7F6C73E0C,1.0,2.0,0.0,6.96969696969697,0.012121212121212121,0.0,3.0,2025-11-17,0
06D84598CCB4,10.0,25.0,2.0,648.795918367347,0.17687074829931973,0.013605442176870748,37.0,2025-11-17,0
06DAF11BD38F,1.0,0.0,0.0,151.56934306569343,0.16058394160583941,0.0,1.0,2025-11-17,0
06EA136A2996,0.0,1.0,0.0,1.1419354838709677,0.0064516129032258064,0.0,1.0,2025-11-17,0
06EDBAE64B57,2.0,3.0,0.0,320.3975155279503,0.018633540372670808,0.0,5.0,2025-11-17,0
06EEBD283262,0.0,0.0,0.0,0.0,0.0,0.0,0.0,2025-11-17,0
06EFD61B80ED,2.0,8.0,0.0,47.09036144578313,0.05421686746987952,0.0,10.0,2025-11-17,0
06F2469B50EF,3.0,6.0,2.0,558.7755102040817,0.04081632653061224,0.013605442176870748,11.0,2025-11-17,0
06F2CDBD2C41,0.0,1.0,1.0,189.80575539568346,0.3381294964028777,0.007194244604316547,2.0,2025-11-17,0
06F40EA87663,2.0,8.0,0.0,129.84868421052633,0.05263157894736842,0.0,10.0,2025-11-17,0
06F49BD8F572,2.0,17.0,1.0,24.058823529411764,0.11764705882352941,0.006535947712418301,20.0,2025-11-17,0
06FDA7D7B22A,0.0,1.0,0.0,0.6932515337423313,0.006134969325153374,0.0,1.0,2025-11-17,0
06FFEC2EFA5E,8.0,9.0,11.0,8980.531914893618,4.638297872340425,0.11702127659574468,28.0,2025-11-17,1
0A0B47664A85,5.0,4.0,0.0,70.5448717948718,0.2692307692307692,0.0,9.0,2025-11-17,0
0A10201AFE0A,1.0,5.0,0.0,11.797546012269938,0.03067484662576687,0.0,6.0,2025-11-17,0
0A1037E90A63,0.0,1.0,0.0,16.73006134969325,0.006134969325153374,0.0,1.0,2025-11-17,0
0A10A5A5056E,2.0,2.0,2.0,80.64375,0.19375,0.0125,6.0,2025-11-17,0
0A15BC628AFC,1.0,3.0,0.0,26.466257668711656,0.018404907975460124,0.0,4.0,2025-11-17,0
0A182EFD3C61,0.0,0.0,6.0,83.61805555555556,0.75,0.041666666666666664,6.0,2025-11-17,0
0A184A2E46B7,1.0,1.0,0.0,90.13664596273291,1.2546583850931676,0.0,2.0,2025-11-17,0
0A19C62F4F6D,6.0,1.0,0.0,67.90849673202614,0.13725490196078433,0.0,7.0,2025-11-17,0
0A1FB1C98A92,0.0,0.0,0.0,9.677215189873417,0.056962025316455694,0.0,0.0,2025-11-17,0
0A23474F1944,4.0,0.0,0.0,24.419354838709676,0.1935483870967742,0.0,4.0,2025-11-17,0
0A25F6E3466C,0.0,0.0,2.0,1397.455357142857,1.7321428571428572,0.017857142857142856,2.0,2025-11-17,0
0A268A7E40CD,1.0,7.0,0.0,35.406451612903226,0.05161290322580645,0.0,8.0,2025-11-17,0
0A272C5A2C9B,0.0,0.0,0.0,0.0,0.0,0.0,0.0,2025-11-17,0
0A2778A31BE3,2.0,4.0,0.0,36.864197530864196,0.024691358024691357,0.0,6.0,2025-11-17,0
0A3528D089D9,4.0,11.0,0.0,64.73125,0.06875,0.0,15.0,2025-11-17,0
0A3983033084,2.0,1.0,0.0,63.909677419354836,0.08387096774193549,0.0,3.0,2025-11-17,0
0A42B2DB6370,4.0,5.0,0.0,96.18518518518519,0.030864197530864196,0.0,9.0,2025-11-17,0
0A4673793B3E,1.0,4.0,0.0,4.626506024096385,0.024096385542168676,0.0,5.0,2025-11-17,0
0A485668F5C0,2.0,1.0,0.0,220.1304347826087,0.34782608695652173,0.0,3.0,2025-11-17,0
0A4C884F240A,1.0,0.0,1.0,2684.6637931034484,2.086206896551724,0.13793103448275862,2.0,2025-11-17,0
0A4E33E2692B,0.0,0.0,0.0,1114.4538461538461,1.0846153846153845,0.0,0.0,2025-11-17,0
0A52DDE896BF,2.0,0.0,0.0,4651.495798319328,5.109243697478991,0.0,2.0,2025-11-17,0
0A55DA266F71,2.0,6.0,1.0,5535.205357142857,1.1696428571428572,0.16964285714285715,9.0,2025-11-17,0
0A568E79FEF6,0.0,0.0,0.0,0.0,0.0,0.0,0.0,2025-11-17,0
0A57338657F8,2.0,2.0,0.0,18.546583850931675,0.18633540372670807,0.0,4.0,2025-11-17,0
0A57A684E20B,3.0,7.0,0.0,62.4625,0.04375,0.0,10.0,2025-11-17,0
0A5C1439B384,2.0,2.0,0.0,62.06666666666667,0.012121212121212121,0.0,4.0,2025-11-17,0
0A5D017E401E,0.0,0.0,0.0,148534.80487804877,8.804878048780488,0.0,0.0,2025-11-17,0
0A5E96449374,1.0,0.0,6.0,1097.3873873873874,1.3153153153153154,0.05405405405405406,7.0,2025-11-17,0
0A61E3165158,2.0,0.0,0.0,68.17610062893081,0.1320754716981132,0.0,2.0,2025-11-17,0
0A62EECEEBD1,6.0,8.0,0.0,256.6894409937888,0.049689440993788817,0.0,14.0,2025-11-17,0
0A6324E3E043,0.0,1.0,2.0,58.52597402597402,0.08441558441558442,0.012987012987012988,3.0,2025-11-17,0
0A6390E0FBA4,2.0,1.0,1.0,16747.811764705883,10.329411764705883,0.011764705882352941,4.0,2025-11-17,0
0A663B6B4B28,3.0,0.0,0.0,303.281045751634,1.7516339869281046,0.0,3.0,2025-11-17,0
0A682ED9C6DD,0.0,1.0,0.0,143.43795620437956,0.10948905109489052,0.0364963503649635,1.0,2025-11-17,0
0A68A2032450,1.0,1.0,4.0,8885.423076923076,1.7820512820512822,0.05128205128205128,6.0,2025-11-17,1
0A68DF0B3D07,3.0,0.0,0.0,144.9551282051282,0.15384615384615385,0.0,3.0,2025-11-17,0
0A68F38A6ACF,2.0,9.0,1.0,70.05839416058394,0.06569343065693431,0.0072992700729927005,12.0,2025-11-17,0
0A6C571A1550,1.0,5.0,0.0,85.51533742331289,0.03067484662576687,0.0,6.0,2025-11-17,0
0A6D3595373D,0.0,4.0,1.0,12.820987654320987,0.030864197530864196,0.006172839506172839,5.0,2025-11-17,0
0A6DA0C82CCB,0.0,0.0,0.0,0.0,0.0,0.0,0.0,2025-11-17,0
0A71A6F9D6C6,0.0,0.0,0.0,48.86708860759494,0.11392405063291139,0.0,0.0,2025-11-17,0
0A78FAF47B00,3.0,3.0,0.0,108.13375796178345,0.1592356687898089,0.0,6.0,2025-11-17,0
0A7AAFDD9E11,1.0,10.0,0.0,199.95364238410596,0.06622516556291391,0.0,11.0,2025-11-17,0
0A7AC5BDAF86,1.0,0.0,0.0,4494.899159663865,0.8907563025210085,0.17647058823529413,1.0,2025-11-17,0
0A800188C20F,1.0,9.0,0.0,144.15032679738562,0.0718954248366013,0.0,10.0,2025-11-17,0
0A8407CF4D85,0.0,3.0,0.0,6.371794871794871,0.019230769230769232,0.0,3.0,2025-11-17,0
0A87B8C2734F,2.0,0.0,0.0,75.70987654320987,0.12345679012345678,0.0,2.0,2025-11-17,0
0A8EA87BB037,6.0,1.0,0.0,76.28834355828221,0.17177914110429449,0.0,7.0,2025-11-17,0
0A9547C11A56,1.0,0.0,0.0,14.742138364779874,0.0880503144654088,0.0,1.0,2025-11-17,0
0A96EACD8070,9.0,16.0,7.0,87833.45588235294,36.76470588235294,1.0441176470588236,32.0,2025-11-17,0
0A974F5D7D8C,3.0,0.0,1.0,79.525,0.1,0.00625,4.0,2025-11-17,0
0A9A3BFD6C9B,7.0,12.0,0.0,57.778481012658226,0.3924050632911392,0.0,19.0,2025-11-17,0
0AA18F330F59,0.0,0.0,0.0,1042.0869565217392,2.4608695652173913,0.0,0.0,2025-11-17,0
0AA2818A7B27,0.0,0.0,0.0,0.0,0.0,0.0,0.0,2025-11-17,0
0AA296FF247D,4.0,3.0,0.0,172.8709677419355,0.15483870967741936,0.0,7.0,2025-11-17,0
0AA2F2CAB50B,1.0,0.0,1.0,1470.2416666666666,2.7666666666666666,0.008333333333333333,2.0,2025-11-17,0
0AA3F18DE550,5.0,12.0,3.0,2511.8333333333335,0.5166666666666667,0.025,20.0,2025-11-17,0
0AA473D2FC17,11.0,10.0,15.0,19673.03738317757,2.925233644859813,1.0467289719626167,36.0,2025-11-17,0
0AA4B065E5A5,1.0,0.0,0.0,34.48765432098765,0.08641975308641975,0.0,1.0,2025-11-17,0
0AA9051FFFFA,2.0,6.0,0.0,76.73939393939393,0.03636363636363636,0.0,8.0,2025-11-17,0
0AB5F9C21BF8,7.0,4.0,0.0,227900.57352941178,27.691176470588236,5.5588235294117645,11.0,2025-11-17,0
0AB6B45C775A,3.0,3.0,0.0,70.04697986577182,0.4228187919463087,0.0,6.0,2025-11-17,0
0AB97B7632EB,0.0,0.0,0.0,0.0,0.0,0.0,0.0,2025-11-17,0
0ABC8E60F4C1,5.0,12.0,0.0,359.63380281690144,0.08450704225352113,0.0,17.0,2025-11-17,0
0ABD2E513F79,1.0,1.0,2.0,388.83870967741933,0.14193548387096774,0.012903225806451613,4.0,2025-11-17,0
0ABE42BE4165,4.0,16.0,0.0,43.54362416107382,0.11409395973154363,0.0,20.0,2025-11-17,0
0AC437023B18,0.0,0.0,0.0,19742.0,15.0,0.0,0.0,2025-11-17,0
0AD276FC5E27,3.0,10.0,0.0,278.6962962962963,0.28888888888888886,0.0,13.0,2025-11-17,0
0AD2C92E9756,8.0,11.0,1.0,862.6644736842105,0.07236842105263158,0.006578947368421052,20.0,2025-11-17,0
0ADD02AB693D,2.0,24.0,0.0,85.45911949685535,0.16352201257861634,0.0,26.0,2025-11-17,0
0AE03793586F,1.0,2.0,0.0,28.341463414634145,0.012195121951219513,0.0,3.0,2025-11-17,0
0AE21E7A17E4,4.0,2.0,0.0,94.28662420382166,0.28662420382165604,0.0,6.0,2025-11-17,0
0AE6BF39C720,3.0,3.0,0.0,50.69934640522876,0.21568627450980393,0.0,6.0,2025-11-17,0
0AEF10F3A994,0.0,2.0,0.0,66.78873239436619,0.11267605633802817,0.0,2.0,2025-11-17,0
0AF1F0E3B640,2.0,8.0,0.0,104.83125,0.05,0.0,10.0,2025-11-17,0
0AF51D7D0F73,2.0,1.0,0.0,474.4887218045113,0.42857142857142855,0.0,3.0,2025-11-17,0
0AF8DCB98E4B,5.0,3.0,0.0,179.96575342465752,0.2534246575342466,0.0,8.0,2025-11-17,0
0AF9846E92DD,14.0,9.0,1.0,6944.333333333333,2.0,0.00980392156862745,24.0,2025-11-17,0
0AFB7B311996,0.0,1.0,0.0,2.962962962962963,0.006172839506172839,0.0,1.0,2025-11-17,0
0AFE702BB093,0.0,1.0,4.0,1250.4814814814815,3.2314814814814814,0.037037037037037035,5.0,2025-11-17,0
0AFFC263C0D9,6.0,4.0,5.0,17488.6338028169,5.154929577464789,1.676056338028169,15.0,2025-11-17,0
0E03D8F69853,5.0,0.0,0.0,2139.190476190476,1.8650793650793651,0.0,5.0,2025-11-17,0
0E0A8D6EB6B9,1.0,2.0,0.0,74.1842105263158,0.1513157894736842,0.0,3.0,2025-11-17,0
0E0C3EB7915D,5.0,8.0,0.0,64.5632911392405,0.25316455696202533,0.0,13.0,2025-11-17,0
0E0E2996F51A,4.0,4.0,3.0,135.64,0.26,0.02,11.0,2025-11-17,0
0E113B01A9A2,2.0,11.0,0.0,27.5625,0.06875,0.0,13.0,2025-11-17,0
0E11F69747A8,0.0,0.0,0.0,0.0,0.0,0.0,0.0,2025-11-17,0
0E121B6B8661,0.0,0.0,0.0,523.0769230769231,0.48951048951048953,0.26573426573426573,0.0,2025-11-17,0
0E1B6F4DBA34,0.0,3.0,0.0,113.23489932885906,0.5436241610738255,0.0,3.0,2025-11-17,0
0E1C622E61BC,4.0,6.0,0.0,74.69426751592357,0.03821656050955414,0.0,10.0,2025-11-17,0
0E1D7CA1DB0C,0.0,0.0,0.0,22.579268292682926,0.10365853658536585,0.0,0.0,2025-11-17,0
0E21C239D865,0.0,3.0,0.0,7.271604938271605,0.018518518518518517,0.0,3.0,2025-11-17,0
0E2575C7EE05,2.0,14.0,0.0,87.0,0.08860759493670886,0.0,16.0,2025-11-17,0
0E2728C481CA,1.0,0.0,8.0,442.0676691729323,0.6390977443609023,0.06015037593984962,9.0,2025-11-17,0
0E293C5E4650,3.0,1.0,0.0,33.57232704402516,0.08176100628930817,0.0,4.0,2025-11-17,0
0E2DEE345837,1.0,6.0,0.0,45.75155279503105,0.037267080745341616,0.0,7.0,2025-11-17,0
0E31C429C185,1.0,1.0,0.0,815.4615384615385,0.00641025641025641,0.0,2.0,2025-11-17,0
0E34282F4B53,0.0,4.0,0.0,24.08805031446541,0.025157232704402517,0.0,4.0,2025-11-17,0
0E3D06A07E94,6.0,3.0,1.0,2580.588785046729,2.560747663551402,0.009345794392523364,10.0,2025-11-17,0
0E3D96237639,0.0,0.0,0.0,38.261146496815286,0.05732484076433121,0.0,0.0,2025-11-17,0
0E41CF7F74D5,1.0,1.0,0.0,15.121794871794872,0.12179487179487179,0.0,2.0,2025-11-17,0
0E462188408C,2.0,2.0,0.0,28.371794871794872,1.2307692307692308,0.0,4.0,2025-11-17,0
0E4CE5FB4405,2.0,0.0,0.0,295.28169014084506,0.3380281690140845,0.0,2.0,2025-11-17,0
0E50A5B2E5C4,1.0,3.0,0.0,8.49375,0.01875,0.0,4.0,2025-11-17,0
0E543D410B0C,0.0,2.0,1.0,4.909090909090909,0.012121212121212121,0.006060606060606061,3.0,2025-11-17,0
0E55F28AB569,5.0,11.0,0.0,115.94736842105263,0.07894736842105263,0.0,16.0,2025-11-17,0
0E5A9CEA8093,3.0,12.0,0.0,76.56687898089172,0.08280254777070063,0.0,15.0,2025-11-17,0
0E5CD9B19DCB,7.0,25.0,6.0,5369.221374045802,0.21374045801526717,0.04580152671755725,38.0,2025-11-17,0
0E5DFCF65AD4,1.0,2.0,0.0,11.448051948051948,0.012987012987012988,0.0,3.0,2025-11-17,0
0E61D34F9993,0.0,0.0,0.0,540.7253521126761,0.6408450704225352,0.007042253521126761,0.0,2025-11-17,0
0E69783262BE,5.0,0.0,0.0,97.90967741935484,0.09032258064516129,0.0,5.0,2025-11-17,0
0E69C64B6E57,2.0,14.0,0.0,103.60759493670886,0.08860759493670886,0.0,16.0,2025-11-17,0
0E6A7794AFC7,1.0,1.0,0.0,10.048484848484849,0.006060606060606061,0.0,2.0,2025-11-17,0
0E6ACE6D3146,4.0,3.0,0.0,40.31210191082803,0.28662420382165604,0.0,7.0,2025-11-17,0
0E6D2CBAED41,3.0,2.0,1.0,2196.1825396825398,2.0476190476190474,0.007936507936507936,6.0,2025-11-17,0
0E752F1B295C,1.0,4.0,5.0,564.5971223021583,1.1726618705035972,0.03597122302158273,10.0,2025-11-17,0
0E7A8A5414C2,4.0,3.0,0.0,94.72151898734177,0.24050632911392406,0.0,7.0,2025-11-17,0
0E892C46A442,2.0,1.0,0.0,89.83974358974359,1.2884615384615385,0.0,3.0,2025-11-17,0
0E89F7D5B5BD,1.0,0.0,0.0,11181.181818181818,5.434343434343434,1.5353535353535352,1.0,2025-11-17,0
0E8B8566815B,3.0,3.0,0.0,190.50993377483445,0.11920529801324503,0.0,6.0,2025-11-17,0
0E8CF9CA526F,2.0,4.0,0.0,16.875,0.025,0.0,6.0,2025-11-17,0
0E8F36DAB9C2,3.0,1.0,1.0,998.1081081081081,0.7027027027027027,0.009009009009009009,5.0,2025-11-17,0
0E9761D8EB58,0.0,0.0,0.0,6160.59793814433,12.494845360824742,0.0,0.0,2025-11-17,0
0E9A30D927A5,3.0,6.0,1.0,192.2919708029197,0.22627737226277372,0.0072992700729927005,10.0,2025-11-17,0
0E9DC914D8DF,1.0,1.0,0.0,15.484662576687116,0.006134969325153374,0.0,2.0,2025-11-17,0
0EA0447DA91C,0.0,0.0,1.0,363143.04347826086,54.82608695652174,0.13043478260869565,1.0,2025-11-17,0
0EA22CFA3A24,3.0,0.0,0.0,213.6153846153846,0.24358974358974358,0.0,3.0,2025-11-17,0
0EA52A2A7581,0.0,3.0,4.0,101.52980132450331,0.23841059602649006,0.026490066225165563,7.0,2025-11-17,0
0EAEFEAEFB09,5.0,2.0,0.0,32.2125,0.38125,0.0,7.0,2025-11-17,0
0EB04F2114F4,0.0,0.0,0.0,0.0,0.0,0.0,0.0,2025-11-17,0
0EB6B31D8AFB,2.0,3.0,0.0,115.61971830985915,0.02112676056338028,0.0,5.0,2025-11-17,0
0EBF1B27CDE1,6.0,1.0,4.0,46506.181818181816,12.931818181818182,0.36363636363636365,11.0,2025-11-17,0
0EC8A35D0C20,1.0,5.0,0.0,55.63354037267081,0.031055900621118012,0.0,6.0,2025-11-17,0
0ED0849FD6D8,0.0,0.0,2.0,4471.118181818182,1.6727272727272726,0.01818181818181818,2.0,2025-11-17,0
0ED1E9DBD593,0.0,1.0,0.0,286.036496350365,0.38686131386861317,0.0,1.0,2025-11-17,0
0ED4052A2763,3.0,8.0,0.0,76.93167701863354,0.055900621118012424,0.0,11.0,2025-11-17,0
0ED5057ECE3F,5.0,3.0,7.0,1338.1470588235295,1.7352941176470589,0.2867647058823529,15.0,2025-11-17,0
0EDC7177CCA9,9.0,18.0,9.0,948.7375886524823,0.1276595744680851,0.06382978723404255,36.0,2025-11-17,0
0EE071F7B24A,1.0,1.0,0.0,28.555555555555557,0.006535947712418301,0.0,2.0,2025-11-17,0
0EE09EDA649F,3.0,12.0,0.0,419.53793103448277,0.08275862068965517,0.0,15.0,2025-11-17,0
0EE317BA7C52,0.0,0.0,0.0,4675.825396825397,2.3492063492063493,0.7142857142857143,0.0,2025-11-17,0
0EE51B79E853,2.0,14.0,0.0,265.3006134969325,0.08588957055214724,0.0,16.0,2025-11-17,0
0EE78E4317BB,0.0,0.0,0.0,341.86821705426354,0.2713178294573643,0.0,0.0,2025-11-17,0
0EE9497950EE,3.0,0.0,0.0,46.824675324675326,0.34415584415584416,0.0,3.0,2025-11-17,0
0EEA98D1BFDB,2.0,4.0,0.0,21.760479041916167,0.023952095808383235,0.0,6.0,2025-11-17,0
0EECB108FF91,4.0,0.0,0.0,150.20886075949366,0.8607594936708861,0.0,4.0,2025-11-17,0
0EF023E6452D,3.0,2.0,2.0,136.09032258064516,0.16774193548387098,0.16774193548387098,7.0,2025-11-17,0
0EF08481B333,4.0,8.0,0.0,17.81761006289308,0.050314465408805034,0.0,12.0,2025-11-17,0
0EF437108E63,0.0,1.0,1.0,390.5851851851852,0.4,0.007407407407407408,2.0,2025-11-17,0
0EF47B410B41,2.0,14.0,0.0,88.73287671232876,0.0958904109589041,0.0,16.0,2025-11-17,0
0EFD600E2623,3.0,5.0,0.0,75.1829268292683,0.03048780487804878,0.0,8.0,2025-11-17,0
0202CB0A6B1F,1.0,1.0,0.0,36.484472049689444,0.11180124223602485,0.0,2.0,2025-11-24,0
02043B6BA08B,1.0,2.0,0.0,34.64,0.013333333333333334,0.0,3.0,2025-11-24,0
02075B45BF24,2.0,12.0,5.0,74.51612903225806,0.07741935483870968,0.03225806451612903,19.0,2025-11-24,0
02091DF7CCB8,0.0,3.0,8.0,563.5081967213115,0.9016393442622951,0.07377049180327869,11.0,2025-11-24,0
02097AB58D3C,3.0,6.0,0.0,45.993589743589745,0.038461538461538464,0.0,9.0,2025-11-24,0
020CC6FB9659,2.0,7.0,0.0,376.33116883116884,0.6363636363636364,0.0,9.0,2025-11-24,0
02132677328F,1.0,0.0,0.0,92.9931506849315,0.2054794520547945,0.0,1.0,2025-11-24,0
02142F017781,2.0,3.0,0.0,598.78125,0.01875,0.0,5.0,2025-11-24,0
02145826103B,0.0,0.0,0.0,4602.463636363636,2.9545454545454546,0.0,0.0,2025-11-24,0
0217820BFFB2,7.0,5.0,0.0,250.94736842105263,0.24342105263157895,0.0,12.0,2025-11-24,0
021D82B56A3F,2.0,2.0,0.0,34.10625,0.175,0.0,4.0,2025-11-24,0
02251388D3A2,1.0,4.0,0.0,105.51875,0.025,0.0,5.0,2025-11-24,0
0228A99EE35A,1.0,1.0,0.0,16.026143790849673,0.006535947712418301,0.0,2.0,2025-11-24,0
022C6F326E3B,5.0,1.0,0.0,595.1884057971015,0.8840579710144928,0.0,6.0,2025-11-24,0
022DB47C41AC,5.0,0.0,0.0,117.17123287671232,0.17123287671232876,0.0,5.0,2025-11-24,0
023015602FAA,1.0,1.0,0.0,5.968944099378882,0.006211180124223602,0.0,2.0,2025-11-24,0
0230D261A1CD,0.0,0.0,0.0,78.74666666666667,0.12666666666666668,0.0,0.0,2025-11-24,0
0230EEF72435,1.0,1.0,0.0,55.962025316455694,1.1645569620253164,0.0,2.0,2025-11-24,0
02314F9A9168,4.0,11.0,0.0,59.12418300653595,0.0718954248366013,0.0,15.0,2025-11-24,0
023257D29366,1.0,6.0,0.0,36.85454545454545,0.03636363636363636,0.0,7.0,2025-11-24,0
023270320B57,2.0,2.0,0.0,65.71875,0.8,0.0,4.0,2025-11-24,0
02388A18854F,7.0,3.0,2.0,708.9851851851852,3.488888888888889,0.014814814814814815,12.0,2025-11-24,0
0239AD51B7AF,0.0,1.0,0.0,83.41216216216216,0.3581081081081081,0.0,1.0,2025-11-24,0
023A663EFD87,3.0,1.0,0.0,51.987878787878785,0.41818181818181815,0.0,4.0,2025-11-24,0
023AD5204E1C,2.0,3.0,0.0,72.07801418439716,0.02127659574468085,0.0,5.0,2025-11-24,0
023ADDDECF84,0.0,0.0,0.0,1640.1574803149606,1.5984251968503937,0.0,0.0,2025-11-24,0
02423E0E6E9F,2.0,3.0,7.0,482.4782608695652,0.4658385093167702,0.043478260869565216,12.0,2025-11-24,0
024570739DE0,0.0,1.0,5.0,256.5503355704698,0.24161073825503357,0.03355704697986577,6.0,2025-11-24,0
02478CD90F3A,3.0,9.0,0.0,233.2828947368421,0.05921052631578947,0.0,12.0,2025-11-24,0
024DD3A9ADCA,1.0,3.0,10.0,207.13194444444446,0.3541666666666667,0.06944444444444445,14.0,2025-11-24,0
024ED433BF7D,6.0,7.0,10.0,21700.16176470588,13.955882352941176,0.14705882352941177,23.0,2025-11-24,0
0253BB40EDA6,1.0,3.0,0.0,70.94444444444444,0.018518518518518517,0.0,4.0,2025-11-24,0
0257E855DBCE,3.0,2.0,1.0,43820.82894736842,6.842105263157895,1.486842105263158,6.0,2025-11-24,0
0259991BA036,0.0,1.0,0.0,2578.3333333333335,1.8,0.5833333333333334,1.0,2025-11-24,0
026A6007FA48,5.0,1.0,1.0,208.04605263157896,0.4276315789473684,0.006578947368421052,7.0,2025-11-24,0
027137436C87,1.0,12.0,0.0,34.5679012345679,0.07407407407407407,0.0,13.0,2025-11-24,0
0278E06A2F67,2.0,2.0,0.0,45.01307189542484,0.013071895424836602,0.0,4.0,2025-11-24,0
0279D2AC6ACE,2.0,12.0,0.0,16.910828025477706,0.07643312101910828,0.0,14.0,2025-11-24,0
027B2DC4EA84,7.0,3.0,0.0,4206.1057692307695,0.6057692307692307,0.0,10.0,2025-11-24,1
027D07FC97FC,1.0,0.0,8.0,6904.175438596491,0.5701754385964912,0.07017543859649122,9.0,2025-11-24,0
027FE9CED489,2.0,1.0,0.0,85.87012987012987,0.7467532467532467,0.0,3.0,2025-11-24,0
028764AA026E,2.0,3.0,0.0,30.012422360248447,0.018633540372670808,0.0,5.0,2025-11-24,0
02892F51E1CB,0.0,0.0,1.0,1732.1953125,3.2421875,0.0078125,1.0,2025-11-24,0
0289694A6E5B,2.0,2.0,0.0,166.28,0.22,0.0,4.0,2025-11-24,0
028B24EADDAD,0.0,0.0,0.0,1241.09375,0.6484375,0.078125,0.0,2025-11-24,0
028CC0AE5719,0.0,0.0,0.0,9317.40404040404,1.8383838383838385,0.0,0.0,2025-11-24,0
0293918A963F,0.0,0.0,0.0,0.0,0.0,0.0,0.0,2025-11-24,0
02980E461859,2.0,4.0,0.0,309.58385093167703,0.024844720496894408,0.0,6.0,2025-11-24,0
029A2B32D17E,2.0,1.0,0.0,411.8251748251748,0.9230769230769231,0.0,3.0,2025-11-24,0
029C03C2BF19,0.0,0.0,0.0,84.66025641025641,0.28205128205128205,0.0,0.0,2025-11-24,0
029DA26B1A92,7.0,12.0,0.0,31.075,0.0875,0.0,19.0,2025-11-24,0
02A80292CB97,8.0,23.0,0.0,726.9577464788732,0.6690140845070423,0.0,31.0,2025-11-24,0
02B5C5ADC792,12.0,1.0,1.0,135210.02631578947,5.052631578947368,0.2236842105263158,14.0,2025-11-24,0
02B742646A0E,2.0,0.0,1.0,44.9671052631579,0.07894736842105263,0.006578947368421052,3.0,2025-11-24,0
02BAD919855D,4.0,0.0,0.0,166.4228187919463,0.15436241610738255,0.0,4.0,2025-11-24,0
02BD26A4C3A0,1.0,7.0,0.0,29.01840490797546,0.04294478527607362,0.0,8.0,2025-11-24,0
02C0F45F31E7,0.0,0.0,0.0,26862.4,16.457142857142856,0.0,0.0,2025-11-24,0
02CFFA3A3F35,1.0,2.0,0.0,19.012345679012345,0.012345679012345678,0.0,3.0,2025-11-24,0
02D49A34B2FE,0.0,0.0,0.0,794.33,0.69,0.07,0.0,2025-11-24,0
02D4DFEF402A,1.0,2.0,0.0,22.466216216216218,0.35135135135135137,0.0,3.0,2025-11-24,0
02D7623552C8,4.0,1.0,2.0,1769.624,2.088,0.184,7.0,2025-11-24,0
02DC03A0F1E6,4.0,8.0,0.0,116.7239263803681,0.049079754601226995,0.0,12.0,2025-11-24,0
02E12310186C,1.0,0.0,0.0,175.9025974025974,0.07142857142857142,0.0,1.0,2025-11-24,0
02EBC6CD4398,1.0,13.0,0.0,42.775,0.0875,0.0,14.0,2025-11-24,0
02F093C88F2E,1.0,1.0,0.0,25.75,0.04375,0.0,2.0,2025-11-24,0
02F18EEE028A,0.0,1.0,1.0,70.83225806451613,0.14193548387096774,0.0064516129032258064,2.0,2025-11-24,0
02F56F7C8E0B,1.0,1.0,0.0,58.55625,0.00625,0.0,2.0,2025-11-24,0
02F5CE7705EC,0.0,0.0,0.0,312.7112676056338,1.3943661971830985,0.0,0.0,2025-11-24,0
02F98EB34A7A,0.0,3.0,0.0,3.2804878048780486,0.018292682926829267,0.0,3.0,2025-11-24,0
02FBDD4A2C43,0.0,0.0,0.0,66.9625,0.05625,0.0,0.0,2025-11-24,0
060C5773A61B,1.0,1.0,0.0,807.9846153846154,1.0923076923076922,0.0,2.0,2025-11-24,0
060EE3CB4779,3.0,4.0,0.0,55.140127388535035,0.20382165605095542,0.0,7.0,2025-11-24,0
06132D7396F8,3.0,3.0,1.0,105638.43333333333,20.516666666666666,0.016666666666666666,7.0,2025-11-24,0
0616F247083A,6.0,4.0,0.0,273.3806451612903,0.2,0.0,10.0,2025-11-24,0
061A4322745C,3.0,3.0,1.0,25099.51785714286,7.089285714285714,1.625,7.0,2025-11-24,0
06238EE3BE6C,0.0,0.0,1.0,52.5796178343949,0.1592356687898089,0.006369426751592357,1.0,2025-11-24,0
062EA113798F,6.0,18.0,0.0,2023.0763358778627,0.648854961832061,0.0,24.0,2025-11-24,1
0634F78DB4C5,0.0,0.0,0.0,346.1268656716418,0.6119402985074627,0.0,0.0,2025-11-24,0
0639EA5602C1,2.0,4.0,0.0,38.225,0.025,0.0,6.0,2025-11-24,0
0644582257D9,1.0,1.0,0.0,109.93243243243244,0.12837837837837837,0.0,2.0,2025-11-24,0
064AED1EC0AA,1.0,14.0,0.0,65.78846153846153,0.08974358974358974,0.0,15.0,2025-11-24,0
064BE19B0A9E,1.0,5.0,10.0,104.14012738853503,0.03184713375796178,0.06369426751592357,16.0,2025-11-24,0
064C94C771EC,1.0,1.0,0.0,3.1736526946107784,0.005988023952095809,0.0,2.0,2025-11-24,0
064E66B5367B,1.0,3.0,0.0,149.1823899371069,0.3836477987421384,0.0,4.0,2025-11-24,0
06509A84E873,11.0,10.0,10.0,229.9798657718121,0.8389261744966443,0.06711409395973154,31.0,2025-11-24,1
065B928716CD,6.0,3.0,3.0,2251.0333333333333,2.525,0.025,12.0,2025-11-24,0
065C003A8D0C,1.0,0.0,7.0,1184.827868852459,1.7377049180327868,0.05737704918032787,8.0,2025-11-24,0
066430BA5119,1.0,5.0,0.0,45.30952380952381,0.02976190476190476,0.0,6.0,2025-11-24,0
0665C3FE6D67,0.0,2.0,0.0,3.9554140127388533,0.012738853503184714,0.0,2.0,2025-11-24,0
06711BE6AD2A,4.0,7.0,0.0,108.1006289308176,0.0440251572327044,0.0,11.0,2025-11-24,0
06787526FEB3,1.0,0.0,0.0,563.3134328358209,1.3134328358208955,0.0,1.0,2025-11-24,0
0683D2A8DA42,2.0,9.0,0.0,117.95625,0.05625,0.0,11.0,2025-11-24,0
068553B3AA23,1.0,10.0,0.0,37.125786163522015,0.06289308176100629,0.0,11.0,2025-11-24,0
0687F36E02C6,2.0,1.0,0.0,37.96913580246913,0.12962962962962962,0.0,3.0,2025-11-24,0
069357B9F15F,6.0,4.0,16.0,11481.041237113403,5.22680412371134,0.5876288659793815,26.0,2025-11-24,0
06981FD8AA87,1.0,0.0,0.0,590.5320512820513,0.1282051282051282,0.0,1.0,2025-11-24,0
069A98DEEB1D,4.0,4.0,3.0,13732.914634146342,5.719512195121951,0.04878048780487805,11.0,2025-11-24,0
06AA1DE70CBF,1.0,2.0,0.0,17.699386503067483,0.012269938650306749,0.0,3.0,2025-11-24,0
06AAA28A5D6B,1.0,2.0,0.0,83.19745222929936,0.012738853503184714,0.0,3.0,2025-11-24,0
06AEE181F595,2.0,0.0,0.0,154.8581560283688,0.2978723404255319,0.0,2.0,2025-11-24,0
06B162DC93E3,2.0,2.0,0.0,24.51829268292683,0.012195121951219513,0.0,4.0,2025-11-24,0
06B641B75B29,1.0,0.0,3.0,56938.12727272727,35.945454545454545,7.2,4.0,2025-11-24,0
06C0D5E3BCDB,1.0,2.0,0.0,229.9931506849315,0.1917808219178082,0.0,3.0,2025-11-24,0
06C0F27E810B,1.0,3.0,0.0,126.41104294478528,0.19631901840490798,0.0,4.0,2025-11-24,0
06C67619095C,0.0,0.0,0.0,0.0,0.0,0.0,0.0,2025-11-24,0
06C77FEA9550,4.0,6.0,0.0,245.40816326530611,0.8775510204081632,0.0,10.0,2025-11-24,0
06C98DF4F0FA,0.0,1.0,0.0,4.932515337423313,0.006134969325153374,0.0,1.0,2025-11-24,0
06CE0F3CFB3C,1.0,4.0,0.0,14.64375,0.025,0.0,5.0,2025-11-24,0
06D0342253A0,5.0,15.0,0.0,111.70440251572327,0.09433962264150944,0.0,20.0,2025-11-24,0
06D388A19D5D,1.0,1.0,1.0,7.788819875776397,0.10559006211180125,0.006211180124223602,3.0,2025-11-24,0
06D6B7018E15,2.0,12.0,0.0,80.86538461538461,0.08974358974358974,0.0,14.0,2025-11-24,0
06D7F6C73E0C,1.0,4.0,0.0,135.50314465408806,0.025157232704402517,0.0,5.0,2025-11-24,0
06D84598CCB4,7.0,8.0,2.0,2269.218045112782,0.3308270676691729,0.015037593984962405,17.0,2025-11-24,1
06DAF11BD38F,0.0,0.0,0.0,174.26241134751774,0.1702127659574468,0.0,0.0,2025-11-24,0
06EA136A2996,1.0,1.0,0.0,4.39375,0.00625,0.0,2.0,2025-11-24,0
06EDBAE64B57,0.0,1.0,0.0,15.674846625766872,0.006134969325153374,0.0,1.0,2025-11-24,0
06EEBD283262,2.0,2.0,0.0,38.38036809815951,0.012269938650306749,0.0,4.0,2025-11-24,0
06EFD61B80ED,3.0,4.0,0.0,44.28662420382165,0.025477707006369428,0.0,7.0,2025-11-24,0
06F2469B50EF,0.0,6.0,0.0,142.12025316455697,0.0379746835443038,0.0,6.0,2025-11-24,0
06F2CDBD2C41,0.0,0.0,0.0,140.61688311688312,0.2597402597402597,0.0,0.0,2025-11-24,0
06F40EA87663,0.0,4.0,0.0,27.0,0.024844720496894408,0.0,4.0,2025-11-24,0
06F49BD8F572,2.0,9.0,1.0,9.13375796178344,0.05732484076433121,0.006369426751592357,12.0,2025-11-24,0
06FDA7D7B22A,3.0,4.0,0.0,17.96319018404908,0.024539877300613498,0.0,7.0,2025-11-24,0
06FFEC2EFA5E,3.0,9.0,6.0,30327.9012345679,7.592592592592593,0.4074074074074074,18.0,2025-11-24,0
0A0B47664A85,2.0,3.0,0.0,49.32716049382716,0.22839506172839505,0.0,5.0,2025-11-24,0
0A10201AFE0A,3.0,7.0,0.0,33.95061728395062,0.043209876543209874,0.0,10.0,2025-11-24,0
0A1037E90A63,0.0,0.0,0.0,0.0,0.0,0.0,0.0,2025-11-24,0
0A10A5A5056E,0.0,2.0,0.0,53.0625,0.14375,0.0,2.0,2025-11-24,0
0A15BC628AFC,4.0,4.0,0.0,87.08125,0.025,0.0,8.0,2025-11-24,0
0A182EFD3C61,3.0,2.0,0.0,122.35338345864662,1.037593984962406,0.0,5.0,2025-11-24,0
0A184A2E46B7,2.0,2.0,0.0,98.75,1.1923076923076923,0.0,4.0,2025-11-24,0
0A19C62F4F6D,3.0,1.0,0.0,72.87898089171975,0.1337579617834395,0.0,4.0,2025-11-24,0
0A1FB1C98A92,12.0,13.0,0.0,517.4761904761905,0.4965986394557823,0.0,25.0,2025-11-24,1
0A23474F1944,4.0,3.0,0.0,24.90728476821192,0.2185430463576159,0.0,7.0,2025-11-24,0
0A25F6E3466C,0.0,1.0,2.0,1014.5327102803739,1.6542056074766356,0.018691588785046728,3.0,2025-11-24,0
0A268A7E40CD,2.0,12.0,0.0,76.15723270440252,0.08176100628930817,0.0,14.0,2025-11-24,0
0A272C5A2C9B,1.0,2.0,0.0,36.56969696969697,0.012121212121212121,0.0,3.0,2025-11-24,0
0A2778A31BE3,1.0,2.0,0.0,38.278481012658226,0.012658227848101266,0.0,3.0,2025-11-24,0
0A3528D089D9,2.0,16.0,0.0,39.38607594936709,0.10126582278481013,0.0,18.0,2025-11-24,0
0A3983033084,6.0,1.0,0.0,108.26086956521739,0.11180124223602485,0.0,7.0,2025-11-24,0
0A42B2DB6370,1.0,1.0,0.0,14.420731707317072,0.006097560975609756,0.0,2.0,2025-11-24,0
0A4673793B3E,0.0,3.0,0.0,3.5149700598802394,0.017964071856287425,0.0,3.0,2025-11-24,0
0A485668F5C0,2.0,0.0,0.0,169.08666666666667,0.2733333333333333,0.0,2.0,2025-11-24,0
0A4C884F240A,0.0,0.0,0.0,1015.4411764705883,1.0955882352941178,0.029411764705882353,0.0,2025-11-24,0
0A4E33E2692B,1.0,0.0,0.0,1004.8632478632478,0.9316239316239316,0.0,1.0,2025-11-24,0
0A52DDE896BF,1.0,1.0,0.0,2437.757575757576,3.340909090909091,0.0,2.0,2025-11-24,0
0A55DA266F71,2.0,2.0,0.0,3679.308411214953,1.3644859813084111,0.205607476635514,4.0,2025-11-24,0
0A568E79FEF6,0.0,0.0,0.0,0.0,0.0,0.0,0.0,2025-11-24,0
0A57338657F8,4.0,4.0,0.0,21.2125,0.225,0.0,8.0,2025-11-24,0
0A57A684E20B,0.0,7.0,0.0,22.575949367088608,0.04430379746835443,0.0,7.0,2025-11-24,0
0A5C1439B384,1.0,3.0,0.0,94.64814814814815,0.018518518518518517,0.0,4.0,2025-11-24,0
0A5D017E401E,0.0,0.0,1.0,7680.530434782609,1.9565217391304348,0.008695652173913044,1.0,2025-11-24,0
0A5E96449374,3.0,1.0,0.0,1192.4237288135594,1.2627118644067796,0.0,4.0,2025-11-24,0
0A61E3165158,3.0,2.0,0.0,41.15243902439025,0.12195121951219512,0.0,5.0,2025-11-24,0
0A62EECEEBD1,3.0,8.0,0.0,707.7215189873418,0.056962025316455694,0.0,11.0,2025-11-24,0
0A6324E3E043,0.0,0.0,2.0,9.414012738853502,0.012738853503184714,0.012738853503184714,2.0,2025-11-24,0
0A6390E0FBA4,0.0,0.0,1.0,10311.091836734693,7.122448979591836,0.01020408163265306,1.0,2025-11-24,0
0A663B6B4B28,0.0,0.0,2.0,204.19620253164558,1.481012658227848,0.012658227848101266,2.0,2025-11-24,0
0A682ED9C6DD,0.0,0.0,0.0,189.1917808219178,0.08904109589041095,0.0136986301369863,0.0,2025-11-24,0
0A68A2032450,2.0,2.0,1.0,10855.368421052632,1.9210526315789473,0.013157894736842105,5.0,2025-11-24,0
0A68DF0B3D07,1.0,2.0,0.0,29.48125,0.05625,0.0,3.0,2025-11-24,0
0A68F38A6ACF,1.0,11.0,1.0,30.386666666666667,0.08,0.006666666666666667,13.0,2025-11-24,0
0A6C571A1550,0.0,2.0,0.0,8.29375,0.0125,0.0,2.0,2025-11-24,0
0A6D3595373D,4.0,8.0,0.0,44.484472049689444,0.049689440993788817,0.0,12.0,2025-11-24,0
0A6DA0C82CCB,0.0,0.0,0.0,0.0,0.0,0.0,0.0,2025-11-24,0
0A71A6F9D6C6,0.0,4.0,0.0,68.81761006289308,0.10062893081761007,0.0,4.0,2025-11-24,0
0A78FAF47B00,0.0,1.0,0.0,45.01948051948052,0.12987012987012986,0.0,1.0,2025-11-24,0
0A7AAFDD9E11,1.0,9.0,0.0,74.40259740259741,0.06493506493506493,0.0,10.0,2025-11-24,0
0A7AC5BDAF86,0.0,0.0,0.0,342.58273381294964,0.18705035971223022,0.007194244604316547,0.0,2025-11-24,0
0A800188C20F,3.0,12.0,0.0,193.7171052631579,0.07894736842105263,0.0,15.0,2025-11-24,0
0A8407CF4D85,2.0,8.0,0.0,26.58385093167702,0.049689440993788817,0.0,10.0,2025-11-24,0
0A87B8C2734F,3.0,2.0,0.0,74.15384615384616,0.1282051282051282,0.0,5.0,2025-11-24,0
0A8EA87BB037,1.0,4.0,0.0,68.27272727272727,0.18181818181818182,0.0,5.0,2025-11-24,0
0A9547C11A56,2.0,2.0,0.0,27.538961038961038,0.11038961038961038,0.0,4.0,2025-11-24,0
0A96EACD8070,2.0,0.0,3.0,36014.313953488374,22.197674418604652,0.5930232558139535,5.0,2025-11-24,0
0A974F5D7D8C,2.0,1.0,4.0,60.37179487179487,0.09615384615384616,0.02564102564102564,7.0,2025-11-24,0
0A9A3BFD6C9B,2.0,5.0,0.0,35.45859872611465,0.2356687898089172,0.0,7.0,2025-11-24,0
0AA18F330F59,1.0,2.0,0.0,2723.8571428571427,3.5798319327731094,0.0,3.0,2025-11-24,0
0AA2818A7B27,0.0,0.0,0.0,0.0,0.0,0.0,0.0,2025-11-24,0
0AA296FF247D,1.0,2.0,3.0,56.108108108108105,0.10810810810810811,0.02027027027027027,6.0,2025-11-24,0
0AA2F2CAB50B,1.0,0.0,0.0,1580.6544117647059,3.7205882352941178,0.0,1.0,2025-11-24,0
0AA3F18DE550,4.0,1.0,2.0,1719.7916666666667,0.45,0.025,7.0,2025-11-24,0
0AA473D2FC17,1.0,0.0,1.0,6283.633027522936,1.4495412844036697,0.41284403669724773,2.0,2025-11-24,0
0AA4B065E5A5,1.0,12.0,0.0,32.2,0.075,0.0,13.0,2025-11-24,0
0AA9051FFFFA,3.0,8.0,0.0,109.44444444444444,0.04938271604938271,0.0,11.0,2025-11-24,0
0AB5F9C21BF8,4.0,0.0,0.0,187195.06779661018,23.1864406779661,5.966101694915254,4.0,2025-11-24,0
0AB6B45C775A,3.0,4.0,1.0,95.78321678321679,0.6083916083916084,0.006993006993006993,8.0,2025-11-24,0
0AB97B7632EB,1.0,1.0,0.0,1058.3855421686746,0.006024096385542169,0.0,2.0,2025-11-24,0
0ABC8E60F4C1,2.0,9.0,2.0,199.21481481481482,0.06666666666666667,0.014814814814814815,13.0,2025-11-24,0
0ABD2E513F79,0.0,0.0,0.0,123.92156862745098,0.0784313725490196,0.0,0.0,2025-11-24,0
0ABE42BE4165,1.0,8.0,0.0,20.69934640522876,0.05228758169934641,0.0,9.0,2025-11-24,0
0AC437023B18,0.0,0.0,0.0,19742.0,15.0,0.0,0.0,2025-11-24,1
0AD276FC5E27,3.0,1.0,0.0,146.13793103448276,0.16551724137931034,0.0,4.0,2025-11-24,0
0AD2C92E9756,1.0,9.0,0.0,219.80645161290323,0.05806451612903226,0.0,10.0,2025-11-24,0
0ADD02AB693D,2.0,2.0,0.0,78.3961038961039,0.11688311688311688,0.0,4.0,2025-11-24,0
0AE03793586F,2.0,2.0,0.0,54.3780487804878,0.012195121951219513,0.0,4.0,2025-11-24,0
0AE21E7A17E4,4.0,1.0,0.0,104.5,0.2911392405063291,0.0,5.0,2025-11-24,0
0AE6BF39C720,4.0,4.0,0.0,104.34437086092716,0.31125827814569534,0.0,8.0,2025-11-24,0
0AEF10F3A994,1.0,1.0,0.0,47.44230769230769,0.07692307692307693,0.0,2.0,2025-11-24,0
0AF1F0E3B640,1.0,6.0,0.0,133.51282051282053,0.038461538461538464,0.0,7.0,2025-11-24,0
0AF51D7D0F73,2.0,1.0,0.0,248.32624113475177,0.2907801418439716,0.0,3.0,2025-11-24,0
0AF8DCB98E4B,8.0,9.0,0.0,491.965034965035,0.3916083916083916,0.0,17.0,2025-11-24,0
0AF9846E92DD,3.0,0.0,1.0,3698.787037037037,1.212962962962963,0.009259259259259259,4.0,2025-11-24,0
0AFB7B311996,2.0,4.0,0.0,104.94478527607362,0.024539877300613498,0.0,6.0,2025-11-24,0
0AFE702BB093,3.0,1.0,6.0,1328.4375,3.0357142857142856,0.05357142857142857,10.0,2025-11-24,0
0AFFC263C0D9,6.0,3.0,4.0,107366.70370370371,10.185185185185185,3.2222222222222223,13.0,2025-11-24,0
0E03D8F69853,1.0,0.0,0.0,1450.0729927007299,1.3503649635036497,0.0,1.0,2025-11-24,0
0E0A8D6EB6B9,2.0,3.0,0.0,102.87037037037037,0.16666666666666666,0.0,5.0,2025-11-24,0
0E0C3EB7915D,2.0,1.0,0.0,19.41509433962264,0.0880503144654088,0.0,3.0,2025-11-24,0
0E0E2996F51A,3.0,3.0,2.0,113.60135135135135,0.20270270270270271,0.013513513513513514,8.0,2025-11-24,0
0E113B01A9A2,2.0,11.0,0.0,38.05421686746988,0.06626506024096386,0.0,13.0,2025-11-24,0
0E11F69747A8,0.0,0.0,0.0,0.0,0.0,0.0,0.0,2025-11-24,0
0E121B6B8661,0.0,0.0,0.0,180.41875,0.15625,0.08125,0.0,2025-11-24,0
0E1B6F4DBA34,0.0,4.0,0.0,132.56,0.52,0.0,4.0,2025-11-24,0
0E1C622E61BC,0.0,3.0,0.0,8.272727272727273,0.01948051948051948,0.0,3.0,2025-11-24,0
0E1D7CA1DB0C,1.0,1.0,0.0,27.251497005988025,0.10778443113772455,0.0,2.0,2025-11-24,0
0E21C239D865,2.0,3.0,0.0,20.897435897435898,0.019230769230769232,0.0,5.0,2025-11-24,0
0E2575C7EE05,0.0,1.0,0.0,62.47402597402598,0.11688311688311688,0.0,1.0,2025-11-24,0
0E2728C481CA,2.0,4.0,6.0,807.7553956834532,1.0071942446043165,0.04316546762589928,12.0,2025-11-24,0
0E293C5E4650,3.0,2.0,0.0,51.459119496855344,0.0880503144654088,0.0,5.0,2025-11-24,0
0E2DEE345837,1.0,2.0,0.0,9.895061728395062,0.012345679012345678,0.0,3.0,2025-11-24,0
0E31C429C185,1.0,2.0,0.0,495.98692810457516,0.013071895424836602,0.0,3.0,2025-11-24,0
0E34282F4B53,2.0,2.0,0.0,21.316770186335404,0.012422360248447204,0.0,4.0,2025-11-24,0
0E3D06A07E94,4.0,3.0,0.0,3404.8571428571427,2.991596638655462,0.0,7.0,2025-11-24,0
0E3D96237639,0.0,0.0,0.0,26.79375,0.05625,0.0,0.0,2025-11-24,0
0E41CF7F74D5,2.0,2.0,0.0,22.084415584415584,0.17532467532467533,0.0,4.0,2025-11-24,0
0E462188408C,4.0,1.0,0.0,40.66233766233766,1.2792207792207793,0.0,5.0,2025-11-24,0
0E4CE5FB4405,3.0,1.0,0.0,348.31333333333333,0.5133333333333333,0.0,4.0,2025-11-24,0
0E50A5B2E5C4,1.0,4.0,0.0,10.812903225806451,0.025806451612903226,0.0,5.0,2025-11-24,0
0E543D410B0C,0.0,3.0,1.0,5.759036144578313,0.018072289156626505,0.006024096385542169,4.0,2025-11-24,0
0E55F28AB569,4.0,11.0,0.0,79.52,0.08666666666666667,0.0,15.0,2025-11-24,0
0E5A9CEA8093,0.0,10.0,0.0,17.2,0.06060606060606061,0.0,10.0,2025-11-24,0
0E5CD9B19DCB,8.0,3.0,5.0,15599.868852459016,0.3114754098360656,0.040983606557377046,16.0,2025-11-24,0
0E5DFCF65AD4,2.0,7.0,0.0,60.30769230769231,0.04487179487179487,0.0,9.0,2025-11-24,0
0E61D34F9993,0.0,0.0,0.0,113.97986577181209,0.2953020134228188,0.0,0.0,2025-11-24,0
0E69783262BE,1.0,10.0,1.0,37.31645569620253,0.0759493670886076,0.006329113924050633,12.0,2025-11-24,0
0E69C64B6E57,0.0,9.0,0.0,77.68944099378882,0.055900621118012424,0.0,9.0,2025-11-24,0
0E6A7794AFC7,0.0,0.0,0.0,0.0,0.0,0.0,0.0,2025-11-24,0
0E6ACE6D3146,4.0,9.0,0.0,66.62264150943396,0.2578616352201258,0.0,13.0,2025-11-24,0
0E6D2CBAED41,2.0,3.0,0.0,1422.217741935484,2.2338709677419355,0.0,5.0,2025-11-24,0
0E752F1B295C,2.0,3.0,1.0,587.6428571428571,1.1071428571428572,0.007142857142857143,6.0,2025-11-24,0
0E7A8A5414C2,3.0,7.0,0.0,81.45911949685535,0.2578616352201258,0.0,10.0,2025-11-24,0
0E892C46A442,0.0,0.0,0.0,63.63225806451613,1.270967741935484,0.0,0.0,2025-11-24,0
0E89F7D5B5BD,0.0,0.0,0.0,5028.640350877193,4.12280701754386,1.0175438596491229,0.0,2025-11-24,0
0E8B8566815B,6.0,2.0,0.0,280.0920245398773,0.10429447852760736,0.0,8.0,2025-11-24,0
0E8CF9CA526F,4.0,7.0,0.0,51.59375,0.04375,0.0,11.0,2025-11-24,0
0E8F36DAB9C2,2.0,1.0,0.0,773.0530973451328,0.6991150442477876,0.0,3.0,2025-11-24,0
0E9761D8EB58,1.0,1.0,0.0,5424.623853211009,11.954128440366972,0.0,2.0,2025-11-24,0
0E9A30D927A5,0.0,0.0,1.0,21.641025641025642,0.10897435897435898,0.00641025641025641,1.0,2025-11-24,0
0E9DC914D8DF,1.0,3.0,1.0,161.10625,0.01875,0.00625,5.0,2025-11-24,0
0EA0447DA91C,0.0,0.0,0.0,160703.34615384616,46.38461538461539,0.0,0.0,2025-11-24,0
0EA22CFA3A24,0.0,2.0,0.0,59.28387096774193,0.2064516129032258,0.0,2.0,2025-11-24,0
0EA52A2A7581,2.0,2.0,3.0,141.75342465753425,0.2465753424657534,0.02054794520547945,7.0,2025-11-24,0
0EAEFEAEFB09,5.0,3.0,0.0,72.32894736842105,0.5394736842105263,0.0,8.0,2025-11-24,0
0EB04F2114F4,1.0,1.0,0.0,53.4,0.006060606060606061,0.0,2.0,2025-11-24,0
0EB6B31D8AFB,0.0,0.0,0.0,0.0,0.0,0.0,0.0,2025-11-24,0
0EBF1B27CDE1,1.0,1.0,3.0,43014.141304347824,13.478260869565217,0.44565217391304346,5.0,2025-11-24,0
0EC8A35D0C20,1.0,3.0,0.0,34.63291139240506,0.0189873417721519,0.0,4.0,2025-11-24,0
0ED0849FD6D8,0.0,0.0,2.0,961.4632352941177,0.5735294117647058,0.014705882352941176,2.0,2025-11-24,0
0ED1E9DBD593,0.0,1.0,0.0,315.2554744525547,0.4744525547445255,0.0,1.0,2025-11-24,0
0ED4052A2763,4.0,7.0,0.0,70.41566265060241,0.04216867469879518,0.0,11.0,2025-11-24,1
0ED5057ECE3F,3.0,4.0,2.0,1565.7481481481482,1.614814814814815,0.18518518518518517,9.0,2025-11-24,0
0EDC7177CCA9,5.0,5.0,25.0,2153.2932330827066,0.17293233082706766,0.21804511278195488,35.0,2025-11-24,0
0EE071F7B24A,1.0,4.0,0.0,34.58125,0.025,0.0,5.0,2025-11-24,0
0EE09EDA649F,1.0,1.0,0.0,600.236641221374,0.1297709923664122,0.0,2.0,2025-11-24,0
0EE317BA7C52,0.0,0.0,0.0,1094.920792079208,0.8217821782178217,0.1485148514851485,0.0,2025-11-24,0
0EE51B79E853,0.0,7.0,0.0,52.05696202531646,0.04430379746835443,0.0,7.0,2025-11-24,0
0EE78E4317BB,0.0,0.0,1.0,137.70503597122303,0.17266187050359713,0.007194244604316547,1.0,2025-11-24,0
0EE9497950EE,0.0,1.0,0.0,30.273291925465838,0.37267080745341613,0.0,1.0,2025-11-24,0
0EEA98D1BFDB,2.0,10.0,0.0,18.779141104294478,0.06134969325153374,0.0,12.0,2025-11-24,0
0EECB108FF91,5.0,0.0,0.0,192.0314465408805,0.8553459119496856,0.0,5.0,2025-11-24,0
0EF023E6452D,3.0,4.0,1.0,102.4225352112676,0.1619718309859155,0.06338028169014084,8.0,2025-11-24,0
0EF08481B333,4.0,9.0,0.0,18.96815286624204,0.05732484076433121,0.0,13.0,2025-11-24,0
0EF437108E63,1.0,1.0,1.0,370.231884057971,0.4492753623188406,0.007246376811594203,3.0,2025-11-24,0
0EF47B410B41,2.0,1.0,0.0,101.02631578947368,0.10526315789473684,0.0,3.0,2025-11-24,0
0EFD600E2623,0.0,3.0,0.0,10.436363636363636,0.01818181818181818,0.0,3.0,2025-11-24,0
0202CB0A6B1F,3.0,0.0,0.0,42.9079754601227,0.09815950920245399,0.0,3.0,2025-12-01,0
02043B6BA08B,0.0,1.0,0.0,2.462068965517241,0.006896551724137931,0.0,1.0,2025-12-01,0
02075B45BF24,1.0,11.0,0.0,38.61290322580645,0.07096774193548387,0.0,12.0,2025-12-01,0
02091DF7CCB8,3.0,2.0,6.0,367.593984962406,0.7669172932330827,0.045112781954887216,11.0,2025-12-01,0
02097AB58D3C,4.0,9.0,0.0,54.376543209876544,0.06172839506172839,0.0,13.0,2025-12-01,0
020CC6FB9659,1.0,4.0,1.0,257.85526315789474,0.5328947368421053,0.006578947368421052,6.0,2025-12-01,0
02132677328F,4.0,4.0,0.0,137.34228187919464,0.2348993288590604,0.0,8.0,2025-12-01,0
02142F017781,0.0,0.0,0.0,0.0,0.0,0.0,0.0,2025-12-01,0
02145826103B,0.0,0.0,0.0,1472.9159663865546,1.6638655462184875,0.0,0.0,2025-12-01,0
0217820BFFB2,3.0,3.0,0.0,170.3288590604027,0.2080536912751678,0.0,6.0,2025-12-01,0
021D82B56A3F,3.0,0.0,0.0,47.8235294117647,0.19117647058823528,0.0,3.0,2025-12-01,0
02251388D3A2,1.0,3.0,0.0,60.696774193548386,0.01935483870967742,0.0,4.0,2025-12-01,0
0228A99EE35A,5.0,7.0,0.0,41.25316455696203,0.04430379746835443,0.0,12.0,2025-12-01,0
022C6F326E3B,3.0,3.0,0.0,444.875,0.8529411764705882,0.0,6.0,2025-12-01,0
022DB47C41AC,5.0,0.0,0.0,132.11258278145695,0.13245033112582782,0.0,5.0,2025-12-01,0
023015602FAA,0.0,2.0,0.0,1.9254658385093169,0.012422360248447204,0.0,2.0,2025-12-01,0
0230D261A1CD,1.0,2.0,0.0,45.711409395973156,0.11409395973154363,0.0,3.0,2025-12-01,0
0230EEF72435,8.0,5.0,0.0,86.21019108280255,1.4904458598726114,0.0,13.0,2025-12-01,0
02314F9A9168,2.0,10.0,0.0,31.171779141104295,0.06134969325153374,0.0,12.0,2025-12-01,0
023257D29366,2.0,5.0,0.0,69.18125,0.03125,0.0,7.0,2025-12-01,0
023270320B57,1.0,2.0,0.0,53.9937106918239,0.7232704402515723,0.0,3.0,2025-12-01,0
02388A18854F,3.0,4.0,0.0,729.3643410852713,3.310077519379845,0.0,7.0,2025-12-01,0
0239AD51B7AF,3.0,2.0,0.0,196.62585034013605,0.5238095238095238,0.0,5.0,2025-12-01,0
023A663EFD87,7.0,1.0,0.0,102.0248447204969,0.484472049689441,0.0,8.0,2025-12-01,0
023ADDDECF84,1.0,0.0,1.0,1646.0166666666667,1.5166666666666666,0.008333333333333333,2.0,2025-12-01,0
02423E0E6E9F,0.0,1.0,2.0,280.1276595744681,0.3262411347517731,0.014184397163120567,3.0,2025-12-01,0
024570739DE0,0.0,3.0,0.0,209.8679245283019,0.23270440251572327,0.0,3.0,2025-12-01,0
02478CD90F3A,1.0,8.0,0.0,120.23287671232876,0.0547945205479452,0.0,9.0,2025-12-01,0
024DD3A9ADCA,6.0,0.0,1.0,201.47794117647058,0.375,0.007352941176470588,7.0,2025-12-01,0
024ED433BF7D,3.0,1.0,3.0,28958.266666666666,13.666666666666666,0.24,7.0,2025-12-01,0
0253BB40EDA6,2.0,2.0,0.0,59.987730061349694,0.012269938650306749,0.0,4.0,2025-12-01,0
0257E855DBCE,0.0,0.0,1.0,20731.87837837838,4.72972972972973,0.8918918918918919,1.0,2025-12-01,0
0259991BA036,3.0,4.0,0.0,2794.7950819672133,1.959016393442623,0.12295081967213115,7.0,2025-12-01,0
026A6007FA48,5.0,0.0,0.0,168.50641025641025,0.33974358974358976,0.0,5.0,2025-12-01,0
027137436C87,0.0,4.0,0.0,11.754601226993865,0.024539877300613498,0.0,4.0,2025-12-01,0
0278E06A2F67,0.0,2.0,0.0,8.032051282051283,0.01282051282051282,0.0,2.0,2025-12-01,0
0279D2AC6ACE,5.0,11.0,0.0,71.27922077922078,0.07792207792207792,0.0,16.0,2025-12-01,0
027B2DC4EA84,5.0,5.0,0.0,6509.0317460317465,0.7380952380952381,0.0,10.0,2025-12-01,0
027D07FC97FC,0.0,0.0,0.0,972.7101449275362,0.15942028985507245,0.0,0.0,2025-12-01,0
027FE9CED489,1.0,1.0,0.0,63.86624203821656,0.5605095541401274,0.0,2.0,2025-12-01,0
028764AA026E,1.0,3.0,0.0,47.7375,0.01875,0.0,4.0,2025-12-01,0
02892F51E1CB,1.0,1.0,0.0,2384.92523364486,4.429906542056075,0.0,2.0,2025-12-01,0
0289694A6E5B,2.0,3.0,0.0,132.9671052631579,0.19736842105263158,0.0,5.0,2025-12-01,0
028B24EADDAD,1.0,0.0,0.0,1227.358208955224,0.5149253731343284,0.0,1.0,2025-12-01,0
028CC0AE5719,0.0,0.0,0.0,1147.5165562913908,0.423841059602649,0.0,0.0,2025-12-01,0
0293918A963F,2.0,2.0,0.0,59.4,0.0125,0.0,4.0,2025-12-01,0
02980E461859,0.0,8.0,0.0,83.0375,0.05625,0.0,8.0,2025-12-01,0
029A2B32D17E,1.0,0.0,0.0,397.90909090909093,1.0227272727272727,0.0,1.0,2025-12-01,0
029C03C2BF19,1.0,1.0,0.0,126.4873417721519,0.34810126582278483,0.0,2.0,2025-12-01,0
029DA26B1A92,5.0,18.0,0.0,33.119496855345915,0.11320754716981132,0.0,23.0,2025-12-01,0
02A80292CB97,12.0,18.0,1.0,5801.55737704918,2.5737704918032787,0.00819672131147541,31.0,2025-12-01,1
02B5C5ADC792,9.0,3.0,4.0,214484.81944444444,8.916666666666666,0.4027777777777778,16.0,2025-12-01,1
02B742646A0E,9.0,0.0,0.0,130.0125,0.13125,0.0,9.0,2025-12-01,0
02BAD919855D,4.0,1.0,0.0,172.86524822695034,0.14893617021276595,0.0,5.0,2025-12-01,0
02BD26A4C3A0,2.0,7.0,0.0,41.3680981595092,0.04294478527607362,0.0,9.0,2025-12-01,0
02C0F45F31E7,0.0,0.0,0.0,7455.396551724138,8.71551724137931,0.0,0.0,2025-12-01,0
02CFFA3A3F35,1.0,1.0,0.0,3.8260869565217392,0.006211180124223602,0.0,2.0,2025-12-01,0
02D49A34B2FE,0.0,1.0,0.0,865.0508474576271,0.7203389830508474,0.0,1.0,2025-12-01,0
02D4DFEF402A,4.0,0.0,0.0,22.18954248366013,0.32679738562091504,0.0,4.0,2025-12-01,0
02D7623552C8,4.0,1.0,4.0,1736.655172413793,1.7586206896551724,0.25862068965517243,9.0,2025-12-01,0
02DC03A0F1E6,0.0,3.0,0.0,9.784810126582279,0.0189873417721519,0.0,3.0,2025-12-01,0
02E12310186C,0.0,6.0,0.0,36.806666666666665,0.04,0.0,6.0,2025-12-01,0
02EBC6CD4398,2.0,8.0,0.0,40.13461538461539,0.057692307692307696,0.0,10.0,2025-12-01,0
02F093C88F2E,5.0,13.0,0.0,95.88819875776397,0.08074534161490683,0.0,18.0,2025-12-01,0
02F18EEE028A,0.0,0.0,0.0,30.223684210526315,0.05921052631578947,0.0,0.0,2025-12-01,0
02F56F7C8E0B,1.0,2.0,0.0,31.70807453416149,0.012422360248447204,0.0,3.0,2025-12-01,0
02F5CE7705EC,1.0,0.0,0.0,290.97333333333336,1.14,0.0,1.0,2025-12-01,0
02F98EB34A7A,5.0,6.0,0.0,23.0609756097561,0.036585365853658534,0.0,11.0,2025-12-01,0
02FBDD4A2C43,2.0,6.0,0.0,53.64150943396226,0.03773584905660377,0.0,8.0,2025-12-01,0
060C5773A61B,2.0,1.0,0.0,1207.159090909091,1.1590909090909092,0.0,3.0,2025-12-01,0
060EE3CB4779,5.0,9.0,0.0,69.47368421052632,0.2631578947368421,0.0,14.0,2025-12-01,0
06132D7396F8,2.0,0.0,1.0,59268.756410256414,13.628205128205128,0.01282051282051282,3.0,2025-12-01,0
0616F247083A,2.0,1.0,0.0,184.53642384105962,0.12582781456953643,0.0,3.0,2025-12-01,0
061A4322745C,3.0,2.0,4.0,36063.76404494382,7.033707865168539,1.5842696629213484,9.0,2025-12-01,0
06238EE3BE6C,4.0,2.0,0.0,112.76774193548387,0.2129032258064516,0.0,6.0,2025-12-01,0
062EA113798F,5.0,11.0,1.0,6272.790322580645,1.4112903225806452,0.008064516129032258,17.0,2025-12-01,0
0634F78DB4C5,0.0,0.0,0.0,458.9236641221374,0.6564885496183206,0.0,0.0,2025-12-01,0
0639EA5602C1,0.0,0.0,0.0,0.0,0.0,0.0,0.0,2025-12-01,0
0644582257D9,3.0,1.0,0.0,161.41666666666666,0.11538461538461539,0.0,4.0,2025-12-01,0
064AED1EC0AA,7.0,16.0,0.0,176.1602564102564,0.10897435897435898,0.0,23.0,2025-12-01,0
064BE19B0A9E,2.0,4.0,4.0,124.38607594936708,0.02531645569620253,0.02531645569620253,10.0,2025-12-01,0
064C94C771EC,0.0,0.0,0.0,0.0,0.0,0.0,0.0,2025-12-01,0
064E66B5367B,5.0,0.0,0.0,204.8375,0.40625,0.0,5.0,2025-12-01,0
06509A84E873,11.0,8.0,7.0,1495.0285714285715,2.0285714285714285,0.32142857142857145,26.0,2025-12-01,0
065B928716CD,2.0,2.0,1.0,1681.4920634920634,2.6031746031746033,0.007936507936507936,5.0,2025-12-01,0
065C003A8D0C,4.0,2.0,5.0,1606.259842519685,1.8346456692913387,0.03937007874015748,11.0,2025-12-01,0
066430BA5119,0.0,4.0,0.0,8.487654320987655,0.024691358024691357,0.0,4.0,2025-12-01,0
0665C3FE6D67,3.0,5.0,0.0,86.51898734177215,0.03164556962025317,0.0,8.0,2025-12-01,0
06711BE6AD2A,2.0,12.0,0.0,131.54375,0.075,0.0,14.0,2025-12-01,0
06787526FEB3,1.0,2.0,0.0,810.796875,1.8515625,0.0,3.0,2025-12-01,0
0683D2A8DA42,0.0,5.0,0.0,13.582278481012658,0.03164556962025317,0.0,5.0,2025-12-01,0
068553B3AA23,12.0,6.0,0.0,654.2721088435375,0.32653061224489793,0.0,18.0,2025-12-01,0
0687F36E02C6,7.0,1.0,0.0,89.64596273291926,0.14285714285714285,0.0,8.0,2025-12-01,0
069357B9F15F,1.0,2.0,2.0,20448.0,7.705882352941177,1.3529411764705883,5.0,2025-12-01,0
06981FD8AA87,0.0,0.0,0.0,372.86577181208054,0.12080536912751678,0.0,0.0,2025-12-01,0
069A98DEEB1D,7.0,5.0,4.0,26250.227848101265,7.6455696202531644,0.05063291139240506,16.0,2025-12-01,0
06AA1DE70CBF,1.0,4.0,0.0,18.50920245398773,0.024539877300613498,0.0,5.0,2025-12-01,0
06AAA28A5D6B,0.0,2.0,0.0,12.901840490797547,0.012269938650306749,0.0,2.0,2025-12-01,0
06AEE181F595,1.0,0.0,0.0,132.78231292517006,0.3741496598639456,0.0,1.0,2025-12-01,0
06B162DC93E3,1.0,1.0,0.0,17.190184049079754,0.006134969325153374,0.0,2.0,2025-12-01,0
06B641B75B29,1.0,0.0,3.0,64416.89473684211,40.31578947368421,7.350877192982456,4.0,2025-12-01,0
06C0D5E3BCDB,3.0,4.0,1.0,252.9090909090909,0.15384615384615385,0.006993006993006993,8.0,2025-12-01,0
06C0F27E810B,1.0,2.0,0.0,84.2948717948718,0.1858974358974359,0.0,3.0,2025-12-01,0
06C67619095C,1.0,1.0,0.0,43.58385093167702,0.006211180124223602,0.0,2.0,2025-12-01,0
06C77FEA9550,3.0,1.0,0.0,196.40689655172415,0.6620689655172414,0.0,4.0,2025-12-01,0
06C98DF4F0FA,1.0,1.0,0.0,35.94578313253012,0.006024096385542169,0.0,2.0,2025-12-01,0
06CE0F3CFB3C,3.0,9.0,0.0,75.9625,0.05625,0.0,12.0,2025-12-01,0
06D0342253A0,2.0,9.0,0.0,82.94545454545455,0.05454545454545454,0.0,11.0,2025-12-01,0
06D388A19D5D,4.0,3.0,0.0,23.3125,0.19375,0.0,7.0,2025-12-01,0
06D6B7018E15,2.0,17.0,0.0,142.16875,0.1125,0.0,19.0,2025-12-01,0
06D7F6C73E0C,0.0,5.0,0.0,44.59281437125748,0.03592814371257485,0.0,5.0,2025-12-01,0
06D84598CCB4,9.0,13.0,3.0,3613.740458015267,0.42748091603053434,0.022900763358778626,25.0,2025-12-01,0
06DAF11BD38F,1.0,0.0,0.0,168.12244897959184,0.12244897959183673,0.0,1.0,2025-12-01,0
06EA136A2996,2.0,6.0,0.0,444.7125,0.0375,0.0,8.0,2025-12-01,0
06EDBAE64B57,0.0,0.0,0.0,0.0,0.0,0.0,0.0,2025-12-01,0
06EEBD283262,1.0,1.0,0.0,17.575,0.00625,0.0,2.0,2025-12-01,0
06EFD61B80ED,1.0,4.0,0.0,13.806060606060607,0.024242424242424242,0.0,5.0,2025-12-01,0
06F2469B50EF,1.0,4.0,2.0,357.0794701986755,0.026490066225165563,0.013245033112582781,7.0,2025-12-01,0
06F2CDBD2C41,1.0,3.0,0.0,86.31724137931035,0.2206896551724138,0.0,4.0,2025-12-01,0
06F40EA87663,0.0,4.0,0.0,19.305194805194805,0.032467532467532464,0.0,4.0,2025-12-01,0
06F49BD8F572,5.0,16.0,1.0,19.70967741935484,0.11612903225806452,0.0064516129032258064,22.0,2025-12-01,0
06FDA7D7B22A,1.0,2.0,0.0,6.195121951219512,0.018292682926829267,0.0,3.0,2025-12-01,0
06FFEC2EFA5E,0.0,0.0,0.0,8600.663265306122,4.153061224489796,0.05102040816326531,0.0,2025-12-01,0
0A0B47664A85,2.0,3.0,0.0,84.88535031847134,0.4585987261146497,0.0,5.0,2025-12-01,0
0A10201AFE0A,0.0,3.0,0.0,5.61875,0.01875,0.0,3.0,2025-12-01,0
0A1037E90A63,0.0,0.0,0.0,0.0,0.0,0.0,0.0,2025-12-01,0
0A10A5A5056E,3.0,2.0,0.0,77.32051282051282,0.19230769230769232,0.0,5.0,2025-12-01,0
0A15BC628AFC,0.0,0.0,0.0,0.0,0.0,0.0,0.0,2025-12-01,0
0A182EFD3C61,5.0,0.0,0.0,99.63970588235294,0.9117647058823529,0.0,5.0,2025-12-01,0
0A184A2E46B7,7.0,1.0,0.0,133.4125,1.60625,0.0,8.0,2025-12-01,0
0A19C62F4F6D,5.0,2.0,0.0,115.59354838709677,0.16129032258064516,0.0,7.0,2025-12-01,0
0A1FB1C98A92,7.0,5.0,0.0,1791.0984848484848,0.8181818181818182,0.0,12.0,2025-12-01,0
0A23474F1944,7.0,5.0,0.0,54.943396226415096,0.29559748427672955,0.0,12.0,2025-12-01,0
0A25F6E3466C,1.0,1.0,1.0,1837.6949152542372,1.9406779661016949,0.00847457627118644,3.0,2025-12-01,0
0A268A7E40CD,3.0,16.0,0.0,150.7987421383648,0.10062893081761007,0.0,19.0,2025-12-01,0
0A272C5A2C9B,0.0,0.0,0.0,0.0,0.0,0.0,0.0,2025-12-01,0
0A2778A31BE3,1.0,2.0,0.0,34.270440251572325,0.012578616352201259,0.0,3.0,2025-12-01,0
0A3528D089D9,7.0,20.0,0.0,94.01875,0.1375,0.0,27.0,2025-12-01,0
0A3983033084,5.0,2.0,1.0,97.80254777070064,0.14012738853503184,0.006369426751592357,8.0,2025-12-01,0
0A42B2DB6370,0.0,0.0,0.0,0.0,0.0,0.0,0.0,2025-12-01,0
0A4673793B3E,0.0,0.0,0.0,0.0,0.0,0.0,0.0,2025-12-01,0
0A485668F5C0,0.0,2.0,0.0,157.84782608695653,0.427536231884058,0.0,2.0,2025-12-01,0
0A4C884F240A,0.0,0.0,0.0,524.8561643835617,0.815068493150685,0.0273972602739726,0.0,2025-12-01,0
0A4E33E2692B,0.0,1.0,0.0,628.8837209302326,0.8217054263565892,0.0,1.0,2025-12-01,0
0A52DDE896BF,0.0,0.0,0.0,695.5590551181102,1.889763779527559,0.0,0.0,2025-12-01,0
0A55DA266F71,0.0,2.0,5.0,5893.376623376624,1.4805194805194806,0.33766233766233766,7.0,2025-12-01,0
0A568E79FEF6,0.0,0.0,0.0,0.0,0.0,0.0,0.0,2025-12-01,0
0A57338657F8,3.0,2.0,0.0,24.639240506329113,0.10759493670886076,0.0,5.0,2025-12-01,0
0A57A684E20B,4.0,6.0,0.0,59.24375,0.0375,0.0,10.0,2025-12-01,0
0A5C1439B384,4.0,11.0,0.0,107.07236842105263,0.07894736842105263,0.0,15.0,2025-12-01,0
0A5D017E401E,0.0,0.0,0.0,2649.6691729323306,0.8270676691729323,0.0,0.0,2025-12-01,0
0A5E96449374,3.0,1.0,0.0,963.425,1.2,0.0,4.0,2025-12-01,0
0A61E3165158,2.0,2.0,0.0,98.46583850931677,0.14906832298136646,0.0,4.0,2025-12-01,0
0A62EECEEBD1,3.0,8.0,0.0,690.7770700636943,0.050955414012738856,0.0,11.0,2025-12-01,0
0A6324E3E043,6.0,14.0,3.0,94.937106918239,0.09433962264150944,0.018867924528301886,23.0,2025-12-01,0
0A6390E0FBA4,0.0,0.0,0.0,8648.345454545455,5.345454545454546,0.0,0.0,2025-12-01,0
0A663B6B4B28,0.0,0.0,1.0,235.29677419354837,1.767741935483871,0.0064516129032258064,1.0,2025-12-01,0
0A682ED9C6DD,0.0,0.0,0.0,48.966887417218544,0.033112582781456956,0.0,0.0,2025-12-01,0
0A68A2032450,2.0,4.0,2.0,13489.886075949367,2.7088607594936707,0.02531645569620253,8.0,2025-12-01,0
0A68DF0B3D07,0.0,0.0,0.0,32.88157894736842,0.09210526315789473,0.0,0.0,2025-12-01,0
0A68F38A6ACF,2.0,15.0,0.0,49.616883116883116,0.1038961038961039,0.0,17.0,2025-12-01,0
0A6C571A1550,3.0,5.0,0.0,51.48780487804878,0.03048780487804878,0.0,8.0,2025-12-01,0
0A6D3595373D,8.0,10.0,0.0,83.15094339622641,0.06289308176100629,0.0,18.0,2025-12-01,0
0A6DA0C82CCB,2.0,2.0,0.0,69.42682926829268,0.012195121951219513,0.0,4.0,2025-12-01,0
0A71A6F9D6C6,1.0,1.0,0.0,69.68862275449102,0.10179640718562874,0.0,2.0,2025-12-01,0
0A78FAF47B00,5.0,3.0,0.0,175.86451612903227,0.15483870967741936,0.0,8.0,2025-12-01,0
0A7AAFDD9E11,1.0,9.0,0.0,103.03225806451613,0.05806451612903226,0.0,10.0,2025-12-01,0
0A7AC5BDAF86,0.0,0.0,0.0,269.83660130718954,0.12418300653594772,0.0,0.0,2025-12-01,0
0A800188C20F,1.0,6.0,0.0,81.80536912751678,0.040268456375838924,0.0,7.0,2025-12-01,0
0A8407CF4D85,2.0,5.0,0.0,12.337423312883436,0.03680981595092025,0.0,7.0,2025-12-01,0
0A87B8C2734F,6.0,1.0,0.0,187.13907284768212,0.2251655629139073,0.0,7.0,2025-12-01,0
0A8EA87BB037,0.0,3.0,0.0,54.25766871165644,0.1901840490797546,0.0,3.0,2025-12-01,0
0A9547C11A56,6.0,14.0,0.0,1001.6048387096774,1.0483870967741935,0.0,20.0,2025-12-01,0
0A96EACD8070,0.0,0.0,0.0,5785.973451327433,6.929203539823009,0.008849557522123894,0.0,2025-12-01,0
0A974F5D7D8C,5.0,10.0,5.0,303.23417721518985,0.3987341772151899,0.03164556962025317,20.0,2025-12-01,0
0A9A3BFD6C9B,3.0,7.0,0.0,36.01242236024845,0.2981366459627329,0.0,10.0,2025-12-01,0
0AA18F330F59,1.0,2.0,0.0,1999.0196078431372,3.088235294117647,0.0,3.0,2025-12-01,0
0AA2818A7B27,0.0,0.0,0.0,0.0,0.0,0.0,0.0,2025-12-01,0
0AA296FF247D,3.0,1.0,2.0,144.6083916083916,0.17482517482517482,0.013986013986013986,6.0,2025-12-01,0
0AA2F2CAB50B,1.0,0.0,0.0,1226.7615384615385,3.253846153846154,0.0,1.0,2025-12-01,0
0AA3F18DE550,2.0,1.0,0.0,957.9225806451612,0.3225806451612903,0.0,3.0,2025-12-01,0
0AA473D2FC17,0.0,0.0,0.0,1115.7410071942445,0.4748201438848921,0.07194244604316546,0.0,2025-12-01,0
0AA4B065E5A5,3.0,14.0,0.0,52.15243902439025,0.0975609756097561,0.0,17.0,2025-12-01,0
0AA9051FFFFA,2.0,4.0,0.0,64.88343558282209,0.03067484662576687,0.0,6.0,2025-12-01,0
0AB5F9C21BF8,0.0,0.0,0.0,289037.9137931034,32.672413793103445,7.948275862068965,0.0,2025-12-01,1
0AB6B45C775A,6.0,8.0,0.0,126.38059701492537,0.6791044776119403,0.0,14.0,2025-12-01,0
0AB97B7632EB,0.0,0.0,0.0,0.0,0.0,0.0,0.0,2025-12-01,0
0ABC8E60F4C1,1.0,9.0,4.0,269.75555555555553,0.06666666666666667,0.02962962962962963,14.0,2025-12-01,0
0ABD2E513F79,3.0,2.0,1.0,337.75324675324674,0.17532467532467533,0.006493506493506494,6.0,2025-12-01,0
0ABE42BE4165,1.0,13.0,0.0,33.94736842105263,0.08552631578947369,0.0,14.0,2025-12-01,0
0AC437023B18,0.0,0.0,0.0,19742.0,15.0,0.0,0.0,2025-12-01,0
0AD276FC5E27,2.0,5.0,0.0,376.08029197080293,0.2846715328467153,0.0,7.0,2025-12-01,0
0AD2C92E9756,0.0,4.0,0.0,105.12269938650307,0.024539877300613498,0.0,4.0,2025-12-01,0
0ADD02AB693D,4.0,1.0,0.0,64.20382165605096,0.10191082802547771,0.0,5.0,2025-12-01,0
0AE03793586F,1.0,1.0,0.0,85.5398773006135,0.006134969325153374,0.0,2.0,2025-12-01,0
0AE21E7A17E4,5.0,2.0,0.0,133.48447204968943,0.4720496894409938,0.0,7.0,2025-12-01,0
0AE6BF39C720,2.0,2.0,0.0,36.82716049382716,0.2345679012345679,0.0,4.0,2025-12-01,0
0AEF10F3A994,0.0,0.0,0.0,30.725,0.08125,0.0,0.0,2025-12-01,0
0AF1F0E3B640,2.0,7.0,0.0,71.01910828025478,0.05732484076433121,0.0,9.0,2025-12-01,0
0AF51D7D0F73,4.0,0.0,0.0,285.1468531468532,0.3146853146853147,0.0,4.0,2025-12-01,0
0AF8DCB98E4B,14.0,8.0,0.0,6694.171717171717,1.8383838383838385,0.0,22.0,2025-12-01,1
0AF9846E92DD,1.0,1.0,1.0,1519.4727272727273,0.7,0.00909090909090909,3.0,2025-12-01,0
0AFB7B311996,0.0,1.0,0.0,4.937888198757764,0.006211180124223602,0.0,1.0,2025-12-01,0
0AFE702BB093,1.0,1.0,1.0,1034.5409836065573,2.639344262295082,0.00819672131147541,3.0,2025-12-01,0
0AFFC263C0D9,1.0,0.0,0.0,46960.29508196721,6.80327868852459,2.3278688524590163,1.0,2025-12-01,0
0E03D8F69853,3.0,0.0,0.0,1684.6046511627908,1.7054263565891472,0.0,3.0,2025-12-01,0
0E0A8D6EB6B9,1.0,1.0,0.0,83.61688311688312,0.18181818181818182,0.0,2.0,2025-12-01,0
0E0C3EB7915D,1.0,1.0,0.0,36.65,0.14375,0.0,2.0,2025-12-01,0
0E0E2996F51A,4.0,4.0,2.0,138.55625,0.24375,0.0125,10.0,2025-12-01,0
0E113B01A9A2,8.0,16.0,0.0,168.49333333333334,0.12,0.0,24.0,2025-12-01,0
0E11F69747A8,1.0,1.0,0.0,64.93939393939394,0.006060606060606061,0.0,2.0,2025-12-01,0
0E121B6B8661,0.0,0.0,0.0,103.92307692307692,0.09615384615384616,0.057692307692307696,0.0,2025-12-01,0
0E1B6F4DBA34,0.0,3.0,0.0,168.87234042553192,0.8226950354609929,0.0,3.0,2025-12-01,0
0E1C622E61BC,0.0,3.0,1.0,7.143939393939394,0.022727272727272728,0.007575757575757576,4.0,2025-12-01,0
0E1D7CA1DB0C,3.0,1.0,0.0,47.13664596273292,0.10559006211180125,0.0,4.0,2025-12-01,0
0E21C239D865,2.0,5.0,1.0,107.32876712328768,0.03424657534246575,0.00684931506849315,8.0,2025-12-01,0
0E2575C7EE05,4.0,1.0,0.0,96.29813664596273,0.12422360248447205,0.0,5.0,2025-12-01,0
0E2728C481CA,1.0,0.0,6.0,345.5851851851852,0.5925925925925926,0.044444444444444446,7.0,2025-12-01,0
0E293C5E4650,8.0,3.0,0.0,83.93125,0.1375,0.0,11.0,2025-12-01,0
0E2DEE345837,4.0,11.0,0.0,52.91358024691358,0.06790123456790123,0.0,15.0,2025-12-01,0
0E31C429C185,1.0,2.0,0.0,177.2948717948718,0.01282051282051282,0.0,3.0,2025-12-01,0
0E34282F4B53,3.0,3.0,0.0,57.54037267080745,0.018633540372670808,0.0,6.0,2025-12-01,0
0E3D06A07E94,2.0,3.0,0.0,5423.533333333334,3.6285714285714286,0.0,5.0,2025-12-01,0
0E3D96237639,3.0,7.0,0.0,21.861635220125788,0.0440251572327044,0.0,10.0,2025-12-01,0
0E41CF7F74D5,3.0,2.0,0.0,31.92452830188679,0.23270440251572327,0.0,5.0,2025-12-01,0
0E462188408C,1.0,1.0,0.0,30.70700636942675,1.070063694267516,0.0,2.0,2025-12-01,0
0E4CE5FB4405,4.0,2.0,0.0,493.17931034482757,0.5517241379310345,0.0,6.0,2025-12-01,0
0E50A5B2E5C4,1.0,3.0,0.0,72.21656050955414,0.01910828025477707,0.0,4.0,2025-12-01,0
0E543D410B0C,1.0,1.0,0.0,2.674698795180723,0.006024096385542169,0.0,2.0,2025-12-01,0
0E55F28AB569,7.0,3.0,4.0,1411.095652173913,0.34782608695652173,0.034782608695652174,14.0,2025-12-01,0
0E5A9CEA8093,0.0,8.0,0.0,10.316770186335404,0.049689440993788817,0.0,8.0,2025-12-01,0
0E5CD9B19DCB,2.0,0.0,2.0,7043.348484848485,0.1893939393939394,0.015151515151515152,4.0,2025-12-01,0
0E5DFCF65AD4,9.0,14.0,0.0,231.375,0.09868421052631579,0.0,23.0,2025-12-01,0
0E61D34F9993,0.0,0.0,0.0,40.943396226415096,0.13836477987421383,0.0,0.0,2025-12-01,0
0E69783262BE,3.0,1.0,1.0,86.5945945945946,0.11486486486486487,0.006756756756756757,5.0,2025-12-01,0
0E69C64B6E57,3.0,10.0,1.0,140.85443037974684,0.06329113924050633,0.006329113924050633,14.0,2025-12-01,0
0E6A7794AFC7,1.0,1.0,0.0,1.2395209580838322,0.005988023952095809,0.0,2.0,2025-12-01,0
0E6ACE6D3146,2.0,3.0,0.0,56.738853503184714,0.21656050955414013,0.0,5.0,2025-12-01,0
0E6D2CBAED41,0.0,0.0,0.0,1270.4179104477612,2.037313432835821,0.0,0.0,2025-12-01,0
0E752F1B295C,4.0,1.0,3.0,622.8716216216217,1.0202702702702702,0.02027027027027027,8.0,2025-12-01,0
0E7A8A5414C2,3.0,2.0,0.0,46.82389937106918,0.20125786163522014,0.0,5.0,2025-12-01,0
0E892C46A442,5.0,2.0,0.0,76.22222222222223,1.2777777777777777,0.0,7.0,2025-12-01,0
0E89F7D5B5BD,0.0,0.0,0.0,837.9453125,1.2890625,0.140625,0.0,2025-12-01,0
0E8B8566815B,1.0,0.0,0.0,88.51923076923077,0.0641025641025641,0.0,1.0,2025-12-01,0
0E8CF9CA526F,6.0,10.0,0.0,98.14634146341463,0.06707317073170732,0.0,16.0,2025-12-01,0
0E8F36DAB9C2,2.0,2.0,0.0,913.6380952380953,0.7619047619047619,0.0,4.0,2025-12-01,0
0E9761D8EB58,0.0,2.0,0.0,4110.710280373832,12.327102803738319,0.0,2.0,2025-12-01,0
0E9A30D927A5,3.0,1.0,0.0,82.88275862068966,0.1310344827586207,0.0,4.0,2025-12-01,0
0E9DC914D8DF,3.0,3.0,0.0,153.48407643312103,0.01910828025477707,0.0,6.0,2025-12-01,0
0EA0447DA91C,0.0,0.0,0.0,40114.409638554214,16.662650602409638,0.0,0.0,2025-12-01,0
0EA22CFA3A24,3.0,6.0,0.0,105.79874213836477,0.20125786163522014,0.0,9.0,2025-12-01,0
0EA52A2A7581,3.0,6.0,10.0,343.02142857142854,0.3142857142857143,0.07142857142857142,19.0,2025-12-01,0
0EAEFEAEFB09,3.0,7.0,0.0,66.02547770700637,0.6624203821656051,0.0,10.0,2025-12-01,0
0EB04F2114F4,1.0,1.0,0.0,334.9512195121951,0.006097560975609756,0.0,2.0,2025-12-01,0
0EB6B31D8AFB,0.0,1.0,0.0,18.288343558282207,0.006134969325153374,0.0,1.0,2025-12-01,0
0EBF1B27CDE1,0.0,0.0,0.0,13911.12037037037,7.046296296296297,0.12962962962962962,0.0,2025-12-01,0
0EC8A35D0C20,1.0,5.0,0.0,31.436363636363637,0.030303030303030304,0.0,6.0,2025-12-01,0
0ED0849FD6D8,1.0,0.0,0.0,713.9565217391304,0.4057971014492754,0.0,1.0,2025-12-01,0
0ED1E9DBD593,2.0,4.0,0.0,725.3623188405797,0.644927536231884,0.0,6.0,2025-12-01,0
0ED4052A2763,6.0,15.0,0.0,384.6513157894737,0.10526315789473684,0.0,21.0,2025-12-01,0
0ED5057ECE3F,0.0,2.0,1.0,863.3030303030303,1.4848484848484849,0.09090909090909091,3.0,2025-12-01,0
0EDC7177CCA9,8.0,7.0,10.0,6683.19298245614,0.3508771929824561,0.543859649122807,25.0,2025-12-01,0
0EE071F7B24A,0.0,3.0,0.0,11.78343949044586,0.01910828025477707,0.0,3.0,2025-12-01,0
0EE09EDA649F,5.0,0.0,0.0,846.68345323741,0.11510791366906475,0.0,5.0,2025-12-01,0
0EE317BA7C52,0.0,0.0,0.0,189.6764705882353,0.4215686274509804,0.0392156862745098,0.0,2025-12-01,0
0EE51B79E853,1.0,11.0,0.0,104.19496855345912,0.06918238993710692,0.0,12.0,2025-12-01,0
0EE78E4317BB,0.0,0.0,0.0,203.27272727272728,0.18181818181818182,0.0,0.0,2025-12-01,0
0EE9497950EE,3.0,1.0,0.0,49.45625,0.3875,0.0,4.0,2025-12-01,0
0EEA98D1BFDB,4.0,9.0,0.0,25.75,0.05625,0.0,13.0,2025-12-01,0
0EECB108FF91,2.0,1.0,0.0,99.89873417721519,0.6772151898734177,0.0,3.0,2025-12-01,0
0EF023E6452D,4.0,1.0,1.0,271.6928571428571,0.2,0.02857142857142857,6.0,2025-12-01,0
0EF08481B333,6.0,13.0,0.0,36.15686274509804,0.08496732026143791,0.0,19.0,2025-12-01,0
0EF437108E63,3.0,1.0,0.0,224.0681818181818,0.42424242424242425,0.0,4.0,2025-12-01,0
0EF47B410B41,2.0,0.0,0.0,44.99342105263158,0.039473684210526314,0.0,2.0,2025-12-01,0
0EFD600E2623,1.0,4.0,0.0,43.0609756097561,0.024390243902439025,0.0,5.0,2025-12-01,0
0202CB0A6B1F,4.0,1.0,0.0,36.716981132075475,0.10062893081761007,0.0,5.0,2025-12-08,0
02043B6BA08B,0.0,3.0,0.0,7.261437908496732,0.0196078431372549,0.0,3.0,2025-12-08,0
02075B45BF24,1.0,10.0,7.0,33.63291139240506,0.06329113924050633,0.04430379746835443,18.0,2025-12-08,0
02091DF7CCB8,0.0,0.0,6.0,308.5153846153846,0.7923076923076923,0.05384615384615385,6.0,2025-12-08,0
02097AB58D3C,2.0,5.0,0.0,36.05625,0.03125,0.0,7.0,2025-12-08,0
020CC6FB9659,2.0,3.0,1.0,307.9220779220779,0.5324675324675324,0.006493506493506494,6.0,2025-12-08,0
02132677328F,2.0,5.0,0.0,145.33566433566435,0.23076923076923078,0.0,7.0,2025-12-08,0
02142F017781,0.0,0.0,0.0,0.0,0.0,0.0,0.0,2025-12-08,0
02145826103B,0.0,0.0,0.0,240.14864864864865,0.5945945945945946,0.0,0.0,2025-12-08,0
0217820BFFB2,2.0,3.0,0.0,208.55263157894737,0.2631578947368421,0.0,5.0,2025-12-08,0
02251388D3A2,1.0,3.0,0.0,76.7639751552795,0.018633540372670808,0.0,4.0,2025-12-08,0
0228A99EE35A,2.0,3.0,0.0,28.307692307692307,0.019230769230769232,0.0,5.0,2025-12-08,0
022C6F326E3B,3.0,1.0,0.0,308.1666666666667,0.7536231884057971,0.0,4.0,2025-12-08,0
022DB47C41AC,5.0,2.0,0.0,134.66887417218544,0.18543046357615894,0.0,7.0,2025-12-08,0
023015602FAA,2.0,3.0,0.0,7.584905660377358,0.018867924528301886,0.0,5.0,2025-12-08,0
0230D261A1CD,3.0,1.0,0.0,163.14906832298138,0.11801242236024845,0.0,4.0,2025-12-08,0
0230EEF72435,4.0,1.0,0.0,87.1923076923077,1.141025641025641,0.0,5.0,2025-12-08,0
02314F9A9168,0.0,9.0,0.0,21.597560975609756,0.054878048780487805,0.0,9.0,2025-12-08,0
023257D29366,0.0,4.0,0.0,20.49367088607595,0.02531645569620253,0.0,4.0,2025-12-08,0
023270320B57,7.0,4.0,0.0,127.46496815286625,1.2547770700636942,0.0,11.0,2025-12-08,0
02388A18854F,1.0,2.0,1.0,575.2464788732394,2.9577464788732395,0.007042253521126761,4.0,2025-12-08,0
0239AD51B7AF,6.0,4.0,0.0,281.43055555555554,0.5763888888888888,0.0,10.0,2025-12-08,0
023A663EFD87,3.0,3.0,0.0,57.5796178343949,0.42038216560509556,0.0,6.0,2025-12-08,0
023ADDDECF84,0.0,1.0,0.0,887.4333333333333,1.2333333333333334,0.0,1.0,2025-12-08,0
02423E0E6E9F,0.0,0.0,4.0,150.7762237762238,0.23076923076923078,0.027972027972027972,4.0,2025-12-08,0
024570739DE0,0.0,1.0,0.0,55.52317880794702,0.06622516556291391,0.0,1.0,2025-12-08,0
02478CD90F3A,1.0,2.0,0.0,79.34246575342466,0.0136986301369863,0.0,3.0,2025-12-08,0
024DD3A9ADCA,3.0,2.0,2.0,246.5531914893617,0.41134751773049644,0.014184397163120567,7.0,2025-12-08,0
024ED433BF7D,1.0,0.0,1.0,24053.93442622951,12.78688524590164,0.18032786885245902,2.0,2025-12-08,0
0253BB40EDA6,1.0,3.0,0.0,17.52409638554217,0.018072289156626505,0.0,4.0,2025-12-08,0
0257E855DBCE,1.0,0.0,1.0,24902.060975609755,4.487804878048781,1.1585365853658536,2.0,2025-12-08,1
0259991BA036,0.0,1.0,0.0,1558.688,1.488,0.056,1.0,2025-12-08,0
026A6007FA48,0.0,0.0,0.0,110.8,0.3419354838709677,0.0,0.0,2025-12-08,0
027137436C87,4.0,10.0,0.0,64.38509316770187,0.06832298136645963,0.0,14.0,2025-12-08,0
0278E06A2F67,3.0,4.0,0.0,60.79754601226994,0.024539877300613498,0.0,7.0,2025-12-08,0
0279D2AC6ACE,0.0,10.0,0.0,17.142857142857142,0.06493506493506493,0.0,10.0,2025-12-08,0
027B2DC4EA84,4.0,2.0,0.0,5985.169354838709,0.6854838709677419,0.0,6.0,2025-12-08,0
027D07FC97FC,0.0,0.0,1.0,130.50666666666666,0.06,0.006666666666666667,1.0,2025-12-08,0
027FE9CED489,3.0,2.0,0.0,68.6774193548387,0.6258064516129033,0.0,5.0,2025-12-08,0
028764AA026E,1.0,4.0,0.0,29.266666666666666,0.024242424242424242,0.0,5.0,2025-12-08,0
02892F51E1CB,4.0,2.0,0.0,3312.607476635514,4.317757009345795,0.0,6.0,2025-12-08,0
0289694A6E5B,3.0,3.0,0.0,174.40972222222223,0.2222222222222222,0.0,6.0,2025-12-08,0
028B24EADDAD,0.0,0.0,0.0,551.06,0.42,0.0,0.0,2025-12-08,0
028CC0AE5719,0.0,0.0,0.0,869.9166666666666,0.3525641025641026,0.0,0.0,2025-12-08,0
0293918A963F,1.0,1.0,0.0,25.0,0.006024096385542169,0.0,2.0,2025-12-08,0
02980E461859,0.0,2.0,0.0,9.625766871165645,0.012269938650306749,0.0,2.0,2025-12-08,0
029A2B32D17E,3.0,5.0,0.0,539.3680555555555,1.5625,0.0,8.0,2025-12-08,0
029C03C2BF19,4.0,8.0,0.0,112.5625,0.35,0.0,12.0,2025-12-08,0
029DA26B1A92,5.0,13.0,0.0,38.69938650306749,0.07975460122699386,0.0,18.0,2025-12-08,0
02A80292CB97,7.0,7.0,2.0,14923.977272727272,4.863636363636363,0.045454545454545456,16.0,2025-12-08,0
02B5C5ADC792,0.0,2.0,1.0,236286.66666666666,9.777777777777779,0.4861111111111111,3.0,2025-12-08,0
02B742646A0E,1.0,2.0,0.0,264.6,0.16875,0.0,3.0,2025-12-08,0
02BAD919855D,2.0,0.0,0.0,92.78666666666666,0.1,0.0,2.0,2025-12-08,0
02BD26A4C3A0,3.0,3.0,0.0,60.08588957055215,0.018404907975460124,0.0,6.0,2025-12-08,0
02C0F45F31E7,0.0,0.0,0.0,2775.1984732824426,4.0534351145038165,0.0,0.0,2025-12-08,0
02CFFA3A3F35,3.0,3.0,0.0,135.47530864197532,0.018518518518518517,0.0,6.0,2025-12-08,0
02D49A34B2FE,0.0,0.0,1.0,278.2436974789916,0.3865546218487395,0.008403361344537815,1.0,2025-12-08,1
02D4DFEF402A,3.0,2.0,0.0,24.986577181208055,0.3825503355704698,0.0,5.0,2025-12-08,0
02D7623552C8,2.0,2.0,3.0,1465.3135593220338,1.694915254237288,0.1864406779661017,7.0,2025-12-08,0
02DC03A0F1E6,2.0,5.0,0.0,62.58709677419355,0.03225806451612903,0.0,7.0,2025-12-08,0
02E12310186C,1.0,16.0,0.0,186.47619047619048,0.10884353741496598,0.0,17.0,2025-12-08,0
02EBC6CD4398,3.0,15.0,0.0,130.27564102564102,0.09615384615384616,0.0,18.0,2025-12-08,0
02F093C88F2E,2.0,13.0,0.0,63.33783783783784,0.0945945945945946,0.0,15.0,2025-12-08,0
02F18EEE028A,2.0,1.0,0.0,29.56875,0.0625,0.0,3.0,2025-12-08,0
02F56F7C8E0B,1.0,1.0,0.0,10.731707317073171,0.006097560975609756,0.0,2.0,2025-12-08,0
02F5CE7705EC,0.0,0.0,0.0,119.46896551724137,0.8344827586206897,0.0,0.0,2025-12-08,0
02F98EB34A7A,4.0,6.0,0.0,20.420731707317074,0.036585365853658534,0.0,10.0,2025-12-08,0
02FBDD4A2C43,1.0,3.0,0.0,22.49044585987261,0.01910828025477707,0.0,4.0,2025-12-08,0
060C5773A61B,3.0,1.0,0.0,928.1142857142858,1.0642857142857143,0.0,4.0,2025-12-08,0
060EE3CB4779,4.0,6.0,0.0,98.98026315789474,0.3157894736842105,0.0,10.0,2025-12-08,0
06132D7396F8,0.0,0.0,3.0,14043.73,5.42,0.03,3.0,2025-12-08,0
0616F247083A,5.0,2.0,0.0,318.22147651006713,0.174496644295302,0.0,7.0,2025-12-08,0
061A4322745C,2.0,1.0,1.0,54939.03125,9.1875,2.1875,4.0,2025-12-08,0
06238EE3BE6C,3.0,1.0,0.0,108.17333333333333,0.17333333333333334,0.0,4.0,2025-12-08,0
062EA113798F,6.0,2.0,5.0,10208.254385964912,1.605263157894737,0.043859649122807015,13.0,2025-12-08,0
0634F78DB4C5,4.0,4.0,0.0,532.218045112782,0.7518796992481203,0.0,8.0,2025-12-08,0
0639EA5602C1,0.0,0.0,0.0,0.0,0.0,0.0,0.0,2025-12-08,0
0644582257D9,2.0,3.0,0.0,167.47972972972974,0.14864864864864866,0.0,5.0,2025-12-08,0
064AED1EC0AA,3.0,15.0,0.0,182.16447368421052,0.09868421052631579,0.0,18.0,2025-12-08,0
064BE19B0A9E,4.0,6.0,1.0,140.39743589743588,0.038461538461538464,0.00641025641025641,11.0,2025-12-08,0
064C94C771EC,1.0,1.0,0.0,8.091463414634147,0.006097560975609756,0.0,2.0,2025-12-08,0
064E66B5367B,6.0,2.0,0.0,230.67307692307693,0.46153846153846156,0.0,8.0,2025-12-08,0
06509A84E873,6.0,12.0,8.0,5516.44347826087,4.226086956521739,0.8695652173913043,26.0,2025-12-08,0
065B928716CD,1.0,1.0,0.0,1250.7235772357724,2.113821138211382,0.0,2.0,2025-12-08,0
065C003A8D0C,3.0,0.0,10.0,1995.1953125,1.859375,0.078125,13.0,2025-12-08,0
066430BA5119,2.0,3.0,0.0,24.084848484848486,0.01818181818181818,0.0,5.0,2025-12-08,0
0665C3FE6D67,3.0,4.0,0.0,104.9281045751634,0.026143790849673203,0.0,7.0,2025-12-08,0
06711BE6AD2A,2.0,6.0,0.0,96.20496894409938,0.037267080745341616,0.0,8.0,2025-12-08,0
06787526FEB3,2.0,1.0,0.0,671.9384615384615,1.5,0.0,3.0,2025-12-08,0
0683D2A8DA42,1.0,5.0,0.0,47.77160493827161,0.030864197530864196,0.0,6.0,2025-12-08,0
068553B3AA23,12.0,15.0,0.0,1972.0814814814814,0.5555555555555556,0.0,27.0,2025-12-08,0
0687F36E02C6,5.0,2.0,0.0,103.76687116564418,0.19631901840490798,0.0,7.0,2025-12-08,0
069357B9F15F,4.0,5.0,4.0,59490.24137931035,13.275862068965518,2.206896551724138,13.0,2025-12-08,1
06981FD8AA87,0.0,1.0,0.0,84.70666666666666,0.11333333333333333,0.0,1.0,2025-12-08,0
069A98DEEB1D,5.0,4.0,3.0,48838.395348837206,11.534883720930232,0.06976744186046512,12.0,2025-12-08,0
06AA1DE70CBF,1.0,4.0,0.0,16.067073170731707,0.024390243902439025,0.0,5.0,2025-12-08,0
06AAA28A5D6B,0.0,0.0,0.0,0.0,0.0,0.0,0.0,2025-12-08,0
06AEE181F595,5.0,0.0,0.0,195.15753424657535,0.3219178082191781,0.0,5.0,2025-12-08,0
06B162DC93E3,1.0,1.0,0.0,10.216049382716049,0.006172839506172839,0.0,2.0,2025-12-08,0
06B641B75B29,3.0,0.0,0.0,113228.42857142857,51.38095238095238,8.666666666666666,3.0,2025-12-08,0
06C0D5E3BCDB,2.0,2.0,0.0,287.7852348993289,0.18120805369127516,0.0,4.0,2025-12-08,0
06C0F27E810B,3.0,3.0,0.0,86.55974842767296,0.1509433962264151,0.0,6.0,2025-12-08,0
06C67619095C,2.0,4.0,0.0,213.9433962264151,0.025157232704402517,0.0,6.0,2025-12-08,0
06C77FEA9550,5.0,6.0,0.0,391.36423841059604,0.9933774834437086,0.0,11.0,2025-12-08,0
06C98DF4F0FA,1.0,1.0,0.0,27.23030303030303,0.006060606060606061,0.0,2.0,2025-12-08,0
06CE0F3CFB3C,2.0,2.0,0.0,36.424050632911396,0.012658227848101266,0.0,4.0,2025-12-08,0
06D0342253A0,3.0,16.0,0.0,156.16981132075472,0.1069182389937107,0.0,19.0,2025-12-08,0
06D388A19D5D,1.0,1.0,0.0,15.49056603773585,0.10062893081761007,0.0,2.0,2025-12-08,0
06D6B7018E15,0.0,4.0,0.0,25.78205128205128,0.03205128205128205,0.0,4.0,2025-12-08,0
06D7F6C73E0C,0.0,5.0,0.0,19.285714285714285,0.031055900621118012,0.0,5.0,2025-12-08,0
06D84598CCB4,2.0,0.0,4.0,1123.127659574468,0.18439716312056736,0.028368794326241134,6.0,2025-12-08,0
06DAF11BD38F,0.0,1.0,0.0,39.625,0.11842105263157894,0.0,1.0,2025-12-08,0
06EA136A2996,0.0,3.0,0.0,17.441717791411044,0.018404907975460124,0.0,3.0,2025-12-08,0
06EDBAE64B57,0.0,1.0,0.0,13.379518072289157,0.006024096385542169,0.0,1.0,2025-12-08,0
06EEBD283262,2.0,2.0,0.0,71.75155279503106,0.012422360248447204,0.0,4.0,2025-12-08,0
06EFD61B80ED,1.0,3.0,0.0,11.595092024539877,0.018404907975460124,0.0,4.0,2025-12-08,0
06F2469B50EF,1.0,8.0,5.0,566.7651006711409,0.06040268456375839,0.040268456375838924,14.0,2025-12-08,0
06F2CDBD2C41,5.0,5.0,0.0,399.24305555555554,0.3194444444444444,0.0,10.0,2025-12-08,0
06F40EA87663,3.0,10.0,0.0,80.937106918239,0.06289308176100629,0.0,13.0,2025-12-08,0
06F49BD8F572,4.0,10.0,0.0,10.973856209150327,0.06535947712418301,0.0,14.0,2025-12-08,0
06FDA7D7B22A,2.0,2.0,0.0,34.74545454545454,0.012121212121212121,0.0,4.0,2025-12-08,0
06FFEC2EFA5E,0.0,0.0,0.0,4487.611650485437,2.825242718446602,0.009708737864077669,0.0,2025-12-08,0
0A0B47664A85,5.0,3.0,0.0,104.05660377358491,0.42138364779874216,0.0,8.0,2025-12-08,0
0A10201AFE0A,3.0,5.0,0.0,19.565217391304348,0.031055900621118012,0.0,8.0,2025-12-08,0
0A1037E90A63,1.0,1.0,0.0,22.853658536585368,0.006097560975609756,0.0,2.0,2025-12-08,0
0A10A5A5056E,2.0,6.0,1.0,56.29220779220779,0.23376623376623376,0.006493506493506494,9.0,2025-12-08,0
0A15BC628AFC,0.0,0.0,0.0,0.0,0.0,0.0,0.0,2025-12-08,0
0A182EFD3C61,2.0,3.0,0.0,113.37795275590551,0.8503937007874016,0.0,5.0,2025-12-08,0
0A184A2E46B7,3.0,2.0,0.0,87.92258064516129,1.3548387096774193,0.0,5.0,2025-12-08,0
0A19C62F4F6D,5.0,3.0,0.0,329.04430379746833,0.18354430379746836,0.0,8.0,2025-12-08,0
0A1FB1C98A92,0.0,3.0,0.0,313.9448275862069,0.4,0.0,3.0,2025-12-08,0
0A23474F1944,1.0,1.0,0.0,24.88607594936709,0.189873417721519,0.0,2.0,2025-12-08,0
0A25F6E3466C,1.0,2.0,3.0,1321.4485981308412,1.841121495327103,0.028037383177570093,6.0,2025-12-08,0
0A268A7E40CD,1.0,17.0,0.0,60.888888888888886,0.10493827160493827,0.0,18.0,2025-12-08,0
0A272C5A2C9B,2.0,2.0,0.0,50.24539877300614,0.012269938650306749,0.0,4.0,2025-12-08,0
0A2778A31BE3,1.0,2.0,0.0,47.77639751552795,0.012422360248447204,0.0,3.0,2025-12-08,0
0A3528D089D9,2.0,8.0,0.0,40.68711656441718,0.05521472392638037,0.0,10.0,2025-12-08,0
0A3983033084,2.0,0.0,0.0,75.28301886792453,0.08176100628930817,0.0,2.0,2025-12-08,0
0A42B2DB6370,0.0,1.0,0.0,2.201219512195122,0.006097560975609756,0.0,1.0,2025-12-08,0
0A4673793B3E,1.0,2.0,0.0,17.6890243902439,0.012195121951219513,0.0,3.0,2025-12-08,0
0A485668F5C0,8.0,2.0,0.0,387.6058394160584,0.38686131386861317,0.0,10.0,2025-12-08,0
0A4C884F240A,0.0,0.0,5.0,323.94557823129253,0.6530612244897959,0.034013605442176874,5.0,2025-12-08,0
0A4E33E2692B,1.0,0.0,0.0,584.763358778626,0.7251908396946565,0.0,1.0,2025-12-08,0
0A52DDE896BF,0.0,0.0,0.0,317.962962962963,1.0666666666666667,0.0,0.0,2025-12-08,0
0A55DA266F71,0.0,0.0,0.0,2008.5,0.7457627118644068,0.06779661016949153,0.0,2025-12-08,0
0A568E79FEF6,0.0,0.0,0.0,0.0,0.0,0.0,0.0,2025-12-08,0
0A57338657F8,2.0,1.0,0.0,24.160493827160494,0.19135802469135801,0.0,3.0,2025-12-08,0
0A57A684E20B,3.0,6.0,0.0,43.534591194968556,0.03773584905660377,0.0,9.0,2025-12-08,0
0A5C1439B384,2.0,3.0,0.0,81.02702702702703,0.02702702702702703,0.0,5.0,2025-12-08,0
0A5D017E401E,0.0,0.0,0.0,877.3945578231293,0.3129251700680272,0.0,0.0,2025-12-08,0
0A5E96449374,6.0,1.0,0.0,1350.7016129032259,1.2741935483870968,0.0,7.0,2025-12-08,0
0A61E3165158,3.0,1.0,0.0,92.1055900621118,0.17391304347826086,0.0,4.0,2025-12-08,0
0A62EECEEBD1,2.0,11.0,0.0,606.5,0.07407407407407407,0.0,13.0,2025-12-08,1
0A6324E3E043,7.0,18.0,2.0,116.13664596273291,0.11801242236024845,0.012422360248447204,27.0,2025-12-08,0
0A6390E0FBA4,0.0,0.0,0.0,2225.8709677419356,3.0483870967741935,0.0,0.0,2025-12-08,0
0A663B6B4B28,3.0,0.0,2.0,325.5859872611465,1.821656050955414,0.012738853503184714,5.0,2025-12-08,0
0A682ED9C6DD,1.0,8.0,0.0,49.503184713375795,0.050955414012738856,0.0,9.0,2025-12-08,0
0A68A2032450,1.0,0.0,2.0,5284.056179775281,1.404494382022472,0.02247191011235955,3.0,2025-12-08,0
0A68DF0B3D07,3.0,1.0,0.0,62.9375,0.0875,0.0,4.0,2025-12-08,0
0A68F38A6ACF,2.0,2.0,1.0,32.24503311258278,0.09933774834437085,0.006622516556291391,5.0,2025-12-08,0
0A6C571A1550,1.0,5.0,0.0,20.269461077844312,0.029940119760479042,0.0,6.0,2025-12-08,0
0A6D3595373D,6.0,9.0,1.0,51.51875,0.05625,0.00625,16.0,2025-12-08,0
0A6DA0C82CCB,0.0,0.0,0.0,0.0,0.0,0.0,0.0,2025-12-08,0
0A71A6F9D6C6,4.0,0.0,0.0,56.987730061349694,0.08588957055214724,0.0,4.0,2025-12-08,0
0A78FAF47B00,2.0,0.0,0.0,77.46153846153847,0.1282051282051282,0.0,2.0,2025-12-08,0
0A7AAFDD9E11,3.0,9.0,0.0,136.60992907801418,0.06382978723404255,0.0,12.0,2025-12-08,0
0A7AC5BDAF86,0.0,0.0,0.0,10.402597402597403,0.032467532467532464,0.0,0.0,2025-12-08,0
0A800188C20F,6.0,16.0,0.0,286.6232876712329,0.1232876712328767,0.0,22.0,2025-12-08,0
0A8407CF4D85,5.0,8.0,0.0,48.81761006289308,0.050314465408805034,0.0,13.0,2025-12-08,0
0A87B8C2734F,7.0,3.0,0.0,216.58666666666667,0.20666666666666667,0.0,10.0,2025-12-08,0
0A8EA87BB037,1.0,5.0,1.0,56.64150943396226,0.20125786163522014,0.006289308176100629,7.0,2025-12-08,0
0A9547C11A56,7.0,16.0,0.0,6347.155963302752,2.8623853211009176,0.0,23.0,2025-12-08,0
0A96EACD8070,0.0,0.0,0.0,2395.492424242424,3.507575757575758,0.0,0.0,2025-12-08,0
0A974F5D7D8C,4.0,4.0,6.0,175.61744966442953,0.2550335570469799,0.04697986577181208,14.0,2025-12-08,0
0A9A3BFD6C9B,3.0,4.0,0.0,37.9375,0.2625,0.0,7.0,2025-12-08,0
0AA18F330F59,1.0,5.0,0.0,2018.858585858586,4.818181818181818,0.0,6.0,2025-12-08,0
0AA2818A7B27,0.0,0.0,0.0,0.0,0.0,0.0,0.0,2025-12-08,0
0AA296FF247D,1.0,1.0,0.0,82.97014925373135,0.14925373134328357,0.0,2.0,2025-12-08,0
0AA2F2CAB50B,4.0,2.0,0.0,1549.4214876033059,3.090909090909091,0.0,6.0,2025-12-08,0
0AA3F18DE550,1.0,0.0,0.0,385.0403225806452,0.14516129032258066,0.0,1.0,2025-12-08,0
0AA473D2FC17,0.0,0.0,0.0,349.69444444444446,0.3472222222222222,0.027777777777777776,0.0,2025-12-08,0
0AA4B065E5A5,1.0,8.0,0.0,15.567073170731707,0.04878048780487805,0.0,9.0,2025-12-08,0
0AA9051FFFFA,2.0,6.0,0.0,98.22641509433963,0.03773584905660377,0.0,8.0,2025-12-08,0
0AB5F9C21BF8,0.0,0.0,0.0,290199.34146341466,27.975609756097562,6.414634146341464,0.0,2025-12-08,0
0AB6B45C775A,2.0,0.0,0.0,82.9225352112676,0.45774647887323944,0.0,2.0,2025-12-08,0
0AB97B7632EB,0.0,0.0,0.0,0.0,0.0,0.0,0.0,2025-12-08,0
0ABC8E60F4C1,2.0,16.0,3.0,271.90344827586205,0.11724137931034483,0.020689655172413793,21.0,2025-12-08,0
0ABD2E513F79,1.0,3.0,0.0,287.6928104575163,0.16339869281045752,0.0,4.0,2025-12-08,0
0ABE42BE4165,1.0,5.0,0.0,8.820512820512821,0.03205128205128205,0.0,6.0,2025-12-08,0
0AC437023B18,0.0,0.0,0.0,19742.0,15.0,0.0,0.0,2025-12-08,0
0AD276FC5E27,8.0,3.0,0.0,627.9777777777778,0.4148148148148148,0.0,11.0,2025-12-08,1
0AD2C92E9756,0.0,2.0,0.0,31.96951219512195,0.012195121951219513,0.0,2.0,2025-12-08,0
0ADD02AB693D,5.0,1.0,0.0,86.62820512820512,0.1282051282051282,0.0,6.0,2025-12-08,0
0AE03793586F,0.0,1.0,0.0,10.382165605095542,0.006369426751592357,0.0,1.0,2025-12-08,0
0AE21E7A17E4,2.0,1.0,0.0,82.62962962962963,0.29012345679012347,0.0,3.0,2025-12-08,0
0AE6BF39C720,2.0,7.0,0.0,54.370370370370374,0.2037037037037037,0.0,9.0,2025-12-08,0
0AEF10F3A994,0.0,11.0,0.0,19.28481012658228,0.06962025316455696,0.0,11.0,2025-12-08,0
0AF1F0E3B640,2.0,5.0,0.0,65.72077922077922,0.03896103896103896,0.0,7.0,2025-12-08,0
0AF51D7D0F73,0.0,1.0,0.0,225.25850340136054,0.2653061224489796,0.0,1.0,2025-12-08,0
0AF8DCB98E4B,9.0,12.0,2.0,39992.730337078654,6.101123595505618,0.02247191011235955,23.0,2025-12-08,0
0AF9846E92DD,0.0,0.0,0.0,544.3358208955224,0.35074626865671643,0.0,0.0,2025-12-08,0
0AFB7B311996,0.0,0.0,0.0,0.0,0.0,0.0,0.0,2025-12-08,0
0AFE702BB093,1.0,0.0,1.0,1129.8557692307693,3.0,0.009615384615384616,2.0,2025-12-08,0
0AFFC263C0D9,0.0,0.0,0.0,7150.670103092783,2.5463917525773194,0.4742268041237113,0.0,2025-12-08,0
0E03D8F69853,2.0,4.0,0.0,1932.992,1.864,0.0,6.0,2025-12-08,0
0E0A8D6EB6B9,4.0,5.0,0.0,247.90849673202615,0.2222222222222222,0.0,9.0,2025-12-08,0
0E0C3EB7915D,0.0,2.0,0.0,13.814814814814815,0.11728395061728394,0.0,2.0,2025-12-08,0
0E0E2996F51A,5.0,9.0,1.0,226.06756756756758,0.33783783783783783,0.006756756756756757,15.0,2025-12-08,0
0E113B01A9A2,10.0,14.0,0.0,2244.907142857143,0.4928571428571429,0.0,24.0,2025-12-08,1
0E11F69747A8,1.0,1.0,0.0,102.47239263803681,0.006134969325153374,0.0,2.0,2025-12-08,0
0E121B6B8661,1.0,0.0,0.0,91.4968152866242,0.1337579617834395,0.03184713375796178,1.0,2025-12-08,0
0E1B6F4DBA34,8.0,3.0,0.0,231.82894736842104,0.7631578947368421,0.0,11.0,2025-12-08,0
0E1C622E61BC,7.0,10.0,0.0,222.11111111111111,0.06535947712418301,0.0,17.0,2025-12-08,0
0E1D7CA1DB0C,4.0,0.0,0.0,27.27710843373494,0.0783132530120482,0.0,4.0,2025-12-08,0
0E21C239D865,2.0,4.0,0.0,109.33125,0.025,0.0,6.0,2025-12-08,0
0E2575C7EE05,2.0,0.0,0.0,87.22222222222223,0.09803921568627451,0.0,2.0,2025-12-08,0
0E2728C481CA,3.0,7.0,9.0,831.9864864864865,0.9594594594594594,0.060810810810810814,19.0,2025-12-08,0
0E293C5E4650,7.0,3.0,0.0,103.1656050955414,0.1464968152866242,0.0,10.0,2025-12-08,0
0E2DEE345837,3.0,3.0,0.0,23.884848484848487,0.01818181818181818,0.0,6.0,2025-12-08,0
0E31C429C185,2.0,2.0,0.0,323.6242424242424,0.012121212121212121,0.0,4.0,2025-12-08,0
0E34282F4B53,3.0,5.0,0.0,133.48101265822785,0.03164556962025317,0.0,8.0,2025-12-08,0
0E3D06A07E94,4.0,4.0,0.0,13307.119047619048,6.714285714285714,0.0,8.0,2025-12-08,0
0E3D96237639,4.0,6.0,0.0,39.95625,0.0375,0.0,10.0,2025-12-08,0
0E41CF7F74D5,2.0,3.0,0.0,30.735849056603772,0.18867924528301888,0.0,5.0,2025-12-08,0
0E462188408C,4.0,1.0,0.0,28.56774193548387,1.032258064516129,0.0,5.0,2025-12-08,0
0E4CE5FB4405,4.0,3.0,0.0,624.8783783783783,0.5337837837837838,0.0,7.0,2025-12-08,0
0E50A5B2E5C4,0.0,1.0,2.0,6.178343949044586,0.006369426751592357,0.012738853503184714,3.0,2025-12-08,0
0E543D410B0C,0.0,0.0,0.0,0.0,0.0,0.0,0.0,2025-12-08,0
0E55F28AB569,4.0,4.0,9.0,1879.1132075471698,0.39622641509433965,0.08490566037735849,17.0,2025-12-08,0
0E5A9CEA8093,2.0,16.0,0.0,43.4875,0.10625,0.0,18.0,2025-12-08,0
0E5CD9B19DCB,1.0,1.0,0.0,5624.779411764706,0.11764705882352941,0.0,2.0,2025-12-08,0
0E5DFCF65AD4,8.0,18.0,0.0,719.9109589041096,0.14383561643835616,0.0,26.0,2025-12-08,0
0E61D34F9993,0.0,0.0,0.0,15.253164556962025,0.06962025316455696,0.0,0.0,2025-12-08,0
0E69783262BE,2.0,1.0,0.0,225.0503144654088,0.11320754716981132,0.0,3.0,2025-12-08,0
0E69C64B6E57,1.0,9.0,0.0,48.80487804878049,0.054878048780487805,0.0,10.0,2025-12-08,0
0E6A7794AFC7,0.0,0.0,0.0,0.0,0.0,0.0,0.0,2025-12-08,0
0E6ACE6D3146,1.0,3.0,0.0,40.296052631578945,0.2236842105263158,0.0,4.0,2025-12-08,0
0E6D2CBAED41,1.0,0.0,0.0,1371.8333333333333,2.0714285714285716,0.0,1.0,2025-12-08,0
0E752F1B295C,4.0,2.0,1.0,781.6689655172414,1.2482758620689656,0.006896551724137931,7.0,2025-12-08,0
0E7A8A5414C2,5.0,3.0,0.0,101.96363636363637,0.21818181818181817,0.0,8.0,2025-12-08,0
0E892C46A442,0.0,3.0,0.0,49.905660377358494,1.0628930817610063,0.0,3.0,2025-12-08,0
0E89F7D5B5BD,0.0,0.0,0.0,170.59285714285716,0.5357142857142857,0.03571428571428571,0.0,2025-12-08,0
0E8B8566815B,1.0,0.0,0.0,83.63398692810458,0.06535947712418301,0.0,1.0,2025-12-08,0
0E8CF9CA526F,2.0,4.0,0.0,93.22424242424242,0.024242424242424242,0.0,6.0,2025-12-08,0
0E8F36DAB9C2,2.0,1.0,0.0,1774.1926605504586,1.0091743119266054,0.0,3.0,2025-12-08,0
0E9761D8EB58,2.0,0.0,0.0,4389.258928571428,12.142857142857142,0.0,2.0,2025-12-08,0
0E9A30D927A5,3.0,1.0,0.0,99.3082191780822,0.15753424657534246,0.0,4.0,2025-12-08,0
0E9DC914D8DF,1.0,2.0,0.0,172.55,0.0125,0.0,3.0,2025-12-08,0
0EA0447DA91C,0.0,0.0,0.0,10508.528925619834,7.983471074380165,0.0,0.0,2025-12-08,0
0EA22CFA3A24,6.0,8.0,0.0,249.90322580645162,0.3096774193548387,0.0,14.0,2025-12-08,0
0EA52A2A7581,0.0,5.0,4.0,134.33802816901408,0.2887323943661972,0.028169014084507043,9.0,2025-12-08,0
0EAEFEAEFB09,1.0,3.0,0.0,70.29746835443038,0.44936708860759494,0.0,4.0,2025-12-08,0
0EB04F2114F4,1.0,2.0,0.0,206.90963855421685,0.012048192771084338,0.0,3.0,2025-12-08,0
0EB6B31D8AFB,2.0,4.0,0.0,154.09259259259258,0.024691358024691357,0.0,6.0,2025-12-08,0
0EBF1B27CDE1,0.0,0.0,0.0,2396.507462686567,2.2611940298507465,0.014925373134328358,0.0,2025-12-08,0
0EC8A35D0C20,2.0,6.0,0.0,72.527950310559,0.037267080745341616,0.0,8.0,2025-12-08,0
0ED0849FD6D8,0.0,0.0,1.0,1096.7264957264956,0.811965811965812,0.008547008547008548,1.0,2025-12-08,0
0ED1E9DBD593,3.0,1.0,0.0,385.59712230215825,0.4244604316546763,0.0,4.0,2025-12-08,0
0ED4052A2763,4.0,15.0,0.0,218.99375,0.09375,0.0,19.0,2025-12-08,0
0ED5057ECE3F,3.0,1.0,0.0,801.1428571428571,1.2285714285714286,0.014285714285714285,4.0,2025-12-08,0
0EDC7177CCA9,4.0,5.0,12.0,23511.15322580645,0.6209677419354839,0.8225806451612904,21.0,2025-12-08,1
0EE071F7B24A,0.0,0.0,0.0,0.0,0.0,0.0,0.0,2025-12-08,0
0EE09EDA649F,6.0,2.0,0.0,884.972027972028,0.11188811188811189,0.0,8.0,2025-12-08,0
0EE317BA7C52,0.0,0.0,0.0,263.5405405405405,0.4594594594594595,0.05405405405405406,0.0,2025-12-08,0
0EE51B79E853,1.0,7.0,0.0,58.760736196319016,0.049079754601226995,0.0,8.0,2025-12-08,0
0EE78E4317BB,4.0,2.0,0.0,231.39735099337747,0.19205298013245034,0.0,6.0,2025-12-08,0
0EE9497950EE,4.0,2.0,0.0,46.81875,0.33125,0.0,6.0,2025-12-08,0
0EEA98D1BFDB,2.0,5.0,0.0,31.528662420382165,0.03184713375796178,0.0,7.0,2025-12-08,0
0EECB108FF91,3.0,3.0,0.0,197.41610738255034,0.9060402684563759,0.0,6.0,2025-12-08,0
0EF023E6452D,1.0,2.0,2.0,112.68387096774194,0.14193548387096774,0.012903225806451613,5.0,2025-12-08,0
0EF08481B333,3.0,6.0,0.0,21.58490566037736,0.03773584905660377,0.0,9.0,2025-12-08,0
0EF437108E63,6.0,7.0,1.0,542.8376068376068,0.6495726495726496,0.008547008547008548,14.0,2025-12-08,0
0EF47B410B41,2.0,8.0,0.0,36.54838709677419,0.05161290322580645,0.0,10.0,2025-12-08,0
0EFD600E2623,2.0,2.0,0.0,15.754601226993865,0.012269938650306749,0.0,4.0,2025-12-08,0
0202CB0A6B1F,1.0,1.0,0.0,54.339622641509436,0.09433962264150944,0.0,2.0,2025-12-15,0
02043B6BA08B,0.0,3.0,0.0,4.0,0.019230769230769232,0.0,3.0,2025-12-15,0
02075B45BF24,3.0,9.0,1.0,44.81366459627329,0.055900621118012424,0.006211180124223602,13.0,2025-12-15,0
02091DF7CCB8,4.0,2.0,9.0,529.144,0.888,0.072,15.0,2025-12-15,0
02097AB58D3C,3.0,11.0,0.0,44.130434782608695,0.06832298136645963,0.0,14.0,2025-12-15,0
020CC6FB9659,2.0,6.0,1.0,418.2097902097902,0.6923076923076923,0.006993006993006993,9.0,2025-12-15,0
02132677328F,3.0,6.0,0.0,105.84105960264901,0.17880794701986755,0.0,9.0,2025-12-15,0
02142F017781,0.0,1.0,1.0,13.14723926380368,0.006134969325153374,0.006134969325153374,2.0,2025-12-15,0
02145826103B,0.0,0.0,0.0,177.75496688741723,0.5231788079470199,0.0,0.0,2025-12-15,0
0217820BFFB2,3.0,4.0,0.0,148.1032258064516,0.23225806451612904,0.0,7.0,2025-12-15,0
02251388D3A2,3.0,3.0,0.0,60.91139240506329,0.0189873417721519,0.0,6.0,2025-12-15,0
0228A99EE35A,4.0,7.0,0.0,38.37820512820513,0.04487179487179487,0.0,11.0,2025-12-15,0
022C6F326E3B,0.0,0.0,0.0,281.841726618705,0.7338129496402878,0.0,0.0,2025-12-15,0
022DB47C41AC,4.0,1.0,1.0,83.92903225806451,0.12258064516129032,0.0064516129032258064,6.0,2025-12-15,0
023015602FAA,1.0,3.0,0.0,17.40506329113924,0.0189873417721519,0.0,4.0,2025-12-15,0
0230D261A1CD,0.0,0.0,0.0,11.853503184713375,0.050955414012738856,0.0,0.0,2025-12-15,0
0230EEF72435,2.0,1.0,0.0,57.40384615384615,1.0064102564102564,0.0,3.0,2025-12-15,0
02314F9A9168,2.0,9.0,0.0,21.54320987654321,0.05555555555555555,0.0,11.0,2025-12-15,0
023257D29366,2.0,4.0,0.0,41.93125,0.03125,0.0,6.0,2025-12-15,0
023270320B57,3.0,2.0,0.0,96.13548387096775,1.2451612903225806,0.0,5.0,2025-12-15,0
02388A18854F,4.0,1.0,1.0,622.7608695652174,3.0072463768115942,0.007246376811594203,6.0,2025-12-15,0
0239AD51B7AF,3.0,3.0,0.0,218.52857142857144,0.5214285714285715,0.0,6.0,2025-12-15,0
023A663EFD87,4.0,3.0,0.0,84.70322580645161,0.5483870967741935,0.0,7.0,2025-12-15,0
023ADDDECF84,4.0,0.0,0.0,1736.7433628318583,1.2920353982300885,0.0,4.0,2025-12-15,0
02423E0E6E9F,4.0,1.0,2.0,323.2945205479452,0.3561643835616438,0.0136986301369863,7.0,2025-12-15,0
024570739DE0,0.0,2.0,0.0,23.79113924050633,0.0759493670886076,0.0,2.0,2025-12-15,0
02478CD90F3A,2.0,4.0,0.0,73.94557823129252,0.027210884353741496,0.0,6.0,2025-12-15,0
024DD3A9ADCA,5.0,3.0,0.0,305.3,0.5071428571428571,0.0,8.0,2025-12-15,0
024ED433BF7D,3.0,2.0,3.0,31756.10447761194,14.82089552238806,0.31343283582089554,8.0,2025-12-15,0
0253BB40EDA6,1.0,2.0,0.0,79.35625,0.0125,0.0,3.0,2025-12-15,0
0257E855DBCE,0.0,0.0,0.0,20460.052631578947,4.605263157894737,0.9736842105263158,0.0,2025-12-15,0
0259991BA036,3.0,0.0,1.0,1802.0472440944882,1.6456692913385826,0.09448818897637795,4.0,2025-12-15,0
026A6007FA48,1.0,1.0,0.0,126.0,0.40384615384615385,0.0,2.0,2025-12-15,0
027137436C87,5.0,16.0,0.0,127.60736196319019,0.09815950920245399,0.0,21.0,2025-12-15,0
0278E06A2F67,4.0,4.0,0.0,89.5548780487805,0.024390243902439025,0.0,8.0,2025-12-15,0
0279D2AC6ACE,2.0,13.0,0.0,27.044303797468356,0.08227848101265822,0.0,15.0,2025-12-15,0
027B2DC4EA84,1.0,2.0,0.0,3076.5185185185187,0.4740740740740741,0.0,3.0,2025-12-15,0
027D07FC97FC,0.0,0.0,0.0,60.51315789473684,0.06578947368421052,0.0,0.0,2025-12-15,0
027FE9CED489,6.0,3.0,0.0,93.90566037735849,0.7484276729559748,0.0,9.0,2025-12-15,0
028764AA026E,1.0,2.0,0.0,38.329268292682926,0.012195121951219513,0.0,3.0,2025-12-15,0
02892F51E1CB,1.0,0.0,0.0,1867.918181818182,3.690909090909091,0.0,1.0,2025-12-15,0
0289694A6E5B,5.0,6.0,0.0,335.4154929577465,0.34507042253521125,0.0,11.0,2025-12-15,0
028B24EADDAD,0.0,0.0,0.0,101.96026490066225,0.1390728476821192,0.0,0.0,2025-12-15,0
028CC0AE5719,1.0,4.0,0.0,3503.211678832117,1.2919708029197081,0.0,5.0,2025-12-15,1
0293918A963F,0.0,0.0,0.0,0.0,0.0,0.0,0.0,2025-12-15,0
02980E461859,0.0,5.0,0.0,59.2751677852349,0.03355704697986577,0.0,5.0,2025-12-15,0
029A2B32D17E,5.0,7.0,0.0,915.0214285714286,1.9785714285714286,0.0,12.0,2025-12-15,0
029C03C2BF19,1.0,2.0,0.0,70.98717948717949,0.2948717948717949,0.0,3.0,2025-12-15,0
029DA26B1A92,2.0,9.0,0.0,17.475609756097562,0.054878048780487805,0.0,11.0,2025-12-15,0
02A80292CB97,3.0,4.0,0.0,8061.519083969466,3.3740458015267176,0.0,7.0,2025-12-15,0
02B5C5ADC792,0.0,0.0,0.0,77018.05333333333,4.48,0.18666666666666668,0.0,2025-12-15,0
02B742646A0E,10.0,5.0,1.0,1287.021897810219,0.7591240875912408,0.0072992700729927005,16.0,2025-12-15,0
02BAD919855D,4.0,0.0,0.0,168.03267973856208,0.1503267973856209,0.0,4.0,2025-12-15,0
02BD26A4C3A0,1.0,6.0,0.0,25.9079754601227,0.03680981595092025,0.0,7.0,2025-12-15,0
02C0F45F31E7,0.0,1.0,0.0,3488.5982905982905,4.0256410256410255,0.0,1.0,2025-12-15,0
02CFFA3A3F35,0.0,1.0,0.0,6.858895705521473,0.006134969325153374,0.0,1.0,2025-12-15,0
02D49A34B2FE,7.0,4.0,14.0,2436.6041666666665,1.5416666666666667,0.14583333333333334,25.0,2025-12-15,0
02D4DFEF402A,5.0,19.0,0.0,940.1037037037037,2.5037037037037035,0.0,24.0,2025-12-15,0
02D7623552C8,2.0,0.0,2.0,1119.7391304347825,1.5130434782608695,0.2,4.0,2025-12-15,0
02DC03A0F1E6,2.0,6.0,0.0,80.44444444444444,0.0392156862745098,0.0,8.0,2025-12-15,0
02E12310186C,9.0,8.0,0.0,1669.618320610687,0.3053435114503817,0.0,17.0,2025-12-15,0
02EBC6CD4398,2.0,8.0,0.0,43.675,0.05625,0.0,10.0,2025-12-15,0
02F093C88F2E,3.0,17.0,0.0,192.9746835443038,0.11392405063291139,0.0,20.0,2025-12-15,0
02F18EEE028A,5.0,2.0,0.0,90.72972972972973,0.12837837837837837,0.0,7.0,2025-12-15,0
02F56F7C8E0B,0.0,0.0,0.0,0.0,0.0,0.0,0.0,2025-12-15,0
02F5CE7705EC,0.0,0.0,0.0,128.0,0.8766233766233766,0.0,0.0,2025-12-15,0
02F98EB34A7A,4.0,6.0,0.0,15.765060240963855,0.03614457831325301,0.0,10.0,2025-12-15,0
02FBDD4A2C43,0.0,3.0,0.0,2.389937106918239,0.018867924528301886,0.0,3.0,2025-12-15,0
060C5773A61B,4.0,1.0,0.0,905.3538461538461,1.2,0.0,5.0,2025-12-15,0
060EE3CB4779,4.0,4.0,0.0,57.56687898089172,0.22929936305732485,0.0,8.0,2025-12-15,0
06132D7396F8,0.0,0.0,1.0,2461.060344827586,2.4655172413793105,0.008620689655172414,1.0,2025-12-15,0
0616F247083A,3.0,0.0,0.0,165.80794701986756,0.13245033112582782,0.0,3.0,2025-12-15,0
061A4322745C,0.0,0.0,0.0,15382.727272727272,4.353535353535354,0.6565656565656566,0.0,2025-12-15,0
06238EE3BE6C,5.0,5.0,3.0,145.6751592356688,0.18471337579617833,0.01910828025477707,13.0,2025-12-15,0
062EA113798F,1.0,1.0,1.0,3735.75,0.9318181818181818,0.007575757575757576,3.0,2025-12-15,0
0634F78DB4C5,7.0,2.0,0.0,709.4296875,0.7109375,0.0,9.0,2025-12-15,0
0639EA5602C1,2.0,3.0,0.0,71.5375,0.01875,0.0,5.0,2025-12-15,0
0644582257D9,2.0,1.0,0.0,92.24137931034483,0.11724137931034483,0.0,3.0,2025-12-15,0
064AED1EC0AA,1.0,0.0,0.0,98.87096774193549,0.11612903225806452,0.0,1.0,2025-12-15,0
064BE19B0A9E,1.0,1.0,5.0,18.272151898734176,0.006329113924050633,0.03164556962025317,7.0,2025-12-15,0
064C94C771EC,2.0,3.0,0.0,26.40963855421687,0.018072289156626505,0.0,5.0,2025-12-15,0
064E66B5367B,3.0,2.0,0.0,154.58490566037736,0.3522012578616352,0.0,5.0,2025-12-15,0
06509A84E873,2.0,1.0,0.0,2104.127819548872,2.4511278195488724,0.3308270676691729,3.0,2025-12-15,0
065B928716CD,1.0,1.0,0.0,1450.2396694214876,2.5785123966942147,0.0,2.0,2025-12-15,0
065C003A8D0C,1.0,0.0,4.0,1281.6279069767443,1.255813953488372,0.031007751937984496,5.0,2025-12-15,0
066430BA5119,4.0,7.0,0.0,77.5679012345679,0.043209876543209874,0.0,11.0,2025-12-15,0
0665C3FE6D67,3.0,4.0,3.0,81.59868421052632,0.02631578947368421,0.02631578947368421,10.0,2025-12-15,0
06711BE6AD2A,5.0,17.0,0.0,244.47798742138366,0.1069182389937107,0.0,22.0,2025-12-15,0
06787526FEB3,0.0,0.0,0.0,546.2962962962963,1.5407407407407407,0.0,0.0,2025-12-15,0
0683D2A8DA42,1.0,4.0,0.0,20.96273291925466,0.024844720496894408,0.0,5.0,2025-12-15,0
068553B3AA23,9.0,8.0,0.0,5114.253846153846,0.7769230769230769,0.0,17.0,2025-12-15,1
0687F36E02C6,2.0,1.0,0.0,108.66025641025641,0.11538461538461539,0.0,3.0,2025-12-15,0
069357B9F15F,5.0,2.0,3.0,44533.87640449438,13.247191011235955,2.393258426966292,10.0,2025-12-15,0
06981FD8AA87,1.0,1.0,1.0,225.9391891891892,0.08783783783783784,0.006756756756756757,3.0,2025-12-15,0
069A98DEEB1D,2.0,3.0,2.0,53855.91836734694,13.224489795918368,0.2653061224489796,7.0,2025-12-15,0
06AA1DE70CBF,2.0,4.0,0.0,21.234567901234566,0.024691358024691357,0.0,6.0,2025-12-15,0
06AAA28A5D6B,0.0,0.0,0.0,0.0,0.0,0.0,0.0,2025-12-15,0
06AEE181F595,4.0,3.0,0.0,134.93197278911563,0.23129251700680273,0.0,7.0,2025-12-15,0
06B162DC93E3,3.0,7.0,0.0,669.2307692307693,0.04895104895104895,0.0,10.0,2025-12-15,0
06B641B75B29,0.0,0.0,0.0,45509.80701754386,28.75438596491228,2.8947368421052633,0.0,2025-12-15,0
06C0D5E3BCDB,5.0,7.0,1.0,4356.25,0.9553571428571429,0.008928571428571428,13.0,2025-12-15,0
06C0F27E810B,6.0,2.0,0.0,102.1875,0.18125,0.0,8.0,2025-12-15,0
06C67619095C,0.0,1.0,0.0,9.791139240506329,0.006329113924050633,0.0,1.0,2025-12-15,0
06C77FEA9550,2.0,0.0,0.0,151.84027777777777,0.5555555555555556,0.0,2.0,2025-12-15,0
06C98DF4F0FA,0.0,0.0,0.0,0.0,0.0,0.0,0.0,2025-12-15,0
06CE0F3CFB3C,2.0,4.0,0.0,60.18987341772152,0.02531645569620253,0.0,6.0,2025-12-15,0
06D0342253A0,4.0,18.0,0.0,202.62337662337663,0.11688311688311688,0.0,22.0,2025-12-15,0
06D388A19D5D,1.0,1.0,0.0,10.031446540880504,0.13836477987421383,0.0,2.0,2025-12-15,0
06D6B7018E15,1.0,9.0,0.0,42.12738853503185,0.06369426751592357,0.0,10.0,2025-12-15,0
06D7F6C73E0C,4.0,16.0,0.0,375.4415584415584,0.11038961038961038,0.0,20.0,2025-12-15,0
06D84598CCB4,1.0,2.0,0.0,439.53333333333336,0.09333333333333334,0.0,3.0,2025-12-15,0
06DAF11BD38F,3.0,0.0,0.0,111.09740259740259,0.14285714285714285,0.0,3.0,2025-12-15,0
06EA136A2996,0.0,0.0,0.0,0.0,0.0,0.0,0.0,2025-12-15,0
06EDBAE64B57,0.0,0.0,0.0,0.0,0.0,0.0,0.0,2025-12-15,0
06EEBD283262,2.0,2.0,0.0,75.9320987654321,0.012345679012345678,0.0,4.0,2025-12-15,0
06EFD61B80ED,2.0,3.0,0.0,12.612903225806452,0.01935483870967742,0.0,5.0,2025-12-15,0
06F2469B50EF,0.0,4.0,2.0,81.99350649350649,0.025974025974025976,0.012987012987012988,6.0,2025-12-15,0
06F2CDBD2C41,0.0,6.0,0.0,154.68055555555554,0.3055555555555556,0.0,6.0,2025-12-15,0
06F40EA87663,7.0,13.0,0.0,138.32903225806453,0.08387096774193549,0.0,20.0,2025-12-15,0
06F49BD8F572,6.0,12.0,2.0,25.973856209150327,0.08496732026143791,0.013071895424836602,20.0,2025-12-15,0
06FDA7D7B22A,5.0,5.0,0.0,44.46913580246913,0.030864197530864196,0.0,10.0,2025-12-15,0
06FFEC2EFA5E,0.0,0.0,0.0,1430.5196850393702,1.68503937007874,0.0,0.0,2025-12-15,0
0A0B47664A85,4.0,3.0,0.0,81.8944099378882,0.37267080745341613,0.0,7.0,2025-12-15,0
0A10201AFE0A,2.0,7.0,0.0,43.048780487804876,0.042682926829268296,0.0,9.0,2025-12-15,0
0A1037E90A63,3.0,3.0,0.0,40.5030303030303,0.01818181818181818,0.0,6.0,2025-12-15,0
0A10A5A5056E,3.0,3.0,1.0,125.77124183006536,0.22875816993464052,0.006535947712418301,7.0,2025-12-15,0
0A15BC628AFC,2.0,2.0,0.0,81.62893081761007,0.012578616352201259,0.0,4.0,2025-12-15,0
0A182EFD3C61,2.0,1.0,0.0,146.29133858267716,0.9763779527559056,0.0,3.0,2025-12-15,0
0A184A2E46B7,2.0,2.0,0.0,89.03225806451613,1.1741935483870967,0.0,4.0,2025-12-15,0
0A19C62F4F6D,0.0,1.0,0.0,60.217948717948715,0.14743589743589744,0.0,1.0,2025-12-15,0
0A1FB1C98A92,0.0,0.0,0.0,118.08552631578948,0.1513157894736842,0.0,0.0,2025-12-15,0
0A23474F1944,4.0,4.0,0.0,39.11038961038961,0.2597402597402597,0.0,8.0,2025-12-15,0
0A25F6E3466C,3.0,3.0,2.0,1761.537037037037,2.3796296296296298,0.018518518518518517,8.0,2025-12-15,0
0A268A7E40CD,2.0,11.0,0.0,146.5065789473684,0.07236842105263158,0.0,13.0,2025-12-15,0
0A272C5A2C9B,1.0,1.0,0.0,69.64634146341463,0.006097560975609756,0.0,2.0,2025-12-15,0
0A2778A31BE3,0.0,2.0,0.0,8.341463414634147,0.012195121951219513,0.0,2.0,2025-12-15,0
0A3528D089D9,3.0,1.0,0.0,56.64242424242424,0.07878787878787878,0.0,4.0,2025-12-15,0
0A3983033084,2.0,0.0,0.0,126.45341614906832,0.11801242236024845,0.0,2.0,2025-12-15,0
0A42B2DB6370,1.0,1.0,0.0,5.345454545454546,0.006060606060606061,0.0,2.0,2025-12-15,0
0A4673793B3E,2.0,3.0,0.0,13.10909090909091,0.01818181818181818,0.0,5.0,2025-12-15,0
0A485668F5C0,2.0,0.0,0.0,201.55333333333334,0.32,0.0,2.0,2025-12-15,0
0A4C884F240A,0.0,0.0,2.0,223.0066225165563,0.47019867549668876,0.013245033112582781,2.0,2025-12-15,0
0A4E33E2692B,2.0,3.0,0.0,568.1968503937007,0.7716535433070866,0.0,5.0,2025-12-15,0
0A52DDE896BF,0.0,0.0,0.0,125.70198675496688,0.5894039735099338,0.0,0.0,2025-12-15,0
0A55DA266F71,0.0,0.0,0.0,233.61184210526315,0.27631578947368424,0.013157894736842105,0.0,2025-12-15,0
0A568E79FEF6,0.0,0.0,0.0,0.0,0.0,0.0,0.0,2025-12-15,0
0A57338657F8,1.0,2.0,0.0,15.577922077922079,0.12987012987012986,0.0,3.0,2025-12-15,0
0A57A684E20B,5.0,11.0,0.0,172.05,0.075,0.0,16.0,2025-12-15,0
0A5C1439B384,2.0,6.0,0.0,69.16463414634147,0.036585365853658534,0.0,8.0,2025-12-15,0
0A5D017E401E,0.0,0.0,0.0,232.75496688741723,0.2119205298013245,0.0,0.0,2025-12-15,0
0A5E96449374,1.0,1.0,0.0,953.5603448275862,1.1896551724137931,0.0,2.0,2025-12-15,0
0A61E3165158,1.0,2.0,0.0,32.51898734177215,0.11392405063291139,0.0,3.0,2025-12-15,0
0A62EECEEBD1,8.0,5.0,1.0,5837.44,0.3,0.006666666666666667,14.0,2025-12-15,0
0A6324E3E043,0.0,7.0,2.0,25.936708860759495,0.04430379746835443,0.0189873417721519,9.0,2025-12-15,0
0A6390E0FBA4,1.0,0.0,0.0,3281.873015873016,3.111111111111111,0.0,1.0,2025-12-15,0
0A663B6B4B28,5.0,5.0,1.0,641.3087248322148,2.6308724832214767,0.006711409395973154,11.0,2025-12-15,0
0A682ED9C6DD,3.0,5.0,0.0,61.05625,0.03125,0.0,8.0,2025-12-15,0
0A68A2032450,0.0,0.0,1.0,723.1016949152543,0.4152542372881356,0.00847457627118644,1.0,2025-12-15,0
0A68DF0B3D07,3.0,9.0,0.0,24.129032258064516,0.05806451612903226,0.0,12.0,2025-12-15,0
0A68F38A6ACF,4.0,1.0,0.0,51.29054054054054,0.07432432432432433,0.0,5.0,2025-12-15,0
0A6C571A1550,2.0,6.0,0.0,29.233128834355828,0.03680981595092025,0.0,8.0,2025-12-15,0
0A6D3595373D,2.0,14.0,1.0,44.525,0.0875,0.00625,17.0,2025-12-15,0
0A6DA0C82CCB,1.0,1.0,0.0,111.24844720496894,0.006211180124223602,0.0,2.0,2025-12-15,0
0A71A6F9D6C6,4.0,0.0,0.0,71.83125,0.06875,0.0,4.0,2025-12-15,0
0A78FAF47B00,2.0,3.0,0.0,101.94771241830065,0.22875816993464052,0.0,5.0,2025-12-15,0
0A7AAFDD9E11,5.0,12.0,0.0,147.2027027027027,0.0945945945945946,0.0,17.0,2025-12-15,0
0A7AC5BDAF86,0.0,0.0,0.0,18.69375,0.04375,0.0,0.0,2025-12-15,0
0A800188C20F,2.0,9.0,0.0,143.79605263157896,0.06578947368421052,0.0,11.0,2025-12-15,0
0A8407CF4D85,3.0,4.0,0.0,71.60645161290323,0.025806451612903226,0.0,7.0,2025-12-15,0
0A87B8C2734F,3.0,2.0,0.0,121.41614906832298,0.18012422360248448,0.0,5.0,2025-12-15,0
0A8EA87BB037,2.0,6.0,0.0,78.26993865030674,0.25766871165644173,0.0,8.0,2025-12-15,0
0A9547C11A56,6.0,10.0,0.0,17592.327102803738,5.5514018691588785,0.0,16.0,2025-12-15,0
0A96EACD8070,0.0,0.0,0.0,702.0204081632653,1.7414965986394557,0.0,0.0,2025-12-15,0
0A974F5D7D8C,3.0,6.0,9.0,142.64596273291926,0.20496894409937888,0.055900621118012424,18.0,2025-12-15,0
0A9A3BFD6C9B,3.0,6.0,0.0,26.180124223602483,0.2857142857142857,0.0,9.0,2025-12-15,0
0AA18F330F59,4.0,9.0,2.0,46690.33870967742,22.306451612903224,0.03225806451612903,15.0,2025-12-15,1
0AA2818A7B27,0.0,0.0,0.0,0.0,0.0,0.0,0.0,2025-12-15,0
0AA296FF247D,3.0,1.0,0.0,69.61971830985915,0.11971830985915492,0.0,4.0,2025-12-15,0
0AA2F2CAB50B,1.0,0.0,0.0,835.0909090909091,2.3181818181818183,0.0,1.0,2025-12-15,0
0AA3F18DE550,1.0,0.0,0.0,182.03973509933775,0.11920529801324503,0.0,1.0,2025-12-15,0
0AA473D2FC17,0.0,0.0,0.0,134.38709677419354,0.17419354838709677,0.01935483870967742,0.0,2025-12-15,0
0AA4B065E5A5,2.0,7.0,0.0,17.919254658385093,0.043478260869565216,0.0,9.0,2025-12-15,0
0AA9051FFFFA,0.0,1.0,0.0,2.217391304347826,0.006211180124223602,0.0,1.0,2025-12-15,0
0AB5F9C21BF8,0.0,0.0,0.0,77797.4756097561,13.268292682926829,2.451219512195122,0.0,2025-12-15,0
0AB6B45C775A,2.0,1.0,0.0,68.07194244604317,0.39568345323741005,0.0,3.0,2025-12-15,0
0AB97B7632EB,0.0,0.0,0.0,0.0,0.0,0.0,0.0,2025-12-15,0
0ABC8E60F4C1,6.0,1.0,1.0,773.7538461538461,0.14615384615384616,0.007692307692307693,8.0,2025-12-15,0
0ABD2E513F79,5.0,3.0,1.0,214.66233766233765,0.13636363636363635,0.006493506493506494,9.0,2025-12-15,0
0ABE42BE4165,1.0,8.0,0.0,15.679245283018869,0.050314465408805034,0.0,9.0,2025-12-15,0
0AC437023B18,0.0,0.0,0.0,19742.0,15.0,0.0,0.0,2025-12-15,0
0AD276FC5E27,9.0,13.0,0.0,2045.396551724138,0.9482758620689655,0.0,22.0,2025-12-15,0
0AD2C92E9756,0.0,2.0,0.0,9.38036809815951,0.012269938650306749,0.0,2.0,2025-12-15,0
0ADD02AB693D,4.0,1.0,0.0,97.66891891891892,0.13513513513513514,0.0,5.0,2025-12-15,0
0AE03793586F,0.0,0.0,0.0,0.0,0.0,0.0,0.0,2025-12-15,0
0AE21E7A17E4,4.0,1.0,0.0,157.12738853503186,0.31210191082802546,0.0,5.0,2025-12-15,0
0AE6BF39C720,3.0,4.0,0.0,62.56172839506173,0.24691358024691357,0.0,7.0,2025-12-15,0
0AEF10F3A994,4.0,15.0,0.0,35.717948717948715,0.10897435897435898,0.0,19.0,2025-12-15,0
0AF1F0E3B640,2.0,8.0,0.0,73.89634146341463,0.04878048780487805,0.0,10.0,2025-12-15,0
0AF51D7D0F73,4.0,3.0,0.0,782.1304347826087,0.45652173913043476,0.0,7.0,2025-12-15,0
0AF8DCB98E4B,1.0,0.0,2.0,14337.185840707965,3.3008849557522124,0.017699115044247787,3.0,2025-12-15,0
0AF9846E92DD,0.0,0.0,1.0,319.1333333333333,0.2833333333333333,0.008333333333333333,1.0,2025-12-15,0
0AFB7B311996,1.0,2.0,1.0,27.16875,0.0125,0.00625,4.0,2025-12-15,0
0AFE702BB093,5.0,0.0,0.0,1642.919642857143,3.2142857142857144,0.0,5.0,2025-12-15,0
0AFFC263C0D9,0.0,0.0,0.0,2658.830188679245,1.4528301886792452,0.18867924528301888,0.0,2025-12-15,0
0E03D8F69853,2.0,5.0,0.0,1751.7073170731708,1.910569105691057,0.0,7.0,2025-12-15,0
0E0A8D6EB6B9,3.0,5.0,0.0,170.40666666666667,0.24,0.0,8.0,2025-12-15,1
0E0C3EB7915D,4.0,1.0,0.0,26.211180124223603,0.10559006211180125,0.0,5.0,2025-12-15,0
0E0E2996F51A,5.0,10.0,2.0,237.2980132450331,0.3443708609271523,0.013245033112582781,17.0,2025-12-15,0
0E113B01A9A2,7.0,7.0,0.0,5113.295454545455,0.7878787878787878,0.0,14.0,2025-12-15,0
0E11F69747A8,0.0,0.0,0.0,0.0,0.0,0.0,0.0,2025-12-15,0
0E121B6B8661,1.0,0.0,1.0,65.9875,0.0875,0.00625,2.0,2025-12-15,0
0E1B6F4DBA34,2.0,0.0,0.0,88.21192052980132,0.36423841059602646,0.0,2.0,2025-12-15,0
0E1C622E61BC,6.0,6.0,1.0,151.2258064516129,0.04516129032258064,0.0064516129032258064,13.0,2025-12-15,0
0E1D7CA1DB0C,2.0,1.0,0.0,45.04516129032258,0.12258064516129032,0.0,3.0,2025-12-15,0
0E21C239D865,0.0,1.0,1.0,7.542483660130719,0.006535947712418301,0.006535947712418301,2.0,2025-12-15,0
0E2575C7EE05,3.0,1.0,0.0,88.0,0.12903225806451613,0.0,4.0,2025-12-15,0
0E2728C481CA,1.0,2.0,5.0,306.985401459854,0.5620437956204379,0.0364963503649635,8.0,2025-12-15,0
0E293C5E4650,1.0,2.0,0.0,172.83225806451614,0.12258064516129032,0.0,3.0,2025-12-15,0
0E2DEE345837,2.0,2.0,2.0,32.096969696969694,0.012121212121212121,0.012121212121212121,6.0,2025-12-15,0
0E31C429C185,0.0,0.0,0.0,0.0,0.0,0.0,0.0,2025-12-15,0
0E34282F4B53,1.0,5.0,0.0,35.486486486486484,0.033783783783783786,0.0,6.0,2025-12-15,0
0E3D06A07E94,2.0,7.0,2.0,25877.369863013697,12.58904109589041,0.0273972602739726,11.0,2025-12-15,0
0E3D96237639,4.0,10.0,0.0,75.16774193548387,0.06451612903225806,0.0,14.0,2025-12-15,0
0E41CF7F74D5,2.0,6.0,0.0,29.81132075471698,0.2578616352201258,0.0,8.0,2025-12-15,0
0E462188408C,2.0,1.0,0.0,22.91946308724832,1.0134228187919463,0.0,3.0,2025-12-15,0
0E4CE5FB4405,0.0,2.0,0.0,265.22758620689655,0.496551724137931,0.0,2.0,2025-12-15,0
0E50A5B2E5C4,2.0,3.0,1.0,28.88888888888889,0.018518518518518517,0.006172839506172839,6.0,2025-12-15,0
0E543D410B0C,5.0,7.0,0.0,37.836363636363636,0.04242424242424243,0.0,12.0,2025-12-15,0
0E55F28AB569,2.0,3.0,5.0,4722.828947368421,0.5131578947368421,0.06578947368421052,10.0,2025-12-15,0
0E5A9CEA8093,1.0,6.0,0.0,11.8375,0.0375,0.0,7.0,2025-12-15,0
0E5CD9B19DCB,0.0,0.0,0.0,52.3312101910828,0.01910828025477707,0.0,0.0,2025-12-15,0
0E5DFCF65AD4,4.0,3.0,0.0,738.9769230769231,0.2230769230769231,0.0,7.0,2025-12-15,0
0E61D34F9993,1.0,1.0,0.0,17.546583850931675,0.062111801242236024,0.0,2.0,2025-12-15,0
0E69783262BE,2.0,2.0,0.0,225.45098039215685,0.16993464052287582,0.0,4.0,2025-12-15,0
0E69C64B6E57,3.0,8.0,0.0,107.54193548387097,0.05161290322580645,0.0,11.0,2025-12-15,0
0E6A7794AFC7,1.0,1.0,0.0,23.875776397515526,0.006211180124223602,0.0,2.0,2025-12-15,0
0E6ACE6D3146,2.0,5.0,0.0,78.31333333333333,0.34,0.0,7.0,2025-12-15,0
0E6D2CBAED41,0.0,0.0,0.0,862.5348837209302,1.5891472868217054,0.0,0.0,2025-12-15,0
0E752F1B295C,1.0,3.0,3.0,525.8231292517007,1.2585034013605443,0.02040816326530612,7.0,2025-12-15,0
0E7A8A5414C2,4.0,1.0,0.0,98.17901234567901,0.18518518518518517,0.0,5.0,2025-12-15,0
0E892C46A442,3.0,1.0,0.0,63.77358490566038,1.2578616352201257,0.0,4.0,2025-12-15,0
0E89F7D5B5BD,0.0,0.0,0.0,150.52447552447552,0.45454545454545453,0.04895104895104895,0.0,2025-12-15,0
0E8B8566815B,2.0,3.0,1.0,127.63354037267081,0.13043478260869565,0.006211180124223602,6.0,2025-12-15,0
0E8CF9CA526F,0.0,2.0,0.0,7.175757575757576,0.012121212121212121,0.0,2.0,2025-12-15,0
0E8F36DAB9C2,0.0,2.0,0.0,696.4864864864865,0.6576576576576577,0.0,2.0,2025-12-15,0
0E9761D8EB58,2.0,1.0,0.0,4500.814814814815,10.36111111111111,0.0,3.0,2025-12-15,0
0E9A30D927A5,9.0,5.0,1.0,167.59154929577466,0.23943661971830985,0.007042253521126761,15.0,2025-12-15,0
0E9DC914D8DF,0.0,7.0,0.0,110.37735849056604,0.0440251572327044,0.0,7.0,2025-12-15,0
0EA0447DA91C,0.0,0.0,0.0,5581.025641025641,5.3931623931623935,0.0,0.0,2025-12-15,0
0EA22CFA3A24,3.0,5.0,0.0,164.82467532467533,0.2662337662337662,0.0,8.0,2025-12-15,0
0EA52A2A7581,1.0,5.0,6.0,438.3243243243243,0.2972972972972973,0.04054054054054054,12.0,2025-12-15,0
0EAEFEAEFB09,1.0,1.0,0.0,48.392405063291136,0.44936708860759494,0.0,2.0,2025-12-15,0
0EB04F2114F4,1.0,1.0,0.0,138.02409638554218,0.006024096385542169,0.0,2.0,2025-12-15,0
0EB6B31D8AFB,0.0,1.0,0.0,9.7625,0.00625,0.0,1.0,2025-12-15,0
0EBF1B27CDE1,0.0,0.0,0.0,835.7063492063492,1.2301587301587302,0.0,0.0,2025-12-15,0
0EC8A35D0C20,3.0,7.0,0.0,58.55345911949686,0.0440251572327044,0.0,10.0,2025-12-15,0
0ED0849FD6D8,1.0,3.0,0.0,444.86290322580646,0.4112903225806452,0.0,4.0,2025-12-15,0
0ED1E9DBD593,2.0,3.0,0.0,629.152,0.52,0.0,5.0,2025-12-15,0
0ED4052A2763,1.0,14.0,0.0,427.70186335403724,0.08695652173913043,0.0,15.0,2025-12-15,0
0ED5057ECE3F,1.0,4.0,2.0,801.8962962962963,1.5407407407407407,0.014814814814814815,7.0,2025-12-15,0
0EDC7177CCA9,5.0,2.0,8.0,22985.905982905984,0.6666666666666666,1.0085470085470085,15.0,2025-12-15,0
0EE071F7B24A,5.0,6.0,0.0,49.685534591194966,0.03773584905660377,0.0,11.0,2025-12-15,0
0EE09EDA649F,5.0,0.0,0.0,727.4859154929577,0.07042253521126761,0.0,5.0,2025-12-15,0
0EE317BA7C52,0.0,2.0,5.0,195.61666666666667,0.36666666666666664,0.041666666666666664,7.0,2025-12-15,0
0EE51B79E853,2.0,10.0,0.0,152.67088607594937,0.06329113924050633,0.0,12.0,2025-12-15,0
0EE78E4317BB,3.0,2.0,0.0,123.7,0.14666666666666667,0.0,5.0,2025-12-15,0
0EE9497950EE,3.0,0.0,0.0,40.5125,0.29375,0.0,3.0,2025-12-15,0
0EEA98D1BFDB,3.0,10.0,0.0,21.580645161290324,0.06451612903225806,0.0,13.0,2025-12-15,0
0EECB108FF91,4.0,1.0,0.0,141.49685534591194,0.710691823899371,0.0,5.0,2025-12-15,0
0EF023E6452D,4.0,4.0,1.0,172.75816993464053,0.17647058823529413,0.006535947712418301,9.0,2025-12-15,0
0EF08481B333,0.0,5.0,0.0,3.892405063291139,0.03164556962025317,0.0,5.0,2025-12-15,0
0EF437108E63,1.0,1.0,0.0,281.2700729927007,0.39416058394160586,0.0,2.0,2025-12-15,0
0EF47B410B41,3.0,8.0,0.0,50.93037974683544,0.05063291139240506,0.0,11.0,2025-12-15,0
0EFD600E2623,1.0,1.0,0.0,27.37037037037037,0.006172839506172839,0.0,2.0,2025-12-15,0
0202CB0A6B1F,6.0,3.0,0.0,117.52866242038216,0.19745222929936307,0.0,9.0,2025-12-22,0
02043B6BA08B,4.0,6.0,0.0,41.95483870967742,0.03870967741935484,0.0,10.0,2025-12-22,0
02075B45BF24,2.0,5.0,10.0,64.11612903225806,0.03225806451612903,0.06451612903225806,17.0,2025-12-22,0
02091DF7CCB8,5.0,4.0,15.0,4768.155555555555,2.5555555555555554,0.17777777777777778,24.0,2025-12-22,1
02097AB58D3C,3.0,10.0,0.0,54.5527950310559,0.062111801242236024,0.0,13.0,2025-12-22,0
020CC6FB9659,2.0,2.0,1.0,239.18666666666667,0.44666666666666666,0.006666666666666667,5.0,2025-12-22,0
02132677328F,0.0,0.0,0.0,31.503225806451614,0.0967741935483871,0.0,0.0,2025-12-22,0
02142F017781,0.0,0.0,0.0,0.0,0.0,0.0,0.0,2025-12-22,0
02145826103B,0.0,0.0,0.0,54.94904458598726,0.27388535031847133,0.0,0.0,2025-12-22,0
0217820BFFB2,4.0,8.0,0.0,385.23809523809524,0.32653061224489793,0.0,12.0,2025-12-22,0
02251388D3A2,1.0,3.0,0.0,229.11801242236024,0.018633540372670808,0.0,4.0,2025-12-22,0
0228A99EE35A,2.0,5.0,0.0,31.403726708074533,0.031055900621118012,0.0,7.0,2025-12-22,0
022C6F326E3B,6.0,1.0,0.0,614.6029411764706,0.9852941176470589,0.0,7.0,2025-12-22,0
022DB47C41AC,4.0,3.0,0.0,173.67307692307693,0.16025641025641027,0.0,7.0,2025-12-22,0
023015602FAA,0.0,0.0,0.0,0.0,0.0,0.0,0.0,2025-12-22,0
0230D261A1CD,0.0,1.0,0.0,13.246753246753247,0.07792207792207792,0.0,1.0,2025-12-22,0
0230EEF72435,3.0,3.0,0.0,56.4,1.28125,0.0,6.0,2025-12-22,0
02314F9A9168,2.0,11.0,0.0,87.22222222222223,0.06790123456790123,0.0,13.0,2025-12-22,0
023257D29366,2.0,5.0,0.0,47.08641975308642,0.030864197530864196,0.0,7.0,2025-12-22,0
023270320B57,2.0,1.0,0.0,95.00632911392405,1.0696202531645569,0.0,3.0,2025-12-22,0
02388A18854F,0.0,0.0,0.0,479.816,2.992,0.0,0.0,2025-12-22,0
0239AD51B7AF,4.0,5.0,1.0,207.7748344370861,0.5761589403973509,0.006622516556291391,10.0,2025-12-22,0
023A663EFD87,8.0,8.0,0.0,130.05769230769232,0.5576923076923077,0.0,16.0,2025-12-22,0
023ADDDECF84,3.0,1.0,0.0,2460.1929824561403,1.763157894736842,0.0,4.0,2025-12-22,0
02423E0E6E9F,11.0,12.0,21.0,4722.0252100840335,1.7563025210084033,0.21008403361344538,44.0,2025-12-22,0
024570739DE0,0.0,0.0,0.0,2.0316455696202533,0.0189873417721519,0.0,0.0,2025-12-22,0
02478CD90F3A,1.0,6.0,0.0,41.44444444444444,0.041666666666666664,0.0,7.0,2025-12-22,0
024DD3A9ADCA,2.0,0.0,0.0,203.7762237762238,0.3006993006993007,0.0,2.0,2025-12-22,0
024ED433BF7D,1.0,2.0,1.0,24079.47619047619,15.634920634920634,0.3492063492063492,4.0,2025-12-22,0
0253BB40EDA6,3.0,4.0,0.0,92.32515337423312,0.024539877300613498,0.0,7.0,2025-12-22,0
0257E855DBCE,0.0,0.0,0.0,8562.862745098038,2.3529411764705883,0.37254901960784315,0.0,2025-12-22,0
0259991BA036,3.0,1.0,8.0,1837.6052631578948,1.5175438596491229,0.07017543859649122,12.0,2025-12-22,0
026A6007FA48,6.0,3.0,1.0,238.94155844155844,0.33766233766233766,0.006493506493506494,10.0,2025-12-22,0
027137436C87,5.0,9.0,0.0,81.60240963855422,0.060240963855421686,0.0,14.0,2025-12-22,0
0278E06A2F67,3.0,6.0,0.0,195.25333333333333,0.04,0.0,9.0,2025-12-22,0
0279D2AC6ACE,1.0,11.0,0.0,18.282894736842106,0.07236842105263158,0.0,12.0,2025-12-22,0
027B2DC4EA84,0.0,4.0,0.0,2390.051851851852,0.4888888888888889,0.0,4.0,2025-12-22,0
027D07FC97FC,0.0,8.0,0.0,69.31543624161074,0.053691275167785234,0.0,8.0,2025-12-22,0
027FE9CED489,2.0,1.0,0.0,64.73717948717949,0.5256410256410257,0.0,3.0,2025-12-22,0
028764AA026E,0.0,1.0,0.0,3.734567901234568,0.006172839506172839,0.0,1.0,2025-12-22,0
02892F51E1CB,2.0,2.0,0.0,3009.9719626168226,4.616822429906542,0.0,4.0,2025-12-22,0
0289694A6E5B,1.0,5.0,0.0,238.5211267605634,0.29577464788732394,0.0,6.0,2025-12-22,0
028B24EADDAD,1.0,0.0,0.0,148.89261744966444,0.1610738255033557,0.0,1.0,2025-12-22,0
028CC0AE5719,12.0,9.0,0.0,8837.426229508197,2.2131147540983607,0.0,21.0,2025-12-22,0
0293918A963F,1.0,1.0,0.0,14.402439024390244,0.006097560975609756,0.0,2.0,2025-12-22,0
02980E461859,4.0,6.0,0.0,82.20245398773007,0.03680981595092025,0.0,10.0,2025-12-22,0
029A2B32D17E,3.0,2.0,0.0,677.8888888888889,1.4666666666666666,0.0,5.0,2025-12-22,0
029C03C2BF19,6.0,3.0,0.0,140.8176100628931,0.39622641509433965,0.0,9.0,2025-12-22,0
029DA26B1A92,3.0,11.0,0.0,26.193939393939395,0.07272727272727272,0.0,14.0,2025-12-22,0
02A80292CB97,0.0,0.0,0.0,2248.1439393939395,1.4696969696969697,0.0,0.0,2025-12-22,0
02B5C5ADC792,0.0,0.0,0.0,6785.543209876543,1.0740740740740742,0.024691358024691357,0.0,2025-12-22,0
02B742646A0E,2.0,5.0,0.0,876.2335766423357,0.583941605839416,0.0,7.0,2025-12-22,0
02BAD919855D,2.0,1.0,0.0,96.58741258741259,0.13286713286713286,0.0,3.0,2025-12-22,0
02BD26A4C3A0,1.0,2.0,0.0,13.503105590062113,0.012422360248447204,0.0,3.0,2025-12-22,0
02C0F45F31E7,7.0,6.0,0.0,40109.65517241379,18.091954022988507,0.0,13.0,2025-12-22,0
02CFFA3A3F35,0.0,1.0,0.0,5.744827586206896,0.006896551724137931,0.0,1.0,2025-12-22,0
02D49A34B2FE,5.0,5.0,14.0,10259.4,3.3176470588235296,0.6470588235294118,24.0,2025-12-22,0
02D4DFEF402A,10.0,10.0,0.0,7075.40594059406,9.455445544554456,0.0,20.0,2025-12-22,0
02D7623552C8,3.0,1.0,4.0,1861.1,1.7636363636363637,0.21818181818181817,8.0,2025-12-22,0
02DC03A0F1E6,4.0,12.0,0.0,77.0,0.075,0.0,16.0,2025-12-22,0
02E12310186C,7.0,10.0,0.0,5051.787610619469,0.5132743362831859,0.0,17.0,2025-12-22,0
02EBC6CD4398,2.0,6.0,0.0,32.13725490196079,0.0392156862745098,0.0,8.0,2025-12-22,0
02F093C88F2E,0.0,8.0,0.0,20.05625,0.05,0.0,8.0,2025-12-22,0
02F18EEE028A,10.0,17.0,3.0,1708.2100840336134,0.6890756302521008,0.025210084033613446,30.0,2025-12-22,1
02F56F7C8E0B,2.0,3.0,0.0,112.60975609756098,0.018292682926829267,0.0,5.0,2025-12-22,0
02F5CE7705EC,1.0,0.0,0.0,84.03870967741935,0.5935483870967742,0.0,1.0,2025-12-22,0
02F98EB34A7A,0.0,0.0,0.0,0.0,0.0,0.0,0.0,2025-12-22,0
02FBDD4A2C43,2.0,4.0,0.0,65.28662420382166,0.025477707006369428,0.0,6.0,2025-12-22,0
060C5773A61B,4.0,1.0,0.0,1133.060606060606,1.1136363636363635,0.0,5.0,2025-12-22,0
060EE3CB4779,2.0,6.0,0.0,59.96894409937888,0.2360248447204969,0.0,8.0,2025-12-22,0
06132D7396F8,0.0,0.0,0.0,1171.05223880597,1.3656716417910448,0.0,0.0,2025-12-22,0
0616F247083A,2.0,4.0,0.0,274.76510067114094,0.18791946308724833,0.0,6.0,2025-12-22,0
061A4322745C,0.0,0.0,0.0,2870.4529914529912,1.8888888888888888,0.1794871794871795,0.0,2025-12-22,0
06238EE3BE6C,6.0,6.0,2.0,248.9281045751634,0.3006535947712418,0.013071895424836602,14.0,2025-12-22,0
062EA113798F,0.0,0.0,2.0,717.5211267605633,0.4295774647887324,0.014084507042253521,2.0,2025-12-22,0
0634F78DB4C5,4.0,2.0,0.0,627.224,0.68,0.0,6.0,2025-12-22,0
0639EA5602C1,2.0,3.0,0.0,134.4181818181818,0.01818181818181818,0.0,5.0,2025-12-22,0
0644582257D9,2.0,3.0,0.0,195.46938775510205,0.1564625850340136,0.0,5.0,2025-12-22,0
064AED1EC0AA,1.0,2.0,0.0,53.903225806451616,0.08387096774193549,0.0,3.0,2025-12-22,0
064BE19B0A9E,0.0,0.0,3.0,0.0,0.0,0.018518518518518517,3.0,2025-12-22,0
064C94C771EC,1.0,2.0,0.0,9.896969696969697,0.012121212121212121,0.0,3.0,2025-12-22,0
064E66B5367B,3.0,2.0,0.0,217.05769230769232,0.5384615384615384,0.0,5.0,2025-12-22,0
06509A84E873,1.0,0.0,0.0,973.5625,1.5694444444444444,0.1597222222222222,1.0,2025-12-22,0
065B928716CD,2.0,2.0,0.0,1061.813432835821,2.0597014925373136,0.0,4.0,2025-12-22,0
065C003A8D0C,0.0,2.0,3.0,894.8931297709923,1.5038167938931297,0.022900763358778626,5.0,2025-12-22,0
066430BA5119,0.0,1.0,0.0,4.449101796407185,0.005988023952095809,0.0,1.0,2025-12-22,0
0665C3FE6D67,3.0,7.0,1.0,101.37820512820512,0.04487179487179487,0.00641025641025641,11.0,2025-12-22,0
06711BE6AD2A,1.0,4.0,0.0,43.47133757961783,0.025477707006369428,0.0,5.0,2025-12-22,0
06787526FEB3,3.0,1.0,0.0,589.5488721804511,1.2932330827067668,0.0,4.0,2025-12-22,0
0683D2A8DA42,2.0,5.0,1.0,19.84567901234568,0.030864197530864196,0.006172839506172839,8.0,2025-12-22,0
068553B3AA23,5.0,6.0,0.0,8866.946902654867,1.079646017699115,0.0,11.0,2025-12-22,0
0687F36E02C6,1.0,2.0,0.0,78.52830188679245,0.1761006289308176,0.0,3.0,2025-12-22,0
069357B9F15F,0.0,0.0,0.0,9324.771428571428,4.714285714285714,0.5142857142857142,0.0,2025-12-22,0
06981FD8AA87,4.0,0.0,0.0,524.255033557047,0.12080536912751678,0.0,4.0,2025-12-22,0
069A98DEEB1D,7.0,2.0,1.0,135673.60416666666,16.354166666666668,0.22916666666666666,10.0,2025-12-22,0
06AA1DE70CBF,1.0,3.0,0.0,8.061728395061728,0.018518518518518517,0.0,4.0,2025-12-22,0
06AAA28A5D6B,0.0,0.0,0.0,0.0,0.0,0.0,0.0,2025-12-22,0
06AEE181F595,6.0,6.0,0.0,231.01351351351352,0.3310810810810811,0.0,12.0,2025-12-22,0
06B162DC93E3,7.0,16.0,0.0,1729.1875,0.1111111111111111,0.0,23.0,2025-12-22,0
06B641B75B29,0.0,0.0,0.0,6635.63829787234,10.77659574468085,0.48936170212765956,0.0,2025-12-22,0
06C0D5E3BCDB,8.0,12.0,2.0,7754.41,1.59,0.02,22.0,2025-12-22,0
06C0F27E810B,3.0,1.0,0.0,129.12345679012347,0.15432098765432098,0.0,4.0,2025-12-22,0
06C67619095C,0.0,0.0,0.0,0.0,0.0,0.0,0.0,2025-12-22,0
06C77FEA9550,1.0,1.0,0.0,183.8013698630137,0.6575342465753424,0.0,2.0,2025-12-22,0
06C98DF4F0FA,2.0,2.0,0.0,95.2439024390244,0.012195121951219513,0.0,4.0,2025-12-22,0
06CE0F3CFB3C,2.0,6.0,0.0,194.0126582278481,0.0379746835443038,0.0,8.0,2025-12-22,0
06D0342253A0,6.0,1.0,0.0,219.68789808917197,0.15286624203821655,0.0,7.0,2025-12-22,0
06D388A19D5D,2.0,1.0,0.0,28.11949685534591,0.13836477987421383,0.0,3.0,2025-12-22,0
06D6B7018E15,3.0,12.0,0.0,71.76282051282051,0.07692307692307693,0.0,15.0,2025-12-22,0
06D7F6C73E0C,8.0,19.0,0.0,663.248275862069,0.15172413793103448,0.0,27.0,2025-12-22,0
06D84598CCB4,0.0,0.0,0.0,216.74809160305344,0.12213740458015267,0.0,0.0,2025-12-22,0
06DAF11BD38F,1.0,1.0,0.0,43.88961038961039,0.07792207792207792,0.0,2.0,2025-12-22,0
06EA136A2996,1.0,5.0,0.0,227.67469879518072,0.030120481927710843,0.0,6.0,2025-12-22,0
06EDBAE64B57,1.0,1.0,0.0,12.146341463414634,0.006097560975609756,0.0,2.0,2025-12-22,0
06EEBD283262,3.0,5.0,0.0,109.69277108433735,0.030120481927710843,0.0,8.0,2025-12-22,0
06EFD61B80ED,6.0,9.0,0.0,91.71974522292993,0.05732484076433121,0.0,15.0,2025-12-22,0
06F2469B50EF,0.0,8.0,1.0,205.8255033557047,0.053691275167785234,0.006711409395973154,9.0,2025-12-22,0
06F2CDBD2C41,1.0,5.0,0.0,113.54362416107382,0.2214765100671141,0.0,6.0,2025-12-22,0
06F40EA87663,3.0,10.0,0.0,66.50314465408805,0.06289308176100629,0.0,13.0,2025-12-22,0
06F49BD8F572,4.0,2.0,1.0,47.72549019607843,0.09803921568627451,0.006535947712418301,7.0,2025-12-22,0
06FDA7D7B22A,1.0,1.0,0.0,6.337423312883436,0.006134969325153374,0.0,2.0,2025-12-22,0
06FFEC2EFA5E,0.0,0.0,0.0,625.2014925373135,0.8582089552238806,0.0,0.0,2025-12-22,0
0A0B47664A85,0.0,1.0,0.0,51.67484662576687,0.2883435582822086,0.0,1.0,2025-12-22,0
0A10201AFE0A,2.0,8.0,0.0,24.56875,0.05,0.0,10.0,2025-12-22,0
0A1037E90A63,2.0,2.0,0.0,104.7439024390244,0.012195121951219513,0.0,4.0,2025-12-22,0
0A10A5A5056E,2.0,6.0,2.0,76.77018633540372,0.21739130434782608,0.012422360248447204,10.0,2025-12-22,0
0A15BC628AFC,0.0,0.0,0.0,0.0,0.0,0.0,0.0,2025-12-22,0
0A182EFD3C61,1.0,0.0,0.0,91.11029411764706,0.6691176470588235,0.0,1.0,2025-12-22,0
0A184A2E46B7,5.0,1.0,0.0,125.2360248447205,1.5962732919254659,0.0,6.0,2025-12-22,0
0A19C62F4F6D,0.0,1.0,0.0,92.64968152866243,0.1337579617834395,0.0,1.0,2025-12-22,0
0A1FB1C98A92,0.0,0.0,0.0,40.2875,0.15625,0.0,0.0,2025-12-22,0
0A23474F1944,3.0,3.0,0.0,28.506410256410255,0.23076923076923078,0.0,6.0,2025-12-22,0
0A25F6E3466C,0.0,0.0,3.0,1103.280701754386,1.5087719298245614,0.02631578947368421,3.0,2025-12-22,0
0A268A7E40CD,3.0,1.0,0.0,111.99375,0.11875,0.0,4.0,2025-12-22,0
0A272C5A2C9B,1.0,2.0,0.0,17.55,0.0125,0.0,3.0,2025-12-22,0
0A2778A31BE3,0.0,1.0,0.0,6.0062893081761,0.006289308176100629,0.0,1.0,2025-12-22,0
0A3528D089D9,1.0,11.0,0.0,27.93167701863354,0.06832298136645963,0.0,12.0,2025-12-22,0
0A3983033084,2.0,1.0,0.0,168.7019867549669,0.10596026490066225,0.0,3.0,2025-12-22,0
0A42B2DB6370,1.0,1.0,0.0,4.7272727272727275,0.006060606060606061,0.0,2.0,2025-12-22,0
0A4673793B3E,2.0,2.0,0.0,7.6397515527950315,0.012422360248447204,0.0,4.0,2025-12-22,0
0A485668F5C0,3.0,0.0,0.0,185.95833333333334,0.2638888888888889,0.0,3.0,2025-12-22,0
0A4C884F240A,1.0,0.0,3.0,194.6326530612245,0.41496598639455784,0.02040816326530612,4.0,2025-12-22,0
0A4E33E2692B,3.0,0.0,0.0,480.40425531914894,0.6170212765957447,0.0,3.0,2025-12-22,0
0A52DDE896BF,0.0,0.0,0.0,120.4342105263158,0.4473684210526316,0.0,0.0,2025-12-22,0
0A55DA266F71,0.0,0.0,0.0,79.43225806451613,0.10967741935483871,0.0,0.0,2025-12-22,0
0A57338657F8,6.0,3.0,0.0,28.79245283018868,0.18238993710691823,0.0,9.0,2025-12-22,0
0A57A684E20B,1.0,6.0,0.0,45.01307189542484,0.0392156862745098,0.0,7.0,2025-12-22,0
0A5C1439B384,3.0,4.0,0.0,121.73006134969326,0.024539877300613498,0.0,7.0,2025-12-22,0
0A5D017E401E,0.0,0.0,0.0,311.4012738853503,0.2356687898089172,0.0,0.0,2025-12-22,0
0A5E96449374,2.0,0.0,0.0,1079.0916666666667,1.1083333333333334,0.0,2.0,2025-12-22,0
0A61E3165158,2.0,0.0,1.0,66.1219512195122,0.12804878048780488,0.006097560975609756,3.0,2025-12-22,0
0A62EECEEBD1,3.0,2.0,0.0,2752.3555555555554,0.1925925925925926,0.0,5.0,2025-12-22,0
0A6324E3E043,3.0,11.0,4.0,55.86335403726708,0.07453416149068323,0.031055900621118012,18.0,2025-12-22,0
0A6390E0FBA4,0.0,0.0,0.0,1638.9770992366412,2.3435114503816794,0.0,0.0,2025-12-22,0
0A663B6B4B28,1.0,0.0,1.0,245.8227848101266,1.860759493670886,0.006329113924050633,2.0,2025-12-22,0
0A682ED9C6DD,2.0,4.0,0.0,46.721518987341774,0.02531645569620253,0.0,6.0,2025-12-22,0
0A68A2032450,0.0,0.0,0.0,444.1496062992126,0.2755905511811024,0.0,0.0,2025-12-22,0
0A68DF0B3D07,4.0,14.0,0.0,60.70253164556962,0.08860759493670886,0.0,18.0,2025-12-22,0
0A68F38A6ACF,6.0,0.0,0.0,66.8108108108108,0.10810810810810811,0.0,6.0,2025-12-22,0
0A6C571A1550,1.0,2.0,0.0,9.06547619047619,0.011904761904761904,0.0,3.0,2025-12-22,0
0A6D3595373D,3.0,8.0,1.0,129.74233128834356,0.049079754601226995,0.006134969325153374,12.0,2025-12-22,0
0A6DA0C82CCB,0.0,1.0,0.0,10.66060606060606,0.006060606060606061,0.0,1.0,2025-12-22,0
0A71A6F9D6C6,4.0,15.0,0.0,67.49044585987261,0.10191082802547771,0.0,19.0,2025-12-22,0
0A78FAF47B00,1.0,2.0,0.0,52.60377358490566,0.15723270440251572,0.0,3.0,2025-12-22,0
0A7AAFDD9E11,2.0,10.0,0.0,115.09154929577464,0.07042253521126761,0.0,12.0,2025-12-22,1
0A7AC5BDAF86,0.0,6.0,0.0,10.2375,0.0375,0.0,6.0,2025-12-22,0
0A800188C20F,1.0,11.0,0.0,222.6711409395973,0.0738255033557047,0.0,12.0,2025-12-22,0
0A8407CF4D85,2.0,8.0,0.0,47.67515923566879,0.050955414012738856,0.0,10.0,2025-12-22,0
0A87B8C2734F,3.0,0.0,0.0,85.49367088607595,0.11392405063291139,0.0,3.0,2025-12-22,0
0A8EA87BB037,6.0,1.0,0.0,65.24848484848485,0.20606060606060606,0.0,7.0,2025-12-22,0
0A9547C11A56,5.0,3.0,2.0,42858.69696969697,8.136363636363637,0.030303030303030304,10.0,2025-12-22,1
0A96EACD8070,0.0,0.0,0.0,433.7655172413793,1.4206896551724137,0.0,0.0,2025-12-22,0
0A974F5D7D8C,2.0,3.0,3.0,118.35668789808918,0.15286624203821655,0.01910828025477707,8.0,2025-12-22,0
0A9A3BFD6C9B,5.0,4.0,0.0,41.372549019607845,0.2875816993464052,0.0,9.0,2025-12-22,0
0AA18F330F59,3.0,0.0,1.0,133411.0,44.62162162162162,0.02702702702702703,4.0,2025-12-22,0
0AA2818A7B27,1.0,1.0,0.0,138.22699386503066,0.006134969325153374,0.0,2.0,2025-12-22,0
0AA296FF247D,3.0,1.0,0.0,156.7112676056338,0.14788732394366197,0.0,4.0,2025-12-22,0
0AA2F2CAB50B,2.0,1.0,0.0,972.5873015873016,2.7698412698412698,0.0,3.0,2025-12-22,0
0AA3F18DE550,0.0,0.0,0.0,133.9935064935065,0.09090909090909091,0.0,0.0,2025-12-22,0
0AA473D2FC17,0.0,2.0,3.0,92.87820512820512,0.11538461538461539,0.019230769230769232,5.0,2025-12-22,0
0AA4B065E5A5,3.0,14.0,0.0,56.901234567901234,0.08641975308641975,0.0,17.0,2025-12-22,0
0AA9051FFFFA,1.0,4.0,0.0,49.12658227848101,0.02531645569620253,0.0,5.0,2025-12-22,0
0AB5F9C21BF8,0.0,0.0,0.0,7951.767857142857,3.5267857142857144,0.15178571428571427,0.0,2025-12-22,0
0AB6B45C775A,1.0,1.0,0.0,62.08391608391609,0.44755244755244755,0.0,2.0,2025-12-22,0
0AB97B7632EB,1.0,2.0,0.0,507.2969696969697,0.012121212121212121,0.0,3.0,2025-12-22,0
0ABC8E60F4C1,1.0,1.0,0.0,171.51048951048952,0.055944055944055944,0.0,2.0,2025-12-22,0
0ABD2E513F79,1.0,0.0,0.0,119.94267515923566,0.10828025477707007,0.0,1.0,2025-12-22,0
0ABE42BE4165,2.0,19.0,0.0,30.031446540880502,0.11949685534591195,0.0,21.0,2025-12-22,0
0AC437023B18,0.0,0.0,0.0,19742.0,15.0,0.0,0.0,2025-12-22,0
0AD276FC5E27,3.0,3.0,0.0,3137.731092436975,1.0168067226890756,0.0,6.0,2025-12-22,0
0AD2C92E9756,3.0,3.0,0.0,84.89024390243902,0.024390243902439025,0.0,6.0,2025-12-22,0
0ADD02AB693D,12.0,9.0,0.0,1567.7633587786258,0.8702290076335878,0.0,21.0,2025-12-22,0
0AE03793586F,1.0,2.0,0.0,24.222929936305732,0.012738853503184714,0.0,3.0,2025-12-22,0
0AE21E7A17E4,0.0,1.0,0.0,76.0125,0.275,0.0,1.0,2025-12-22,0
0AE6BF39C720,2.0,5.0,0.0,100.1025641025641,0.23717948717948717,0.0,7.0,2025-12-22,0
0AEF10F3A994,4.0,11.0,0.0,39.6625,0.08125,0.0,15.0,2025-12-22,0
0AF1F0E3B640,3.0,6.0,0.0,98.22641509433963,0.03773584905660377,0.0,9.0,2025-12-22,0
0AF51D7D0F73,2.0,0.0,0.0,370.312925170068,0.32653061224489793,0.0,2.0,2025-12-22,0
0AF8DCB98E4B,0.0,0.0,0.0,3691.451327433628,1.238938053097345,0.0,0.0,2025-12-22,0
0AF9846E92DD,2.0,0.0,0.0,313.85271317829455,0.2713178294573643,0.0,2.0,2025-12-22,0
0AFB7B311996,3.0,3.0,1.0,50.34969325153374,0.018404907975460124,0.006134969325153374,7.0,2025-12-22,0
0AFE702BB093,3.0,4.0,1.0,1667.9375,3.6041666666666665,0.010416666666666666,8.0,2025-12-22,0
0AFFC263C0D9,0.0,0.0,0.0,1280.0833333333333,0.9074074074074074,0.1111111111111111,0.0,2025-12-22,0
0E03D8F69853,1.0,0.0,0.0,857.4883720930233,1.2093023255813953,0.0,1.0,2025-12-22,0
0E0A8D6EB6B9,14.0,11.0,0.0,2381.7555555555555,1.1333333333333333,0.0,25.0,2025-12-22,0
0E0C3EB7915D,0.0,0.0,0.0,6.54140127388535,0.06369426751592357,0.0,0.0,2025-12-22,0
0E0E2996F51A,4.0,1.0,0.0,213.10596026490066,0.31125827814569534,0.0,5.0,2025-12-22,0
0E113B01A9A2,5.0,7.0,0.0,17144.2,1.5333333333333334,0.0,12.0,2025-12-22,0
0E11F69747A8,1.0,1.0,0.0,33.87116564417178,0.006134969325153374,0.0,2.0,2025-12-22,0
0E121B6B8661,2.0,1.0,1.0,76.3558282208589,0.11042944785276074,0.006134969325153374,4.0,2025-12-22,0
0E1B6F4DBA34,3.0,1.0,0.0,98.67763157894737,0.46710526315789475,0.0,4.0,2025-12-22,0
0E1C622E61BC,1.0,6.0,0.0,69.13157894736842,0.039473684210526314,0.0,7.0,2025-12-22,0
0E1D7CA1DB0C,3.0,2.0,0.0,40.42944785276074,0.15950920245398773,0.0,5.0,2025-12-22,0
0E21C239D865,1.0,4.0,0.0,24.1375,0.025,0.0,5.0,2025-12-22,0
0E2575C7EE05,4.0,1.0,0.0,174.43589743589743,0.11538461538461539,0.0,5.0,2025-12-22,0
0E2728C481CA,0.0,1.0,2.0,227.13571428571427,0.5642857142857143,0.02142857142857143,3.0,2025-12-22,0
0E293C5E4650,1.0,1.0,0.0,91.76875,0.125,0.0,2.0,2025-12-22,0
0E2DEE345837,2.0,6.0,0.0,39.207317073170735,0.036585365853658534,0.0,8.0,2025-12-22,0
0E31C429C185,2.0,2.0,0.0,250.64331210191082,0.012738853503184714,0.0,4.0,2025-12-22,0
0E34282F4B53,1.0,3.0,0.0,62.19620253164557,0.0189873417721519,0.0,4.0,2025-12-22,0
0E3D06A07E94,0.0,0.0,0.0,15895.57142857143,10.285714285714286,0.0,0.0,2025-12-22,0
0E3D96237639,1.0,6.0,0.0,21.736526946107784,0.03592814371257485,0.0,7.0,2025-12-22,0
0E41CF7F74D5,1.0,2.0,0.0,26.19254658385093,0.19875776397515527,0.0,3.0,2025-12-22,0
0E462188408C,0.0,1.0,0.0,16.70440251572327,1.050314465408805,0.0,1.0,2025-12-22,0
0E4CE5FB4405,0.0,1.0,0.0,227.4228187919463,0.3624161073825503,0.0,1.0,2025-12-22,0
0E50A5B2E5C4,2.0,3.0,0.0,66.80645161290323,0.01935483870967742,0.0,5.0,2025-12-22,0
0E543D410B0C,2.0,3.0,0.0,16.047619047619047,0.027210884353741496,0.0,5.0,2025-12-22,0
0E55F28AB569,4.0,5.0,3.0,7202.05504587156,1.055045871559633,0.1651376146788991,12.0,2025-12-22,0
0E5A9CEA8093,8.0,22.0,0.0,128.2173913043478,0.13664596273291926,0.0,30.0,2025-12-22,0
0E5CD9B19DCB,0.0,4.0,0.0,177.11801242236024,0.024844720496894408,0.0,4.0,2025-12-22,0
0E5DFCF65AD4,7.0,2.0,0.0,1401.2481751824816,0.29927007299270075,0.0,9.0,2025-12-22,0
0E61D34F9993,0.0,1.0,0.0,8.981707317073171,0.07317073170731707,0.0,1.0,2025-12-22,0
0E69783262BE,3.0,0.0,2.0,162.16447368421052,0.09868421052631579,0.013157894736842105,5.0,2025-12-22,0
0E69C64B6E57,0.0,6.0,0.0,36.73456790123457,0.037037037037037035,0.0,6.0,2025-12-22,0
0E6A7794AFC7,2.0,3.0,0.0,136.96319018404907,0.018404907975460124,0.0,5.0,2025-12-22,0
0E6ACE6D3146,1.0,6.0,0.0,37.278481012658226,0.25949367088607594,0.0,7.0,2025-12-22,0
0E6D2CBAED41,4.0,1.0,0.0,904.1578947368421,1.7593984962406015,0.0,5.0,2025-12-22,0
0E752F1B295C,8.0,3.0,4.0,1480.4125874125873,1.8601398601398602,0.027972027972027972,15.0,2025-12-22,0
0E7A8A5414C2,3.0,5.0,0.0,72.45962732919254,0.2360248447204969,0.0,8.0,2025-12-22,0
0E892C46A442,2.0,2.0,0.0,75.71794871794872,1.5705128205128205,0.0,4.0,2025-12-22,0
0E89F7D5B5BD,2.0,1.0,7.0,192.60283687943263,0.5390070921985816,0.05673758865248227,10.0,2025-12-22,0
0E8B8566815B,3.0,1.0,0.0,141.00653594771242,0.0915032679738562,0.0,4.0,2025-12-22,0
0E8CF9CA526F,1.0,9.0,0.0,35.5527950310559,0.055900621118012424,0.0,10.0,2025-12-22,0
0E8F36DAB9C2,0.0,0.0,0.0,575.4521739130435,0.4608695652173913,0.0,0.0,2025-12-22,0
0E9761D8EB58,2.0,1.0,0.0,5097.858407079646,10.221238938053098,0.0,3.0,2025-12-22,0
0E9A30D927A5,12.0,9.0,11.0,1311.063492063492,0.8174603174603174,0.0873015873015873,32.0,2025-12-22,0
0E9DC914D8DF,0.0,4.0,0.0,36.08024691358025,0.024691358024691357,0.0,4.0,2025-12-22,0
0EA0447DA91C,1.0,0.0,0.0,5373.938596491228,4.491228070175438,0.0,1.0,2025-12-22,0
0EA22CFA3A24,2.0,9.0,0.0,175.7077922077922,0.3246753246753247,0.0,11.0,2025-12-22,0
0EA52A2A7581,0.0,1.0,15.0,384.26119402985074,0.4925373134328358,0.11940298507462686,16.0,2025-12-22,0
0EAEFEAEFB09,2.0,6.0,0.0,62.546583850931675,0.577639751552795,0.0,8.0,2025-12-22,0
0EB04F2114F4,0.0,0.0,0.0,0.0,0.0,0.0,0.0,2025-12-22,0
0EB6B31D8AFB,3.0,4.0,0.0,111.40880503144655,0.025157232704402517,0.0,7.0,2025-12-22,0
0EBF1B27CDE1,0.0,0.0,2.0,779.0,1.291044776119403,0.014925373134328358,2.0,2025-12-22,0
0EC8A35D0C20,3.0,9.0,0.0,51.735849056603776,0.06289308176100629,0.0,12.0,2025-12-22,0
0ED0849FD6D8,1.0,2.0,0.0,542.8,0.4413793103448276,0.0,3.0,2025-12-22,0
0ED1E9DBD593,6.0,3.0,0.0,1087.8625954198474,0.6106870229007634,0.0,9.0,2025-12-22,0
0ED4052A2763,0.0,13.0,0.0,138.12025316455697,0.08227848101265822,0.0,13.0,2025-12-22,0
0ED5057ECE3F,6.0,0.0,3.0,846.2446043165468,1.2589928057553956,0.02158273381294964,9.0,2025-12-22,0
0EDC7177CCA9,1.0,1.0,2.0,12601.939130434783,0.3565217391304348,0.8,4.0,2025-12-22,0
0EE071F7B24A,2.0,2.0,0.0,35.96103896103896,0.012987012987012988,0.0,4.0,2025-12-22,0
0EE09EDA649F,0.0,4.0,0.0,34.2751677852349,0.026845637583892617,0.0,4.0,2025-12-22,0
0EE317BA7C52,3.0,2.0,5.0,205.71428571428572,0.3523809523809524,0.047619047619047616,10.0,2025-12-22,0
0EE51B79E853,4.0,8.0,0.0,139.74233128834356,0.05521472392638037,0.0,12.0,2025-12-22,0
0EE78E4317BB,4.0,2.0,0.0,164.25,0.14864864864864866,0.0,6.0,2025-12-22,0
0EE9497950EE,7.0,0.0,0.0,58.95031055900621,0.2981366459627329,0.0,7.0,2025-12-22,0
0EEA98D1BFDB,0.0,6.0,0.0,5.814569536423841,0.046357615894039736,0.0,6.0,2025-12-22,0
0EECB108FF91,2.0,1.0,0.0,138.73509933774835,0.7880794701986755,0.0,3.0,2025-12-22,0
0EF023E6452D,1.0,4.0,0.0,146.2751677852349,0.18120805369127516,0.0,5.0,2025-12-22,0
0EF08481B333,4.0,7.0,0.0,21.48125,0.05,0.0,11.0,2025-12-22,0
0EF437108E63,5.0,1.0,0.0,403.06666666666666,0.42962962962962964,0.0,6.0,2025-12-22,0
0EF47B410B41,1.0,5.0,0.0,11.275641025641026,0.03205128205128205,0.0,6.0,2025-12-22,0
0EFD600E2623,3.0,4.0,0.0,45.25748502994012,0.023952095808383235,0.0,7.0,2025-12-22,0
0202CB0A6B1F,6.0,3.0,0.0,135.62025316455697,0.1518987341772152,0.0,9.0,2025-12-29,0
02043B6BA08B,2.0,3.0,0.0,11.18421052631579,0.019736842105263157,0.0,5.0,2025-12-29,0
02075B45BF24,1.0,4.0,7.0,42.869565217391305,0.024844720496894408,0.043478260869565216,12.0,2025-12-29,0
02091DF7CCB8,6.0,4.0,9.0,9595.197674418605,4.372093023255814,0.4883720930232558,19.0,2025-12-29,0
02097AB58D3C,1.0,4.0,0.0,40.175,0.025,0.0,5.0,2025-12-29,0
020CC6FB9659,2.0,3.0,0.0,299.35099337748346,0.5231788079470199,0.0,5.0,2025-12-29,0
02132677328F,0.0,0.0,0.0,36.9746835443038,0.08860759493670886,0.0,0.0,2025-12-29,0
02142F017781,1.0,1.0,1.0,110.1863354037267,0.006211180124223602,0.006211180124223602,3.0,2025-12-29,0
02145826103B,2.0,1.0,0.0,92.56603773584905,0.32075471698113206,0.0,3.0,2025-12-29,0
0217820BFFB2,1.0,5.0,0.0,242.9811320754717,0.22641509433962265,0.0,6.0,2025-12-29,0
02251388D3A2,0.0,3.0,0.0,32.590062111801245,0.018633540372670808,0.0,3.0,2025-12-29,0
0228A99EE35A,0.0,2.0,0.0,3.220779220779221,0.012987012987012988,0.0,2.0,2025-12-29,0
022C6F326E3B,9.0,11.0,0.0,10962.4,5.01,0.0,20.0,2025-12-29,0
022DB47C41AC,3.0,2.0,1.0,299.90909090909093,0.2077922077922078,0.006493506493506494,6.0,2025-12-29,0
023015602FAA,2.0,2.0,0.0,91.21212121212122,0.012121212121212121,0.0,4.0,2025-12-29,0
0230D261A1CD,0.0,9.0,0.0,17.634615384615383,0.057692307692307696,0.0,9.0,2025-12-29,0
0230EEF72435,3.0,3.0,0.0,78.95394736842105,1.25,0.0,6.0,2025-12-29,0
02314F9A9168,3.0,18.0,1.0,1130.1812080536913,0.46308724832214765,0.006711409395973154,22.0,2025-12-29,0
023257D29366,2.0,5.0,0.0,100.07831325301204,0.030120481927710843,0.0,7.0,2025-12-29,0
023270320B57,4.0,1.0,0.0,91.41614906832298,0.84472049689441,0.0,5.0,2025-12-29,0
02388A18854F,0.0,0.0,0.0,300.6484375,2.4375,0.0,0.0,2025-12-29,0
0239AD51B7AF,5.0,6.0,0.0,268.5064935064935,0.5194805194805194,0.0,11.0,2025-12-29,0
023A663EFD87,6.0,6.0,0.0,145.9811320754717,0.6729559748427673,0.0,12.0,2025-12-29,0
023ADDDECF84,1.0,2.0,1.0,1548.9851851851852,1.5037037037037038,0.007407407407407408,4.0,2025-12-29,0
02423E0E6E9F,4.0,11.0,6.0,21765.471153846152,4.413461538461538,0.7403846153846154,21.0,2025-12-29,0
024570739DE0,0.0,4.0,0.0,2.674698795180723,0.024096385542168676,0.0,4.0,2025-12-29,0
02478CD90F3A,3.0,5.0,0.0,113.50666666666666,0.03333333333333333,0.0,8.0,2025-12-29,0
024DD3A9ADCA,1.0,0.0,0.0,138.46938775510205,0.23129251700680273,0.0,1.0,2025-12-29,0
024ED433BF7D,1.0,0.0,1.0,11085.6,8.133333333333333,0.09333333333333334,2.0,2025-12-29,0
0253BB40EDA6,1.0,4.0,0.0,28.240963855421686,0.024096385542168676,0.0,5.0,2025-12-29,0
0257E855DBCE,0.0,0.0,0.0,979.5357142857143,0.6142857142857143,0.07142857142857142,0.0,2025-12-29,0
0259991BA036,0.0,0.0,6.0,1010.144,1.208,0.048,6.0,2025-12-29,1
026A6007FA48,1.0,0.0,0.0,135.03125,0.26875,0.0,1.0,2025-12-29,0
027137436C87,1.0,10.0,0.0,28.365269461077844,0.0658682634730539,0.0,11.0,2025-12-29,0
0278E06A2F67,2.0,4.0,0.0,71.09740259740259,0.025974025974025976,0.0,6.0,2025-12-29,0
0279D2AC6ACE,3.0,7.0,0.0,15.542483660130719,0.0457516339869281,0.0,10.0,2025-12-29,0
027B2DC4EA84,0.0,1.0,0.0,1140.2971014492753,0.2536231884057971,0.0,1.0,2025-12-29,0
027D07FC97FC,0.0,4.0,0.0,11.102564102564102,0.02564102564102564,0.0,4.0,2025-12-29,0
027FE9CED489,2.0,0.0,0.0,62.629629629629626,0.5555555555555556,0.0,2.0,2025-12-29,0
028764AA026E,0.0,1.0,0.0,3.3271604938271606,0.006172839506172839,0.0,1.0,2025-12-29,0
02892F51E1CB,5.0,1.0,0.0,5747.617647058823,6.068627450980392,0.0,6.0,2025-12-29,0
0289694A6E5B,5.0,5.0,0.0,473.37410071942446,0.2733812949640288,0.0,10.0,2025-12-29,0
028B24EADDAD,5.0,3.0,0.0,803.3758389261745,0.46308724832214765,0.0,8.0,2025-12-29,0
028CC0AE5719,9.0,7.0,0.0,18546.666666666668,3.216666666666667,0.0,16.0,2025-12-29,0
0293918A963F,2.0,2.0,0.0,33.19631901840491,0.012269938650306749,0.0,4.0,2025-12-29,0
02980E461859,4.0,5.0,0.0,77.07407407407408,0.030864197530864196,0.0,9.0,2025-12-29,0
029A2B32D17E,1.0,0.0,0.0,484.09027777777777,1.2708333333333333,0.0,1.0,2025-12-29,0
029C03C2BF19,2.0,0.0,0.0,66.98113207547169,0.2578616352201258,0.0,2.0,2025-12-29,0
029DA26B1A92,1.0,12.0,0.0,16.703703703703702,0.07407407407407407,0.0,13.0,2025-12-29,0
02A80292CB97,0.0,0.0,0.0,583.9733333333334,0.74,0.0,0.0,2025-12-29,0
02B5C5ADC792,0.0,0.0,0.0,1515.258064516129,0.4032258064516129,0.016129032258064516,0.0,2025-12-29,0
02B742646A0E,0.0,1.0,0.0,215.24666666666667,0.2866666666666667,0.0,1.0,2025-12-29,0
02BAD919855D,4.0,3.0,0.0,175.77304964539007,0.18439716312056736,0.0,7.0,2025-12-29,0
02BD26A4C3A0,2.0,4.0,0.0,19.23926380368098,0.024539877300613498,0.0,6.0,2025-12-29,0
02C0F45F31E7,9.0,0.0,0.0,174419.15151515152,42.81818181818182,0.0,9.0,2025-12-29,0
02CFFA3A3F35,2.0,4.0,0.0,79.95,0.025,0.0,6.0,2025-12-29,0
02D49A34B2FE,1.0,0.0,2.0,3695.674157303371,1.9775280898876404,0.2696629213483146,3.0,2025-12-29,0
02D4DFEF402A,7.0,5.0,1.0,11087.896551724138,14.931034482758621,0.017241379310344827,13.0,2025-12-29,0
02D7623552C8,6.0,4.0,4.0,2751.8467741935483,2.1370967741935485,0.24193548387096775,14.0,2025-12-29,0
02DC03A0F1E6,1.0,4.0,0.0,38.21604938271605,0.024691358024691357,0.0,5.0,2025-12-29,0
02E12310186C,8.0,12.0,2.0,31520.955555555556,1.6222222222222222,0.022222222222222223,22.0,2025-12-29,0
02EBC6CD4398,1.0,4.0,0.0,20.333333333333332,0.025157232704402517,0.0,5.0,2025-12-29,0
02F093C88F2E,0.0,1.0,0.0,77.17610062893081,0.11949685534591195,0.0,1.0,2025-12-29,0
02F18EEE028A,8.0,9.0,7.0,6551.649484536082,1.4536082474226804,0.07216494845360824,24.0,2025-12-29,0
02F56F7C8E0B,3.0,3.0,0.0,117.43827160493827,0.018518518518518517,0.0,6.0,2025-12-29,0
02F5CE7705EC,3.0,1.0,0.0,137.15923566878982,0.6878980891719745,0.0,4.0,2025-12-29,0
02F98EB34A7A,7.0,10.0,0.0,45.1437125748503,0.059880239520958084,0.0,17.0,2025-12-29,0
02FBDD4A2C43,1.0,5.0,0.0,15.175,0.03125,0.0,6.0,2025-12-29,0
060C5773A61B,2.0,2.0,0.0,912.6074074074074,1.1481481481481481,0.0,4.0,2025-12-29,0
060EE3CB4779,3.0,1.0,0.0,38.5375,0.1125,0.0,4.0,2025-12-29,0
06132D7396F8,1.0,0.0,0.0,1535.0740740740741,1.1925925925925926,0.0,1.0,2025-12-29,0
0616F247083A,1.0,1.0,0.0,249.31944444444446,0.18055555555555555,0.0,2.0,2025-12-29,0
061A4322745C,0.0,0.0,0.0,2252.63025210084,1.1176470588235294,0.16806722689075632,0.0,2025-12-29,0
06238EE3BE6C,4.0,2.0,1.0,160.4516129032258,0.1935483870967742,0.0064516129032258064,7.0,2025-12-29,0
062EA113798F,0.0,0.0,0.0,138.40764331210192,0.1464968152866242,0.0,0.0,2025-12-29,0
0634F78DB4C5,1.0,1.0,0.0,455.3880597014925,0.6940298507462687,0.0,2.0,2025-12-29,0
0639EA5602C1,0.0,5.0,0.0,28.170731707317074,0.03048780487804878,0.0,5.0,2025-12-29,0
0644582257D9,2.0,0.0,0.0,201.81506849315068,0.1506849315068493,0.0,2.0,2025-12-29,0
064AED1EC0AA,5.0,0.0,0.0,273.00666666666666,0.12,0.0,5.0,2025-12-29,0
064BE19B0A9E,1.0,1.0,6.0,65.50641025641026,0.00641025641025641,0.038461538461538464,8.0,2025-12-29,0
064C94C771EC,2.0,2.0,0.0,94.26086956521739,0.012422360248447204,0.0,4.0,2025-12-29,0
064E66B5367B,1.0,0.0,0.0,165.5,0.27848101265822783,0.0,1.0,2025-12-29,0
06509A84E873,0.0,0.0,0.0,147.23225806451612,0.6451612903225806,0.012903225806451613,0.0,2025-12-29,0
065B928716CD,1.0,2.0,0.0,944.1818181818181,1.9090909090909092,0.0,3.0,2025-12-29,0
065C003A8D0C,1.0,0.0,3.0,960.1259259259259,1.4074074074074074,0.022222222222222223,4.0,2025-12-29,0
066430BA5119,0.0,1.0,0.0,1.9024390243902438,0.006097560975609756,0.0,1.0,2025-12-29,0
0665C3FE6D67,3.0,4.0,0.0,310.1923076923077,0.02564102564102564,0.0,7.0,2025-12-29,0
06711BE6AD2A,3.0,7.0,0.0,118.6625,0.04375,0.0,10.0,2025-12-29,0
06787526FEB3,2.0,7.0,0.0,1150.8345323741007,1.9064748201438848,0.0,9.0,2025-12-29,0
0683D2A8DA42,2.0,3.0,0.0,20.65359477124183,0.0196078431372549,0.0,5.0,2025-12-29,0
068553B3AA23,3.0,10.0,2.0,33130.12790697674,2.7209302325581395,0.023255813953488372,15.0,2025-12-29,0
0687F36E02C6,1.0,0.0,0.0,54.1,0.125,0.0,1.0,2025-12-29,0
069357B9F15F,0.0,0.0,0.0,948.3917525773196,1.2061855670103092,0.05154639175257732,0.0,2025-12-29,0
06981FD8AA87,4.0,2.0,0.0,350.4709677419355,0.16129032258064516,0.0,6.0,2025-12-29,0
069A98DEEB1D,3.0,1.0,2.0,96956.53191489361,16.914893617021278,0.3191489361702128,6.0,2025-12-29,0
06AA1DE70CBF,2.0,2.0,0.0,26.233128834355828,0.012269938650306749,0.0,4.0,2025-12-29,0
06AAA28A5D6B,0.0,0.0,0.0,0.0,0.0,0.0,0.0,2025-12-29,0
06AEE181F595,2.0,2.0,0.0,103.73469387755102,0.272108843537415,0.0,4.0,2025-12-29,0
06B162DC93E3,5.0,16.0,1.0,3441.5172413793102,0.1103448275862069,0.006896551724137931,22.0,2025-12-29,0
06B641B75B29,0.0,0.0,0.0,3681.4851485148515,6.227722772277228,0.12871287128712872,0.0,2025-12-29,0
06C0D5E3BCDB,4.0,7.0,11.0,44306.91379310345,3.8448275862068964,0.1896551724137931,22.0,2025-12-29,0
06C0F27E810B,1.0,2.0,0.0,455.55555555555554,0.19444444444444445,0.0,3.0,2025-12-29,0
06C67619095C,2.0,2.0,0.0,174.6772151898734,0.012658227848101266,0.0,4.0,2025-12-29,0
06C77FEA9550,1.0,1.0,0.0,189.1456953642384,0.5695364238410596,0.0,2.0,2025-12-29,0
06C98DF4F0FA,1.0,1.0,0.0,25.21604938271605,0.006172839506172839,0.0,2.0,2025-12-29,0
06CE0F3CFB3C,2.0,9.0,0.0,96.40259740259741,0.05844155844155844,0.0,11.0,2025-12-29,0
06D0342253A0,2.0,1.0,0.0,231.0774193548387,0.13548387096774195,0.0,3.0,2025-12-29,0
06D388A19D5D,1.0,0.0,0.0,6.440993788819876,0.09316770186335403,0.0,1.0,2025-12-29,0
06D6B7018E15,3.0,14.0,0.0,219.9245283018868,0.11320754716981132,0.0,17.0,2025-12-29,0
06D7F6C73E0C,7.0,3.0,0.0,1476.2721088435374,0.23809523809523808,0.0,10.0,2025-12-29,1
06D84598CCB4,1.0,0.0,0.0,174.86928104575162,0.0457516339869281,0.0,1.0,2025-12-29,0
06DAF11BD38F,7.0,3.0,0.0,135.53548387096774,0.1870967741935484,0.0,10.0,2025-12-29,0
06EA136A2996,0.0,5.0,0.0,34.85443037974684,0.03164556962025317,0.0,5.0,2025-12-29,0
06EDBAE64B57,2.0,2.0,0.0,87.35802469135803,0.012345679012345678,0.0,4.0,2025-12-29,0
06EEBD283262,3.0,3.0,0.0,146.6341463414634,0.018292682926829267,0.0,6.0,2025-12-29,0
06EFD61B80ED,1.0,9.0,0.0,41.25,0.0625,0.0,10.0,2025-12-29,0
06F2469B50EF,2.0,8.0,1.0,312.4575163398693,0.05228758169934641,0.006535947712418301,11.0,2025-12-29,0
06F2CDBD2C41,3.0,2.0,0.0,198.9655172413793,0.2689655172413793,0.0,5.0,2025-12-29,0
06F40EA87663,1.0,6.0,0.0,42.54601226993865,0.03680981595092025,0.0,7.0,2025-12-29,0
06F49BD8F572,5.0,2.0,3.0,62.73529411764706,0.125,0.029411764705882353,10.0,2025-12-29,0
06FDA7D7B22A,0.0,2.0,0.0,3.207317073170732,0.012195121951219513,0.0,2.0,2025-12-29,0
06FFEC2EFA5E,0.0,0.0,0.0,266.00704225352115,0.6267605633802817,0.0,0.0,2025-12-29,0
0A0B47664A85,5.0,2.0,0.0,117.73248407643312,0.4140127388535032,0.0,7.0,2025-12-29,0
0A10201AFE0A,0.0,0.0,0.0,0.0,0.0,0.0,0.0,2025-12-29,0
0A1037E90A63,2.0,2.0,0.0,93.37575757575758,0.012121212121212121,0.0,4.0,2025-12-29,0
0A10A5A5056E,2.0,4.0,1.0,56.74683544303797,0.16455696202531644,0.006329113924050633,7.0,2025-12-29,0
0A15BC628AFC,1.0,1.0,0.0,27.825,0.00625,0.0,2.0,2025-12-29,0
0A182EFD3C61,2.0,6.0,0.0,189.6,1.2076923076923076,0.0,8.0,2025-12-29,0
0A184A2E46B7,2.0,1.0,0.0,87.4125,1.2625,0.0,3.0,2025-12-29,0
0A19C62F4F6D,2.0,6.0,0.0,246.98076923076923,0.26282051282051283,0.0,8.0,2025-12-29,0
0A1FB1C98A92,1.0,1.0,0.0,59.285714285714285,0.12422360248447205,0.0,2.0,2025-12-29,0
0A23474F1944,5.0,2.0,0.0,31.55625,0.15,0.0,7.0,2025-12-29,0
0A25F6E3466C,2.0,2.0,2.0,1046.0648148148148,1.4537037037037037,0.018518518518518517,6.0,2025-12-29,0
0A268A7E40CD,3.0,0.0,0.0,90.63291139240506,0.0949367088607595,0.0,3.0,2025-12-29,0
0A272C5A2C9B,2.0,2.0,0.0,78.20394736842105,0.013157894736842105,0.0,4.0,2025-12-29,0
0A2778A31BE3,1.0,1.0,0.0,11.815950920245399,0.006134969325153374,0.0,2.0,2025-12-29,0
0A3528D089D9,2.0,9.0,0.0,24.76829268292683,0.054878048780487805,0.0,11.0,2025-12-29,0
0A3983033084,2.0,2.0,0.0,115.33333333333333,0.1320754716981132,0.0,4.0,2025-12-29,0
0A42B2DB6370,4.0,4.0,0.0,27.12574850299401,0.023952095808383235,0.0,8.0,2025-12-29,0
0A4673793B3E,1.0,3.0,0.0,9.061349693251534,0.018404907975460124,0.0,4.0,2025-12-29,0
0A485668F5C0,3.0,0.0,0.0,405.7014925373134,0.4626865671641791,0.0,3.0,2025-12-29,0
0A4C884F240A,3.0,0.0,2.0,203.5608108108108,0.3581081081081081,0.013513513513513514,5.0,2025-12-29,0
0A4E33E2692B,2.0,1.0,0.0,490.2086330935252,0.6258992805755396,0.0,3.0,2025-12-29,0
0A52DDE896BF,2.0,2.0,0.0,100.93788819875776,0.577639751552795,0.0,4.0,2025-12-29,0
0A55DA266F71,0.0,0.0,0.0,52.84615384615385,0.10897435897435898,0.0,0.0,2025-12-29,0
0A568E79FEF6,0.0,0.0,0.0,0.0,0.0,0.0,0.0,2025-12-29,0
0A57338657F8,1.0,2.0,0.0,19.205128205128204,0.21794871794871795,0.0,3.0,2025-12-29,0
0A57A684E20B,0.0,6.0,0.0,21.30817610062893,0.03773584905660377,0.0,6.0,2025-12-29,0
0A5C1439B384,1.0,3.0,0.0,40.907407407407405,0.018518518518518517,0.0,4.0,2025-12-29,0
0A5D017E401E,0.0,4.0,0.0,185.71724137931034,0.2206896551724138,0.0,4.0,2025-12-29,0
0A5E96449374,4.0,1.0,0.0,1698.2,1.638095238095238,0.0,5.0,2025-12-29,0
0A61E3165158,3.0,1.0,0.0,74.2875,0.125,0.0,4.0,2025-12-29,0
0A62EECEEBD1,1.0,0.0,0.0,816.5759493670886,0.08860759493670886,0.0,1.0,2025-12-29,0
0A6324E3E043,5.0,8.0,7.0,86.96875,0.05625,0.04375,20.0,2025-12-29,0
0A6390E0FBA4,0.0,0.0,0.0,1578.856,2.512,0.0,0.0,2025-12-29,0
0A663B6B4B28,0.0,1.0,3.0,241.98666666666668,1.52,0.02,4.0,2025-12-29,0
0A682ED9C6DD,2.0,6.0,0.0,34.40764331210191,0.03821656050955414,0.0,8.0,2025-12-29,0
0A68A2032450,0.0,0.0,0.0,313.208,0.224,0.0,0.0,2025-12-29,0
0A68DF0B3D07,3.0,12.0,0.0,87.47798742138365,0.0880503144654088,0.0,15.0,2025-12-29,0
0A68F38A6ACF,2.0,1.0,0.0,61.15972222222222,0.09027777777777778,0.0,3.0,2025-12-29,0
0A6C571A1550,0.0,2.0,0.0,2.067484662576687,0.012269938650306749,0.0,2.0,2025-12-29,0
0A6D3595373D,1.0,7.0,0.0,53.77439024390244,0.042682926829268296,0.0,8.0,2025-12-29,0
0A6DA0C82CCB,0.0,0.0,0.0,0.0,0.0,0.0,0.0,2025-12-29,0
0A71A6F9D6C6,4.0,13.0,0.0,67.72560975609755,0.07926829268292683,0.0,17.0,2025-12-29,0
0A78FAF47B00,5.0,2.0,0.0,168.36666666666667,0.23333333333333334,0.0,7.0,2025-12-29,0
0A7AAFDD9E11,7.0,9.0,0.0,2666.9327731092435,0.42016806722689076,0.0,16.0,2025-12-29,0
0A7AC5BDAF86,5.0,7.0,0.0,14.872611464968152,0.044585987261146494,0.0,12.0,2025-12-29,0
0A800188C20F,1.0,1.0,0.0,119.09333333333333,0.08666666666666667,0.0,2.0,2025-12-29,0
0A8407CF4D85,1.0,5.0,0.0,18.462962962962962,0.030864197530864196,0.0,6.0,2025-12-29,0
0A87B8C2734F,0.0,0.0,0.0,43.851612903225806,0.08387096774193549,0.0,0.0,2025-12-29,0
0A8EA87BB037,5.0,1.0,0.0,81.78571428571429,0.18831168831168832,0.0,6.0,2025-12-29,0
0A9547C11A56,2.0,1.0,1.0,19731.988636363636,7.306818181818182,0.011363636363636364,4.0,2025-12-29,0
0A96EACD8070,1.0,0.0,0.0,406.8972602739726,1.1232876712328768,0.0,1.0,2025-12-29,0
0A974F5D7D8C,1.0,4.0,3.0,82.38709677419355,0.15483870967741936,0.01935483870967742,8.0,2025-12-29,0
0A9A3BFD6C9B,2.0,2.0,0.0,28.70253164556962,0.2974683544303797,0.0,4.0,2025-12-29,0
0AA18F330F59,1.0,0.0,0.0,57753.23728813559,27.83050847457627,0.0,1.0,2025-12-29,0
0AA2818A7B27,0.0,0.0,0.0,0.0,0.0,0.0,0.0,2025-12-29,0
0AA296FF247D,3.0,4.0,0.0,228.56028368794327,0.2624113475177305,0.0,7.0,2025-12-29,0
0AA2F2CAB50B,2.0,0.0,0.0,856.2214285714285,2.4857142857142858,0.0,2.0,2025-12-29,0
0AA3F18DE550,0.0,0.0,0.0,61.41614906832298,0.062111801242236024,0.0,0.0,2025-12-29,0
0AA473D2FC17,0.0,2.0,2.0,58.66242038216561,0.08280254777070063,0.012738853503184714,4.0,2025-12-29,0
0AA4B065E5A5,3.0,4.0,0.0,28.549382716049383,0.024691358024691357,0.0,7.0,2025-12-29,0
0AA9051FFFFA,0.0,2.0,0.0,9.33974358974359,0.01282051282051282,0.0,2.0,2025-12-29,0
0AB5F9C21BF8,0.0,0.0,0.0,1498.273381294964,1.2374100719424461,0.007194244604316547,0.0,2025-12-29,0
0AB6B45C775A,3.0,2.0,0.0,70.38356164383562,0.4383561643835616,0.0,5.0,2025-12-29,0
0AB97B7632EB,0.0,0.0,0.0,0.0,0.0,0.0,0.0,2025-12-29,0
0ABC8E60F4C1,3.0,1.0,4.0,805.875,0.09027777777777778,0.027777777777777776,8.0,2025-12-29,0
0ABD2E513F79,1.0,0.0,0.0,90.73333333333333,0.07333333333333333,0.0,1.0,2025-12-29,0
0ABE42BE4165,8.0,16.0,0.0,32.473684210526315,0.1118421052631579,0.0,24.0,2025-12-29,0
0AC437023B18,0.0,0.0,0.0,19742.0,15.0,0.0,0.0,2025-12-29,0
0AD276FC5E27,1.0,1.0,0.0,800.9847328244275,0.5648854961832062,0.0,2.0,2025-12-29,0
0AD2C92E9756,1.0,2.0,0.0,66.50931677018633,0.012422360248447204,0.0,3.0,2025-12-29,0
0ADD02AB693D,3.0,7.0,0.0,10619.5,1.5666666666666667,0.0,10.0,2025-12-29,0
0AE03793586F,2.0,3.0,0.0,111.78846153846153,0.019230769230769232,0.0,5.0,2025-12-29,0
0AE21E7A17E4,2.0,6.0,0.0,61.16352201257862,0.2389937106918239,0.0,8.0,2025-12-29,0
0AE6BF39C720,0.0,3.0,0.0,39.151898734177216,0.189873417721519,0.0,3.0,2025-12-29,0
0AEF10F3A994,1.0,0.0,0.0,29.6046511627907,0.06976744186046512,0.0,1.0,2025-12-29,0
0AF1F0E3B640,1.0,7.0,0.0,246.44585987261146,0.044585987261146494,0.0,8.0,2025-12-29,0
0AF51D7D0F73,3.0,2.0,0.0,258.0839160839161,0.2517482517482518,0.0,5.0,2025-12-29,0
0AF8DCB98E4B,0.0,0.0,0.0,399.8897058823529,0.47058823529411764,0.0,0.0,2025-12-29,0
0AF9846E92DD,1.0,5.0,0.0,255.14074074074074,0.24444444444444444,0.0,6.0,2025-12-29,0
0AFB7B311996,3.0,3.0,0.0,57.70909090909091,0.01818181818181818,0.0,6.0,2025-12-29,0
0AFE702BB093,2.0,3.0,0.0,1539.7340425531916,4.01063829787234,0.0,5.0,2025-12-29,0
0AFFC263C0D9,0.0,0.0,0.0,861.9370078740158,0.8267716535433071,0.06299212598425197,0.0,2025-12-29,0
0E03D8F69853,1.0,0.0,0.0,732.8076923076923,1.3384615384615384,0.0,1.0,2025-12-29,0
0E0A8D6EB6B9,2.0,1.0,0.0,1507.1397849462367,0.8064516129032258,0.0,3.0,2025-12-29,0
0E0C3EB7915D,6.0,4.0,0.0,24.919254658385093,0.16770186335403728,0.0,10.0,2025-12-29,0
0E0E2996F51A,3.0,0.0,0.0,252.67741935483872,0.36129032258064514,0.0,3.0,2025-12-29,0
0E113B01A9A2,0.0,0.0,0.0,3597.7611940298507,0.582089552238806,0.0,0.0,2025-12-29,0
0E11F69747A8,0.0,1.0,0.0,10.294478527607362,0.006134969325153374,0.0,1.0,2025-12-29,0
0E121B6B8661,2.0,2.0,1.0,61.25625,0.1125,0.00625,5.0,2025-12-29,0
0E1B6F4DBA34,5.0,2.0,0.0,197.5655172413793,0.6068965517241379,0.0,7.0,2025-12-29,0
0E1C622E61BC,2.0,9.0,2.0,247.31788079470198,0.059602649006622516,0.013245033112582781,13.0,2025-12-29,0
0E1D7CA1DB0C,2.0,1.0,0.0,37.18518518518518,0.09876543209876543,0.0,3.0,2025-12-29,0
0E21C239D865,0.0,1.0,0.0,2.725,0.00625,0.0,1.0,2025-12-29,0
0E2575C7EE05,4.0,2.0,0.0,164.0188679245283,0.16981132075471697,0.0,6.0,2025-12-29,0
0E2728C481CA,1.0,5.0,7.0,655.021897810219,0.9635036496350365,0.051094890510948905,13.0,2025-12-29,0
0E293C5E4650,2.0,1.0,0.0,185.35443037974684,0.20253164556962025,0.0,3.0,2025-12-29,0
0E2DEE345837,3.0,6.0,0.0,55.6890243902439,0.036585365853658534,0.0,9.0,2025-12-29,0
0E31C429C185,1.0,2.0,0.0,100.16352201257861,0.012578616352201259,0.0,3.0,2025-12-29,0
0E34282F4B53,1.0,3.0,0.0,21.34375,0.01875,0.0,4.0,2025-12-29,0
0E3D96237639,2.0,3.0,0.0,23.0,0.018633540372670808,0.0,5.0,2025-12-29,0
0E41CF7F74D5,2.0,2.0,0.0,26.289473684210527,0.17105263157894737,0.0,4.0,2025-12-29,0
0E462188408C,1.0,3.0,0.0,25.157232704402517,1.2075471698113207,0.0,4.0,2025-12-29,0
0E4CE5FB4405,0.0,1.0,0.0,245.3815789473684,0.39473684210526316,0.0,1.0,2025-12-29,0
0E50A5B2E5C4,1.0,3.0,0.0,36.483870967741936,0.01935483870967742,0.0,4.0,2025-12-29,0
0E543D410B0C,1.0,3.0,0.0,7.467065868263473,0.017964071856287425,0.0,4.0,2025-12-29,0
0E55F28AB569,6.0,3.0,6.0,11137.88,1.46,0.27,15.0,2025-12-29,0
0E5A9CEA8093,3.0,13.0,0.0,55.472727272727276,0.07878787878787878,0.0,16.0,2025-12-29,0
0E5CD9B19DCB,0.0,7.0,0.0,412.2763157894737,0.046052631578947366,0.0,7.0,2025-12-29,0
0E5DFCF65AD4,3.0,4.0,0.0,898.6014492753624,0.2536231884057971,0.0,7.0,2025-12-29,0
0E61D34F9993,1.0,12.0,0.0,7.2272727272727275,0.07792207792207792,0.0,13.0,2025-12-29,0
0E69783262BE,4.0,1.0,2.0,249.88666666666666,0.14666666666666667,0.013333333333333334,7.0,2025-12-29,0
0E69C64B6E57,3.0,6.0,0.0,73.31446540880503,0.03773584905660377,0.0,9.0,2025-12-29,0
0E6A7794AFC7,1.0,1.0,0.0,20.573170731707318,0.006097560975609756,0.0,2.0,2025-12-29,0
0E6ACE6D3146,2.0,3.0,0.0,33.10322580645161,0.25161290322580643,0.0,5.0,2025-12-29,0
0E6D2CBAED41,3.0,1.0,0.0,1051.4436090225563,1.669172932330827,0.0,4.0,2025-12-29,0
0E752F1B295C,8.0,6.0,15.0,3182.621212121212,2.7954545454545454,0.13636363636363635,29.0,2025-12-29,1
0E7A8A5414C2,4.0,3.0,0.0,89.50967741935484,0.24516129032258063,0.0,7.0,2025-12-29,0
0E892C46A442,4.0,0.0,0.0,78.5,1.2903225806451613,0.0,4.0,2025-12-29,0
0E89F7D5B5BD,0.0,2.0,7.0,74.07482993197279,0.3741496598639456,0.05442176870748299,9.0,2025-12-29,0
0E8B8566815B,3.0,1.0,0.0,164.98709677419356,0.1032258064516129,0.0,4.0,2025-12-29,0
0E8CF9CA526F,0.0,2.0,0.0,12.716867469879517,0.012048192771084338,0.0,2.0,2025-12-29,0
0E8F36DAB9C2,0.0,0.0,0.0,687.5229357798165,0.6055045871559633,0.0,0.0,2025-12-29,0
0E9761D8EB58,1.0,1.0,0.0,3775.6574074074074,10.731481481481481,0.0,2.0,2025-12-29,0
0E9A30D927A5,7.0,4.0,13.0,4163.494252873563,1.367816091954023,0.16091954022988506,24.0,2025-12-29,0
0E9DC914D8DF,1.0,3.0,0.0,54.2625,0.01875,0.0,4.0,2025-12-29,0
0EA0447DA91C,0.0,0.0,0.0,3131.582677165354,4.015748031496063,0.0,0.0,2025-12-29,0
0EA22CFA3A24,2.0,1.0,0.0,394.87581699346407,0.33986928104575165,0.0,3.0,2025-12-29,0
0EA52A2A7581,0.0,3.0,5.0,281.6,0.4413793103448276,0.034482758620689655,8.0,2025-12-29,0
0EAEFEAEFB09,1.0,1.0,0.0,41.33116883116883,0.45454545454545453,0.0,2.0,2025-12-29,0
0EB04F2114F4,0.0,0.0,0.0,0.0,0.0,0.0,0.0,2025-12-29,0
0EB6B31D8AFB,1.0,2.0,0.0,247.75471698113208,0.012578616352201259,0.0,3.0,2025-12-29,0
0EBF1B27CDE1,0.0,0.0,0.0,212.01351351351352,0.6283783783783784,0.0,0.0,2025-12-29,0
0EC8A35D0C20,4.0,9.0,0.0,114.06211180124224,0.055900621118012424,0.0,13.0,2025-12-29,0
0ED0849FD6D8,2.0,2.0,0.0,499.1489361702128,0.3262411347517731,0.0,4.0,2025-12-29,0
0ED1E9DBD593,4.0,1.0,0.0,863.2595419847328,0.5419847328244275,0.0,5.0,2025-12-29,0
0ED4052A2763,2.0,9.0,0.0,200.0375,0.05625,0.0,11.0,2025-12-29,0
0ED5057ECE3F,1.0,0.0,3.0,611.3214285714286,1.1714285714285715,0.02142857142857143,4.0,2025-12-29,0
0EDC7177CCA9,0.0,0.0,0.0,1680.6827586206896,0.11724137931034483,0.14482758620689656,0.0,2025-12-29,0
0EE071F7B24A,0.0,0.0,0.0,0.0,0.0,0.0,0.0,2025-12-29,0
0EE09EDA649F,2.0,14.0,0.0,518.0958904109589,0.10273972602739725,0.0,16.0,2025-12-29,0
0EE317BA7C52,3.0,4.0,4.0,251.7280701754386,0.47368421052631576,0.03508771929824561,11.0,2025-12-29,0
0EE51B79E853,0.0,5.0,0.0,25.153374233128833,0.03067484662576687,0.0,5.0,2025-12-29,0
0EE78E4317BB,3.0,2.0,0.0,135.30769230769232,0.16666666666666666,0.0,5.0,2025-12-29,0
0EE9497950EE,4.0,3.0,0.0,50.94193548387097,0.3935483870967742,0.0,7.0,2025-12-29,0
0EEA98D1BFDB,3.0,12.0,0.0,24.920245398773005,0.0736196319018405,0.0,15.0,2025-12-29,0
0EECB108FF91,1.0,0.0,0.0,76.36942675159236,0.5668789808917197,0.0,1.0,2025-12-29,0
0EF023E6452D,7.0,5.0,3.0,345.44055944055947,0.2517482517482518,0.02097902097902098,15.0,2025-12-29,0
0EF08481B333,4.0,11.0,0.0,35.37579617834395,0.07006369426751592,0.0,15.0,2025-12-29,0
0EF437108E63,0.0,1.0,0.0,197.72142857142856,0.32142857142857145,0.0,1.0,2025-12-29,0
0EF47B410B41,3.0,6.0,0.0,25.66887417218543,0.039735099337748346,0.0,9.0,2025-12-29,0
0EFD600E2623,3.0,5.0,0.0,125.76219512195122,0.03048780487804878,0.0,8.0,2025-12-29,0
0202CB0A6B1F,6.0,3.0,0.0,216.72611464968153,0.1910828025477707,0.0,9.0,2026-01-05,0
02043B6BA08B,2.0,5.0,0.0,51.53896103896104,0.032467532467532464,0.0,7.0,2026-01-05,0
02075B45BF24,3.0,9.0,5.0,75.5031847133758,0.06369426751592357,0.03184713375796178,17.0,2026-01-05,0
02091DF7CCB8,3.0,5.0,8.0,12072.075949367088,7.265822784810126,1.2531645569620253,16.0,2026-01-05,0
02097AB58D3C,2.0,8.0,0.0,109.62420382165605,0.050955414012738856,0.0,10.0,2026-01-05,0
020CC6FB9659,1.0,2.0,1.0,155.65753424657535,0.363013698630137,0.00684931506849315,4.0,2026-01-05,0
02132677328F,2.0,1.0,0.0,45.624161073825505,0.1342281879194631,0.0,3.0,2026-01-05,0
02142F017781,1.0,1.0,0.0,30.236024844720497,0.006211180124223602,0.0,2.0,2026-01-05,0
02145826103B,2.0,1.0,0.0,76.3986013986014,0.27972027972027974,0.0,3.0,2026-01-05,0
0217820BFFB2,3.0,4.0,0.0,335.3973509933775,0.304635761589404,0.0,7.0,2026-01-05,0
02251388D3A2,0.0,3.0,0.0,26.141975308641975,0.018518518518518517,0.0,3.0,2026-01-05,0
0228A99EE35A,4.0,7.0,0.0,46.705882352941174,0.0457516339869281,0.0,11.0,2026-01-05,0
022C6F326E3B,6.0,8.0,14.0,32096.535211267605,12.112676056338028,0.2112676056338028,28.0,2026-01-05,0
022DB47C41AC,0.0,1.0,1.0,67.75155279503106,0.08695652173913043,0.006211180124223602,2.0,2026-01-05,0
023015602FAA,2.0,4.0,0.0,36.97530864197531,0.024691358024691357,0.0,6.0,2026-01-05,0
0230D261A1CD,3.0,10.0,0.0,20.583333333333332,0.0641025641025641,0.0,13.0,2026-01-05,0
0230EEF72435,2.0,4.0,0.0,51.234177215189874,1.4240506329113924,0.0,6.0,2026-01-05,0
02314F9A9168,8.0,9.0,1.0,3778.8888888888887,0.9126984126984127,0.007936507936507936,18.0,2026-01-05,0
023257D29366,2.0,7.0,0.0,58.433734939759034,0.04216867469879518,0.0,9.0,2026-01-05,0
023270320B57,2.0,0.0,0.0,57.97530864197531,0.8148148148148148,0.0,2.0,2026-01-05,0
02388A18854F,3.0,1.0,3.0,622.9705882352941,3.139705882352941,0.022058823529411766,7.0,2026-01-05,0
0239AD51B7AF,3.0,6.0,1.0,180.13888888888889,0.4791666666666667,0.006944444444444444,10.0,2026-01-05,0
023A663EFD87,2.0,2.0,0.0,87.12738853503184,0.40764331210191085,0.0,4.0,2026-01-05,0
023ADDDECF84,3.0,1.0,0.0,1514.3828125,1.2421875,0.0,4.0,2026-01-05,0
02423E0E6E9F,1.0,7.0,5.0,27334.190476190477,6.0095238095238095,1.2,13.0,2026-01-05,0
024570739DE0,0.0,2.0,0.0,0.6303030303030303,0.012121212121212121,0.0,2.0,2026-01-05,0
02478CD90F3A,3.0,6.0,0.0,95.62237762237763,0.04195804195804196,0.0,9.0,2026-01-05,0
024DD3A9ADCA,2.0,2.0,2.0,178.7891156462585,0.3945578231292517,0.013605442176870748,6.0,2026-01-05,0
024ED433BF7D,0.0,0.0,0.0,2218.0285714285715,3.533333333333333,0.01904761904761905,0.0,2026-01-05,0
0253BB40EDA6,0.0,1.0,0.0,4.584905660377358,0.006289308176100629,0.0,1.0,2026-01-05,0
0257E855DBCE,0.0,0.0,0.0,346.11805555555554,0.3125,0.041666666666666664,0.0,2026-01-05,0
0259991BA036,2.0,1.0,6.0,2109.808695652174,1.565217391304348,0.06086956521739131,9.0,2026-01-05,0
026A6007FA48,4.0,3.0,0.0,323.7987012987013,0.512987012987013,0.0,7.0,2026-01-05,0
027137436C87,0.0,2.0,0.0,2.4424242424242424,0.012121212121212121,0.0,2.0,2026-01-05,0
0278E06A2F67,1.0,1.0,0.0,26.949367088607595,0.006329113924050633,0.0,2.0,2026-01-05,0
0279D2AC6ACE,2.0,13.0,0.0,27.727848101265824,0.08227848101265822,0.0,15.0,2026-01-05,0
027B2DC4EA84,0.0,0.0,0.0,399.69127516778525,0.1342281879194631,0.0,0.0,2026-01-05,0
027D07FC97FC,1.0,4.0,0.0,16.602649006622517,0.026490066225165563,0.0,5.0,2026-01-05,0
027FE9CED489,1.0,1.0,0.0,53.40909090909091,0.6298701298701299,0.0,2.0,2026-01-05,0
028764AA026E,1.0,2.0,0.0,47.40625,0.0125,0.0,3.0,2026-01-05,0
02892F51E1CB,10.0,10.0,2.0,30984.517647058823,14.576470588235294,0.023529411764705882,22.0,2026-01-05,0
0289694A6E5B,3.0,4.0,0.0,238.34722222222223,0.2013888888888889,0.0,7.0,2026-01-05,0
028B24EADDAD,8.0,6.0,6.0,5026.147826086956,1.3652173913043477,0.05217391304347826,20.0,2026-01-05,0
028CC0AE5719,4.0,1.0,0.0,12989.007633587786,2.6717557251908395,0.0,5.0,2026-01-05,0
0293918A963F,0.0,0.0,0.0,0.0,0.0,0.0,0.0,2026-01-05,0
02980E461859,2.0,6.0,0.0,94.02409638554217,0.03614457831325301,0.0,8.0,2026-01-05,0
029A2B32D17E,0.0,0.0,0.0,284.95205479452056,1.0205479452054795,0.0,0.0,2026-01-05,0
029C03C2BF19,3.0,8.0,0.0,86.96341463414635,0.27439024390243905,0.0,11.0,2026-01-05,0
029DA26B1A92,2.0,12.0,0.0,14.132911392405063,0.08227848101265822,0.0,14.0,2026-01-05,0
02A80292CB97,0.0,0.0,0.0,217.12,0.36,0.0,0.0,2026-01-05,0
02B5C5ADC792,0.0,0.0,0.0,1686.4184397163122,0.24113475177304963,0.0,0.0,2026-01-05,0
02B742646A0E,0.0,0.0,0.0,113.70552147239263,0.15950920245398773,0.0,0.0,2026-01-05,0
02BAD919855D,6.0,18.0,1.0,4649.678571428572,1.1964285714285714,0.008928571428571428,25.0,2026-01-05,1
02BD26A4C3A0,2.0,5.0,0.0,45.375,0.0375,0.0,7.0,2026-01-05,0
02C0F45F31E7,6.0,0.0,0.0,246033.4716981132,53.43396226415094,0.0,6.0,2026-01-05,0
02CFFA3A3F35,0.0,2.0,0.0,5.685185185185185,0.012345679012345678,0.0,2.0,2026-01-05,0
02D49A34B2FE,0.0,0.0,0.0,1625.0843373493976,1.4096385542168675,0.08433734939759036,0.0,2026-01-05,0
02D4DFEF402A,9.0,5.0,8.0,31200.70588235294,25.901960784313726,0.1568627450980392,22.0,2026-01-05,0
02D7623552C8,0.0,0.0,5.0,1092.546218487395,1.495798319327731,0.25210084033613445,5.0,2026-01-05,0
02DC03A0F1E6,1.0,8.0,0.0,126.57317073170732,0.04878048780487805,0.0,9.0,2026-01-05,0
02E12310186C,5.0,5.0,9.0,56159.86486486487,2.418918918918919,0.13513513513513514,19.0,2026-01-05,1
02EBC6CD4398,1.0,7.0,0.0,19.635220125786162,0.0440251572327044,0.0,8.0,2026-01-05,0
02F093C88F2E,2.0,3.0,0.0,103.05732484076434,0.11464968152866242,0.0,5.0,2026-01-05,0
02F18EEE028A,0.0,1.0,2.0,1334.929203539823,0.5398230088495575,0.017699115044247787,3.0,2026-01-05,0
02F56F7C8E0B,2.0,3.0,0.0,85.0,0.01818181818181818,0.0,5.0,2026-01-05,0
02F5CE7705EC,1.0,0.0,0.0,78.87581699346406,0.5359477124183006,0.0,1.0,2026-01-05,0
02F98EB34A7A,4.0,5.0,0.0,16.69325153374233,0.03680981595092025,0.0,9.0,2026-01-05,0
02FBDD4A2C43,4.0,8.0,0.0,46.43975903614458,0.04819277108433735,0.0,12.0,2026-01-05,0
060C5773A61B,2.0,1.0,0.0,1000.8030303030303,1.2196969696969697,0.0,3.0,2026-01-05,0
060EE3CB4779,0.0,2.0,0.0,20.070063694267517,0.1464968152866242,0.0,2.0,2026-01-05,0
06132D7396F8,0.0,1.0,0.0,552.3082706766917,1.0601503759398496,0.0,1.0,2026-01-05,0
0616F247083A,0.0,0.0,0.0,120.17333333333333,0.10666666666666667,0.0,0.0,2026-01-05,0
061A4322745C,0.0,0.0,0.0,707.9354838709677,0.6290322580645161,0.03225806451612903,0.0,2026-01-05,0
06238EE3BE6C,3.0,3.0,0.0,186.83229813664596,0.19875776397515527,0.0,6.0,2026-01-05,0
062EA113798F,0.0,0.0,0.0,138.51923076923077,0.07051282051282051,0.0,0.0,2026-01-05,0
0634F78DB4C5,1.0,0.0,0.0,329.2781954887218,0.556390977443609,0.0,1.0,2026-01-05,0
0639EA5602C1,0.0,2.0,0.0,27.762820512820515,0.01282051282051282,0.0,2.0,2026-01-05,0
0644582257D9,3.0,0.0,0.0,164.3046357615894,0.13245033112582782,0.0,3.0,2026-01-05,0
064AED1EC0AA,1.0,7.0,0.0,39.86274509803921,0.0457516339869281,0.0,8.0,2026-01-05,0
064BE19B0A9E,3.0,7.0,1.0,212.56962025316454,0.04430379746835443,0.006329113924050633,11.0,2026-01-05,0
064C94C771EC,0.0,0.0,0.0,0.0,0.0,0.0,0.0,2026-01-05,0
064E66B5367B,2.0,3.0,0.0,188.13664596273293,0.40993788819875776,0.0,5.0,2026-01-05,0
06509A84E873,0.0,0.0,0.0,42.742138364779876,0.29559748427672955,0.018867924528301886,0.0,2026-01-05,0
065B928716CD,4.0,4.0,0.0,1766.3823529411766,2.2794117647058822,0.0,8.0,2026-01-05,0
065C003A8D0C,4.0,1.0,8.0,1219.1311475409836,1.5245901639344261,0.06557377049180328,13.0,2026-01-05,0
066430BA5119,3.0,3.0,0.0,37.68711656441718,0.018404907975460124,0.0,6.0,2026-01-05,0
0665C3FE6D67,1.0,5.0,1.0,73.26219512195122,0.03048780487804878,0.006097560975609756,7.0,2026-01-05,0
06711BE6AD2A,1.0,4.0,0.0,75.45398773006134,0.024539877300613498,0.0,5.0,2026-01-05,0
06787526FEB3,0.0,0.0,0.0,307.1678832116788,1.1532846715328466,0.0,0.0,2026-01-05,0
0683D2A8DA42,4.0,7.0,1.0,42.84146341463415,0.042682926829268296,0.006097560975609756,12.0,2026-01-05,0
068553B3AA23,1.0,4.0,1.0,25231.0,2.5454545454545454,0.015151515151515152,6.0,2026-01-05,0
0687F36E02C6,4.0,2.0,0.0,105.31875,0.1625,0.0,6.0,2026-01-05,0
069357B9F15F,0.0,0.0,0.0,248.94405594405595,0.4825174825174825,0.03496503496503497,0.0,2026-01-05,0
06981FD8AA87,5.0,0.0,0.0,933.5733333333334,0.16666666666666666,0.0,5.0,2026-01-05,0
069A98DEEB1D,1.0,0.0,2.0,108003.35416666667,14.854166666666666,0.2916666666666667,3.0,2026-01-05,0
06AA1DE70CBF,1.0,1.0,0.0,6.067901234567901,0.006172839506172839,0.0,2.0,2026-01-05,0
06AAA28A5D6B,1.0,1.0,0.0,62.97560975609756,0.006097560975609756,0.0,2.0,2026-01-05,0
06AEE181F595,1.0,4.0,0.0,109.20833333333333,0.22916666666666666,0.0,5.0,2026-01-05,0
06B162DC93E3,6.0,0.0,0.0,3399.4452554744526,0.17518248175182483,0.0,6.0,2026-01-05,0
06B641B75B29,0.0,0.0,0.0,2023.6283185840707,4.097345132743363,0.035398230088495575,0.0,2026-01-05,0
06C0D5E3BCDB,4.0,4.0,11.0,71594.52380952382,5.285714285714286,0.19047619047619047,19.0,2026-01-05,0
06C67619095C,2.0,2.0,0.0,163.21383647798743,0.012578616352201259,0.0,4.0,2026-01-05,0
06C77FEA9550,3.0,4.0,0.0,220.28378378378378,0.7635135135135135,0.0,7.0,2026-01-05,0
06C98DF4F0FA,0.0,0.0,0.0,0.0,0.0,0.0,0.0,2026-01-05,0
06CE0F3CFB3C,5.0,10.0,0.0,218.5234899328859,0.06711409395973154,0.0,15.0,2026-01-05,0
06D0342253A0,1.0,1.0,0.0,92.64596273291926,0.08695652173913043,0.0,2.0,2026-01-05,0
06D388A19D5D,3.0,2.0,0.0,14.770186335403727,0.16770186335403728,0.0,5.0,2026-01-05,0
06D6B7018E15,0.0,7.0,0.0,35.8974358974359,0.05128205128205128,0.0,7.0,2026-01-05,0
06D7F6C73E0C,9.0,9.0,0.0,2539.802721088435,0.4013605442176871,0.0,18.0,2026-01-05,0
06D84598CCB4,1.0,7.0,0.0,107.99350649350649,0.045454545454545456,0.0,8.0,2026-01-05,0
06DAF11BD38F,14.0,6.0,0.0,1698.1440677966102,0.7796610169491526,0.0,20.0,2026-01-05,0
06EA136A2996,0.0,1.0,0.0,9.15,0.00625,0.0,1.0,2026-01-05,0
06EDBAE64B57,1.0,1.0,0.0,51.60606060606061,0.006060606060606061,0.0,2.0,2026-01-05,0
06EEBD283262,0.0,0.0,0.0,0.0,0.0,0.0,0.0,2026-01-05,0
06EFD61B80ED,1.0,3.0,0.0,15.443037974683545,0.0189873417721519,0.0,4.0,2026-01-05,0
06F2469B50EF,0.0,2.0,4.0,15.685897435897436,0.01282051282051282,0.02564102564102564,6.0,2026-01-05,0
06F2CDBD2C41,4.0,6.0,0.0,287.23943661971833,0.30985915492957744,0.0,10.0,2026-01-05,0
06F40EA87663,4.0,9.0,0.0,68.86451612903225,0.05806451612903226,0.0,13.0,2026-01-05,0
06F49BD8F572,5.0,3.0,4.0,151.5886524822695,0.2695035460992908,0.028368794326241134,12.0,2026-01-05,0
06FDA7D7B22A,4.0,5.0,0.0,56.78787878787879,0.030303030303030304,0.0,9.0,2026-01-05,0
06FFEC2EFA5E,3.0,0.0,0.0,346.9788732394366,0.528169014084507,0.0,3.0,2026-01-05,0
0A0B47664A85,1.0,0.0,0.0,49.59756097560975,0.21951219512195122,0.0,1.0,2026-01-05,0
0A10201AFE0A,2.0,7.0,0.0,36.2,0.05,0.0,9.0,2026-01-05,0
0A1037E90A63,0.0,1.0,0.0,11.820359281437126,0.005988023952095809,0.0,1.0,2026-01-05,0
0A10A5A5056E,3.0,4.0,1.0,100.0880503144654,0.16352201257861634,0.006289308176100629,8.0,2026-01-05,0
0A15BC628AFC,1.0,1.0,0.0,58.30434782608695,0.006211180124223602,0.0,2.0,2026-01-05,0
0A182EFD3C61,1.0,0.0,0.0,111.97058823529412,0.8897058823529411,0.0,1.0,2026-01-05,0
0A184A2E46B7,4.0,0.0,0.0,81.4451219512195,1.1158536585365855,0.0,4.0,2026-01-05,0
0A19C62F4F6D,1.0,2.0,0.0,89.95394736842105,0.125,0.0,3.0,2026-01-05,0
0A1FB1C98A92,1.0,0.0,0.0,26.256410256410255,0.08333333333333333,0.0,1.0,2026-01-05,0
0A23474F1944,4.0,5.0,0.0,39.51006711409396,0.2550335570469799,0.0,9.0,2026-01-05,0
0A25F6E3466C,2.0,0.0,3.0,1143.294642857143,1.4821428571428572,0.026785714285714284,5.0,2026-01-05,0
0A268A7E40CD,2.0,11.0,0.0,59.0,0.0736196319018405,0.0,13.0,2026-01-05,0
0A272C5A2C9B,0.0,0.0,0.0,0.0,0.0,0.0,0.0,2026-01-05,0
0A2778A31BE3,2.0,3.0,0.0,23.39375,0.01875,0.0,5.0,2026-01-05,0
0A3528D089D9,2.0,11.0,0.0,97.03012048192771,0.07228915662650602,0.0,13.0,2026-01-05,0
0A3983033084,0.0,0.0,0.0,39.29220779220779,0.06493506493506493,0.0,0.0,2026-01-05,0
0A42B2DB6370,1.0,2.0,0.0,4.951807228915663,0.012048192771084338,0.0,3.0,2026-01-05,0
0A4673793B3E,0.0,2.0,0.0,1.2455089820359282,0.011976047904191617,0.0,2.0,2026-01-05,0
0A485668F5C0,2.0,1.0,0.0,233.4375,0.2777777777777778,0.0,3.0,2026-01-05,0
0A4C884F240A,1.0,1.0,1.0,145.71794871794873,0.4230769230769231,0.00641025641025641,3.0,2026-01-05,0
0A4E33E2692B,3.0,1.0,0.0,718.616,0.728,0.0,4.0,2026-01-05,0
0A52DDE896BF,2.0,1.0,0.0,104.48717948717949,0.46153846153846156,0.0,3.0,2026-01-05,0
0A55DA266F71,0.0,1.0,0.0,39.30434782608695,0.09937888198757763,0.0,1.0,2026-01-05,0
0A568E79FEF6,0.0,0.0,0.0,0.0,0.0,0.0,0.0,2026-01-05,0
0A57338657F8,6.0,2.0,0.0,22.81875,0.1375,0.0,8.0,2026-01-05,0
0A57A684E20B,1.0,8.0,0.0,42.56521739130435,0.049689440993788817,0.0,9.0,2026-01-05,0
0A5C1439B384,1.0,4.0,0.0,85.20987654320987,0.024691358024691357,0.0,5.0,2026-01-05,0
0A5D017E401E,5.0,4.0,0.0,268.40625,0.23125,0.0,9.0,2026-01-05,0
0A5E96449374,5.0,3.0,0.0,2302.9646017699115,1.7699115044247788,0.0,8.0,2026-01-05,0
0A61E3165158,2.0,1.0,0.0,52.78125,0.1,0.0,3.0,2026-01-05,0
0A62EECEEBD1,0.0,0.0,0.0,458.55828220858893,0.06134969325153374,0.0,0.0,2026-01-05,0
0A6324E3E043,4.0,11.0,3.0,68.31875,0.06875,0.01875,18.0,2026-01-05,0
0A6390E0FBA4,1.0,3.0,0.0,2297.782258064516,2.9274193548387095,0.0,4.0,2026-01-05,0
0A663B6B4B28,0.0,2.0,1.0,226.12,1.66,0.006666666666666667,3.0,2026-01-05,0
0A682ED9C6DD,2.0,3.0,0.0,19.25625,0.01875,0.0,5.0,2026-01-05,0
0A68A2032450,1.0,3.0,0.0,212.2290076335878,0.22137404580152673,0.0,4.0,2026-01-05,0
0A68DF0B3D07,7.0,0.0,0.0,153.11258278145695,0.1456953642384106,0.0,7.0,2026-01-05,0
0A68F38A6ACF,2.0,10.0,1.0,25.1,0.06666666666666667,0.006666666666666667,13.0,2026-01-05,0
0A6C571A1550,1.0,2.0,0.0,15.952095808383234,0.011976047904191617,0.0,3.0,2026-01-05,0
0A6D3595373D,1.0,8.0,0.0,47.9079754601227,0.049079754601226995,0.0,9.0,2026-01-05,0
0A6DA0C82CCB,1.0,3.0,0.0,336.54430379746833,0.0189873417721519,0.0,4.0,2026-01-05,0
0A71A6F9D6C6,2.0,14.0,0.0,34.64779874213836,0.09433962264150944,0.0,16.0,2026-01-05,0
0A78FAF47B00,4.0,4.0,0.0,98.12025316455696,0.24050632911392406,0.0,8.0,2026-01-05,0
0A7AAFDD9E11,4.0,4.0,0.0,1870.6985294117646,0.2867647058823529,0.0,8.0,2026-01-05,0
0A7AC5BDAF86,1.0,3.0,0.0,7.167785234899329,0.020134228187919462,0.0,4.0,2026-01-05,0
0A800188C20F,2.0,11.0,0.0,176.0064935064935,0.07142857142857142,0.0,13.0,2026-01-05,0
0A8407CF4D85,0.0,3.0,0.0,10.221518987341772,0.0189873417721519,0.0,3.0,2026-01-05,0
0A87B8C2734F,3.0,1.0,0.0,64.025,0.13125,0.0,4.0,2026-01-05,0
0A8EA87BB037,4.0,4.0,0.0,93.9620253164557,0.2468354430379747,0.0,8.0,2026-01-05,0
0A9547C11A56,0.0,0.0,0.0,7483.1,3.2636363636363637,0.0,0.0,2026-01-05,0
0A96EACD8070,1.0,0.0,0.0,391.8079470198675,1.3509933774834437,0.0,1.0,2026-01-05,0
0A974F5D7D8C,2.0,2.0,3.0,77.15094339622641,0.15723270440251572,0.018867924528301886,7.0,2026-01-05,0
0A9A3BFD6C9B,13.0,6.0,0.0,70.78064516129032,0.3161290322580645,0.0,19.0,2026-01-05,0
0AA18F330F59,0.0,0.0,1.0,25205.13698630137,17.438356164383563,0.0136986301369863,1.0,2026-01-05,0
0AA2818A7B27,0.0,0.0,0.0,0.0,0.0,0.0,0.0,2026-01-05,0
0AA296FF247D,1.0,0.0,0.0,51.328859060402685,0.09395973154362416,0.0,1.0,2026-01-05,0
0AA2F2CAB50B,3.0,2.0,0.0,904.0681818181819,2.4166666666666665,0.0,5.0,2026-01-05,0
0AA3F18DE550,2.0,12.0,0.0,107.41509433962264,0.0880503144654088,0.0,14.0,2026-01-05,0
0AA473D2FC17,1.0,1.0,1.0,126.58385093167702,0.09316770186335403,0.006211180124223602,3.0,2026-01-05,0
0AA4B065E5A5,2.0,13.0,0.0,45.62111801242236,0.08695652173913043,0.0,15.0,2026-01-05,0
0AA9051FFFFA,1.0,1.0,0.0,22.63125,0.00625,0.0,2.0,2026-01-05,0
0AB5F9C21BF8,0.0,0.0,0.0,648.0479452054794,0.6643835616438356,0.0136986301369863,0.0,2026-01-05,0
0AB6B45C775A,3.0,3.0,0.0,84.97183098591549,0.5140845070422535,0.0,6.0,2026-01-05,0
0AB97B7632EB,1.0,1.0,1.0,164.2710843373494,0.006024096385542169,0.006024096385542169,3.0,2026-01-05,0
0ABC8E60F4C1,2.0,1.0,1.0,301.77241379310345,0.06206896551724138,0.006896551724137931,4.0,2026-01-05,0
0ABD2E513F79,5.0,1.0,1.0,174.8,0.13333333333333333,0.006666666666666667,7.0,2026-01-05,0
0ABE42BE4165,3.0,2.0,0.0,60.34640522875817,0.1568627450980392,0.0,5.0,2026-01-05,0
0AC437023B18,0.0,0.0,0.0,19742.0,15.0,0.0,0.0,2026-01-05,0
0AD276FC5E27,1.0,0.0,0.0,659.0068027210884,0.38095238095238093,0.0,1.0,2026-01-05,0
0AD2C92E9756,0.0,1.0,0.0,4.290123456790123,0.006172839506172839,0.0,1.0,2026-01-05,0
0ADD02AB693D,2.0,10.0,0.0,12926.987654320988,2.7160493827160495,0.0,12.0,2026-01-05,0
0AE03793586F,0.0,2.0,0.0,10.019354838709678,0.012903225806451613,0.0,2.0,2026-01-05,0
0AE21E7A17E4,1.0,6.0,0.0,85.78289473684211,0.2236842105263158,0.0,7.0,2026-01-05,0
0AE6BF39C720,0.0,1.0,0.0,41.58709677419355,0.22580645161290322,0.0,1.0,2026-01-05,0
0AF1F0E3B640,1.0,6.0,0.0,80.28205128205128,0.038461538461538464,0.0,7.0,2026-01-05,0
0AF51D7D0F73,1.0,1.0,0.0,308.4485294117647,0.3235294117647059,0.0,2.0,2026-01-05,0
0AF8DCB98E4B,0.0,0.0,0.0,266.2323943661972,0.3028169014084507,0.0,0.0,2026-01-05,0
0AF9846E92DD,1.0,1.0,0.0,74.05925925925926,0.15555555555555556,0.0,2.0,2026-01-05,0
0AFB7B311996,1.0,3.0,1.0,106.53205128205128,0.019230769230769232,0.00641025641025641,5.0,2026-01-05,0
0AFE702BB093,3.0,2.0,2.0,2432.235294117647,4.284313725490196,0.0196078431372549,7.0,2026-01-05,0
0AFFC263C0D9,1.0,0.0,1.0,890.6440677966102,0.7372881355932204,0.1016949152542373,2.0,2026-01-05,0
0E03D8F69853,4.0,3.0,0.0,1175.0514705882354,1.5073529411764706,0.0,7.0,2026-01-05,0
0E0A8D6EB6B9,1.0,0.0,0.0,399.11971830985914,0.29577464788732394,0.0,1.0,2026-01-05,0
0E0C3EB7915D,2.0,0.0,0.0,12.31875,0.09375,0.0,2.0,2026-01-05,0
0E0E2996F51A,3.0,0.0,0.0,229.20382165605096,0.28662420382165604,0.0,3.0,2026-01-05,0
0E113B01A9A2,0.0,0.0,0.0,117.85620915032679,0.11764705882352941,0.0,0.0,2026-01-05,0
0E11F69747A8,2.0,2.0,0.0,101.28484848484848,0.012121212121212121,0.0,4.0,2026-01-05,0
0E121B6B8661,3.0,1.0,11.0,70.98657718120805,0.11409395973154363,0.0738255033557047,15.0,2026-01-05,0
0E1B6F4DBA34,2.0,5.0,0.0,162.21621621621622,0.6486486486486487,0.0,7.0,2026-01-05,0
0E1C622E61BC,1.0,8.0,0.0,82.6092715231788,0.06622516556291391,0.0,9.0,2026-01-05,0
0E1D7CA1DB0C,6.0,1.0,0.0,68.17073170731707,0.1524390243902439,0.0,7.0,2026-01-05,0
0E21C239D865,4.0,5.0,0.0,47.5679012345679,0.030864197530864196,0.0,9.0,2026-01-05,0
0E2575C7EE05,1.0,1.0,0.0,76.96273291925466,0.10559006211180125,0.0,2.0,2026-01-05,0
0E2728C481CA,1.0,3.0,9.0,1259.1418918918919,0.7364864864864865,0.060810810810810814,13.0,2026-01-05,0
0E293C5E4650,3.0,1.0,0.0,84.25,0.075,0.0,4.0,2026-01-05,0
0E2DEE345837,2.0,7.0,0.0,166.17283950617283,0.043209876543209874,0.0,9.0,2026-01-05,0
0E31C429C185,4.0,4.0,0.0,344.3225806451613,0.025806451612903226,0.0,8.0,2026-01-05,0
0E34282F4B53,1.0,4.0,0.0,21.01298701298701,0.025974025974025976,0.0,5.0,2026-01-05,0
0E3D96237639,2.0,7.0,0.0,17.69811320754717,0.050314465408805034,0.0,9.0,2026-01-05,0
0E41CF7F74D5,1.0,1.0,0.0,18.658227848101266,0.17721518987341772,0.0,2.0,2026-01-05,0
0E462188408C,6.0,1.0,1.0,29.74375,1.20625,0.00625,8.0,2026-01-05,0
0E4CE5FB4405,4.0,0.0,0.0,266.81617647058823,0.4117647058823529,0.0,4.0,2026-01-05,0
0E50A5B2E5C4,3.0,4.0,0.0,53.528301886792455,0.025157232704402517,0.0,7.0,2026-01-05,0
0E543D410B0C,5.0,7.0,0.0,117.24539877300613,0.04294478527607362,0.0,12.0,2026-01-05,0
0E55F28AB569,5.0,2.0,2.0,12221.944444444445,1.2037037037037037,0.24074074074074073,9.0,2026-01-05,0
0E5A9CEA8093,1.0,9.0,0.0,25.932515337423315,0.05521472392638037,0.0,10.0,2026-01-05,0
0E5CD9B19DCB,5.0,12.0,0.0,713.2119205298013,0.07947019867549669,0.0,17.0,2026-01-05,0
0E5DFCF65AD4,3.0,3.0,0.0,913.2869565217392,0.19130434782608696,0.0,6.0,2026-01-05,0
0E61D34F9993,2.0,12.0,0.0,20.503105590062113,0.07453416149068323,0.0,14.0,2026-01-05,0
0E69783262BE,3.0,2.0,0.0,188.1032258064516,0.13548387096774195,0.0,5.0,2026-01-05,0
0E69C64B6E57,1.0,8.0,0.0,29.91875,0.05,0.0,9.0,2026-01-05,0
0E6A7794AFC7,0.0,0.0,0.0,0.0,0.0,0.0,0.0,2026-01-05,0
0E6ACE6D3146,1.0,4.0,0.0,23.40764331210191,0.21019108280254778,0.0,5.0,2026-01-05,0
0E6D2CBAED41,1.0,1.0,0.0,982.5289256198347,2.074380165289256,0.0,2.0,2026-01-05,0
0E752F1B295C,12.0,12.0,12.0,22445.493975903613,9.590361445783133,0.5060240963855421,36.0,2026-01-05,0
0E7A8A5414C2,1.0,2.0,0.0,58.251612903225805,0.2,0.0,3.0,2026-01-05,1
0E892C46A442,4.0,1.0,0.0,74.19718309859155,1.4295774647887325,0.0,5.0,2026-01-05,0
0E89F7D5B5BD,2.0,0.0,6.0,85.50326797385621,0.3464052287581699,0.0392156862745098,8.0,2026-01-05,0
0E8B8566815B,3.0,2.0,0.0,132.84967320261438,0.12418300653594772,0.0,5.0,2026-01-05,0
0E8CF9CA526F,3.0,8.0,0.0,38.084848484848486,0.048484848484848485,0.0,11.0,2026-01-05,0
0E8F36DAB9C2,4.0,1.0,0.0,1827.2268041237114,1.0515463917525774,0.0,5.0,2026-01-05,0
0E9761D8EB58,3.0,2.0,0.0,7486.103773584906,12.18867924528302,0.0,5.0,2026-01-05,0
0E9A30D927A5,4.0,5.0,5.0,5613.906542056075,1.8317757009345794,0.29906542056074764,14.0,2026-01-05,0
0E9DC914D8DF,0.0,0.0,0.0,0.0,0.0,0.0,0.0,2026-01-05,0
0EA0447DA91C,1.0,1.0,0.0,2723.9626865671644,3.4402985074626864,0.0,2.0,2026-01-05,0
0EA22CFA3A24,2.0,4.0,0.0,336.6753246753247,0.4090909090909091,0.0,6.0,2026-01-05,0
0EA52A2A7581,0.0,0.0,7.0,211.0441176470588,0.27205882352941174,0.051470588235294115,7.0,2026-01-05,0
0EAEFEAEFB09,0.0,0.0,0.0,33.642857142857146,0.3961038961038961,0.0,0.0,2026-01-05,0
0EB04F2114F4,0.0,0.0,0.0,0.0,0.0,0.0,0.0,2026-01-05,0
0EB6B31D8AFB,1.0,2.0,0.0,54.802547770700635,0.012738853503184714,0.0,3.0,2026-01-05,0
0EBF1B27CDE1,0.0,0.0,1.0,106.98089171974522,0.40764331210191085,0.006369426751592357,1.0,2026-01-05,0
0EC8A35D0C20,0.0,2.0,0.0,11.372670807453416,0.012422360248447204,0.0,2.0,2026-01-05,0
0ED0849FD6D8,4.0,2.0,0.0,714.7857142857143,0.4857142857142857,0.0,6.0,2026-01-05,0
0ED1E9DBD593,2.0,3.0,0.0,1247.503816793893,1.0381679389312977,0.0,5.0,2026-01-05,0
0ED4052A2763,1.0,3.0,0.0,90.68987341772151,0.0189873417721519,0.0,4.0,2026-01-05,0
0ED5057ECE3F,2.0,2.0,1.0,787.0229007633587,1.4732824427480915,0.007633587786259542,5.0,2026-01-05,0
0EDC7177CCA9,2.0,0.0,0.0,1666.6688311688313,0.05844155844155844,0.06493506493506493,2.0,2026-01-05,0
0EE071F7B24A,1.0,3.0,0.0,38.39375,0.01875,0.0,4.0,2026-01-05,0
0EE09EDA649F,1.0,9.0,0.0,265.265306122449,0.061224489795918366,0.0,10.0,2026-01-05,0
0EE317BA7C52,1.0,0.0,5.0,136.71900826446281,0.24793388429752067,0.04132231404958678,6.0,2026-01-05,0
0EE51B79E853,0.0,8.0,0.0,41.80368098159509,0.05521472392638037,0.0,8.0,2026-01-05,0
0EE78E4317BB,5.0,3.0,0.0,252.45833333333334,0.19444444444444445,0.0,8.0,2026-01-05,0
0EE9497950EE,2.0,1.0,0.0,37.72549019607843,0.3790849673202614,0.0,3.0,2026-01-05,0
0EEA98D1BFDB,2.0,6.0,0.0,9.882716049382717,0.037037037037037035,0.0,8.0,2026-01-05,0
0EECB108FF91,0.0,0.0,0.0,58.06410256410256,0.42948717948717946,0.0,0.0,2026-01-05,0
0EF023E6452D,6.0,8.0,2.0,500.7535211267606,0.3873239436619718,0.014084507042253521,16.0,2026-01-05,0
0EF08481B333,1.0,5.0,0.0,12.474025974025974,0.032467532467532464,0.0,6.0,2026-01-05,0
0EF437108E63,2.0,1.0,0.0,242.72592592592594,0.37037037037037035,0.0,3.0,2026-01-05,0
0EF47B410B41,2.0,9.0,0.0,48.93464052287582,0.058823529411764705,0.0,11.0,2026-01-05,0
0EFD600E2623,4.0,5.0,0.0,52.66265060240964,0.030120481927710843,0.0,9.0,2026-01-05,0
0202CB0A6B1F,0.0,0.0,0.0,47.92258064516129,0.12258064516129032,0.0,0.0,2026-01-12,0
02043B6BA08B,3.0,6.0,0.0,78.37333333333333,0.04,0.0,9.0,2026-01-12,0
02075B45BF24,1.0,9.0,2.0,30.365384615384617,0.057692307692307696,0.01282051282051282,12.0,2026-01-12,0
02091DF7CCB8,1.0,0.0,0.0,10721.298701298701,4.597402597402597,0.5844155844155844,1.0,2026-01-12,0
02097AB58D3C,1.0,5.0,0.0,33.540880503144656,0.031446540880503145,0.0,6.0,2026-01-12,0
020CC6FB9659,4.0,2.0,1.0,357.35714285714283,0.5454545454545454,0.006493506493506494,7.0,2026-01-12,0
02132677328F,3.0,1.0,0.0,287.73333333333335,0.22,0.0,4.0,2026-01-12,0
02142F017781,1.0,3.0,0.0,336.7560975609756,0.018292682926829267,0.0,4.0,2026-01-12,0
02145826103B,7.0,2.0,0.0,102.31818181818181,0.37662337662337664,0.0,9.0,2026-01-12,0
0217820BFFB2,3.0,0.0,0.0,656.3445945945946,0.40540540540540543,0.0,3.0,2026-01-12,0
02251388D3A2,1.0,5.0,0.0,97.35185185185185,0.030864197530864196,0.0,6.0,2026-01-12,0
0228A99EE35A,1.0,3.0,0.0,11.506493506493506,0.01948051948051948,0.0,4.0,2026-01-12,0
022C6F326E3B,8.0,9.0,4.0,85870.18032786885,20.852459016393443,0.4262295081967213,21.0,2026-01-12,0
022DB47C41AC,0.0,1.0,0.0,52.496815286624205,0.07006369426751592,0.0,1.0,2026-01-12,0
023015602FAA,2.0,3.0,0.0,155.48170731707316,0.018292682926829267,0.0,5.0,2026-01-12,0
0230D261A1CD,1.0,5.0,0.0,6.759740259740259,0.032467532467532464,0.0,6.0,2026-01-12,0
0230EEF72435,5.0,2.0,0.0,90.16129032258064,1.5225806451612902,0.0,7.0,2026-01-12,0
02314F9A9168,3.0,7.0,0.0,11133.537634408602,1.4193548387096775,0.0,10.0,2026-01-12,0
023257D29366,1.0,2.0,0.0,34.7125,0.0125,0.0,3.0,2026-01-12,0
023270320B57,1.0,0.0,0.0,52.20253164556962,0.620253164556962,0.0,1.0,2026-01-12,0
02388A18854F,1.0,2.0,1.0,400.62773722627736,2.664233576642336,0.0072992700729927005,4.0,2026-01-12,0
0239AD51B7AF,6.0,1.0,1.0,293.7112676056338,0.6549295774647887,0.007042253521126761,8.0,2026-01-12,0
023A663EFD87,1.0,1.0,0.0,64.23125,0.4375,0.0,2.0,2026-01-12,0
023ADDDECF84,3.0,1.0,0.0,2056.152,1.384,0.0,4.0,2026-01-12,0
02423E0E6E9F,4.0,4.0,7.0,46827.32608695652,6.891304347826087,2.1630434782608696,15.0,2026-01-12,0
024570739DE0,5.0,16.0,19.0,14336.244897959185,2.673469387755102,0.8571428571428571,40.0,2026-01-12,0
02478CD90F3A,6.0,9.0,0.0,305.1456953642384,0.0728476821192053,0.0,15.0,2026-01-12,0
024DD3A9ADCA,14.0,14.0,6.0,1573.657894736842,1.1491228070175439,0.05263157894736842,34.0,2026-01-12,1
024ED433BF7D,0.0,0.0,0.0,1225.673076923077,2.125,0.028846153846153848,0.0,2026-01-12,0
0253BB40EDA6,2.0,2.0,0.0,45.462025316455694,0.012658227848101266,0.0,4.0,2026-01-12,0
0257E855DBCE,0.0,0.0,0.0,69.90259740259741,0.16883116883116883,0.0,0.0,2026-01-12,0
0259991BA036,0.0,0.0,5.0,1089.3859649122808,1.3157894736842106,0.043859649122807015,5.0,2026-01-12,0
026A6007FA48,0.0,2.0,1.0,112.6948051948052,0.33116883116883117,0.006493506493506494,3.0,2026-01-12,0
027137436C87,2.0,9.0,0.0,32.4625,0.05625,0.0,11.0,2026-01-12,0
0278E06A2F67,3.0,7.0,0.0,175.01898734177215,0.04430379746835443,0.0,10.0,2026-01-12,0
0279D2AC6ACE,3.0,14.0,0.0,20.87012987012987,0.09090909090909091,0.0,17.0,2026-01-12,0
027B2DC4EA84,0.0,2.0,0.0,271.8875,0.1375,0.0,2.0,2026-01-12,0
027D07FC97FC,1.0,6.0,0.0,157.27814569536423,0.039735099337748346,0.0,7.0,2026-01-12,0
027FE9CED489,12.0,3.0,0.0,148.2251655629139,1.0794701986754967,0.0,15.0,2026-01-12,0
028764AA026E,1.0,2.0,0.0,15.53416149068323,0.012422360248447204,0.0,3.0,2026-01-12,0
02892F51E1CB,6.0,9.0,7.0,84009.76,30.94,0.14,22.0,2026-01-12,0
0289694A6E5B,0.0,4.0,0.0,80.84397163120568,0.18439716312056736,0.0,4.0,2026-01-12,0
028B24EADDAD,9.0,9.0,5.0,15547.053333333333,2.8133333333333335,0.06666666666666667,23.0,2026-01-12,1
028CC0AE5719,0.0,0.0,0.0,4933.8247422680415,1.5051546391752577,0.0,0.0,2026-01-12,0
0293918A963F,1.0,1.0,0.0,164.10365853658536,0.006097560975609756,0.0,2.0,2026-01-12,0
02980E461859,3.0,7.0,0.0,92.70186335403727,0.043478260869565216,0.0,10.0,2026-01-12,0
029A2B32D17E,1.0,0.0,0.0,233.98620689655172,0.9379310344827586,0.0,1.0,2026-01-12,0
029C03C2BF19,1.0,1.0,0.0,73.20886075949367,0.3037974683544304,0.0,2.0,2026-01-12,0
029DA26B1A92,4.0,14.0,0.0,27.987654320987655,0.08641975308641975,0.0,18.0,2026-01-12,0
02A3A213EEC1,0.0,0.0,0.0,0.0,0.0,0.0,0.0,2026-01-12,0
02A80292CB97,0.0,0.0,0.0,66.93037974683544,0.18354430379746836,0.0,0.0,2026-01-12,0
02B5C5ADC792,0.0,1.0,0.0,748.5369127516778,0.19463087248322147,0.0,1.0,2026-01-12,0
02B742646A0E,0.0,0.0,0.0,87.18238993710692,0.13836477987421383,0.0,0.0,2026-01-12,0
02BAD919855D,6.0,11.0,1.0,26767.913580246914,3.8395061728395063,0.012345679012345678,18.0,2026-01-12,0
02BD26A4C3A0,1.0,5.0,0.0,32.29090909090909,0.030303030303030304,0.0,6.0,2026-01-12,0
02C0F45F31E7,0.0,0.0,0.0,324834.2,54.833333333333336,0.0,0.0,2026-01-12,0
02CFFA3A3F35,0.0,0.0,0.0,0.0,0.0,0.0,0.0,2026-01-12,0
02D49A34B2FE,0.0,0.0,0.0,665.018691588785,0.6355140186915887,0.028037383177570093,0.0,2026-01-12,0
02D4DFEF402A,5.0,0.0,10.0,46852.75342465754,29.54794520547945,0.1506849315068493,15.0,2026-01-12,0
02D7623552C8,2.0,3.0,4.0,2574.5636363636363,2.6545454545454548,0.34545454545454546,9.0,2026-01-12,0
02DC03A0F1E6,1.0,5.0,0.0,36.67664670658683,0.029940119760479042,0.0,6.0,2026-01-12,0
02E12310186C,1.0,1.0,8.0,47357.40983606558,2.19672131147541,0.14754098360655737,10.0,2026-01-12,0
02EBC6CD4398,1.0,7.0,0.0,16.97530864197531,0.043209876543209874,0.0,8.0,2026-01-12,0
02F093C88F2E,2.0,0.0,0.0,74.88125,0.06875,0.0,2.0,2026-01-12,0
02F18EEE028A,0.0,0.0,1.0,601.5419847328244,0.26717557251908397,0.007633587786259542,1.0,2026-01-12,0
02F56F7C8E0B,2.0,2.0,0.0,62.18518518518518,0.012345679012345678,0.0,4.0,2026-01-12,0
02F5CE7705EC,2.0,1.0,0.0,142.27388535031847,0.802547770700637,0.0,3.0,2026-01-12,0
02F98EB34A7A,3.0,8.0,0.0,25.121951219512194,0.04878048780487805,0.0,11.0,2026-01-12,0
02FBDD4A2C43,0.0,7.0,0.0,21.34567901234568,0.043209876543209874,0.0,7.0,2026-01-12,0
060C5773A61B,3.0,0.0,0.0,869.2556390977444,1.0300751879699248,0.0,3.0,2026-01-12,0
060EE3CB4779,5.0,2.0,0.0,53.93037974683544,0.189873417721519,0.0,7.0,2026-01-12,0
06132D7396F8,0.0,0.0,0.0,455.4822695035461,0.8014184397163121,0.0,0.0,2026-01-12,0
0616F247083A,0.0,1.0,0.0,48.16447368421053,0.07236842105263158,0.0,1.0,2026-01-12,0
061A4322745C,0.0,0.0,0.0,323.1294964028777,0.4316546762589928,0.02158273381294964,0.0,2026-01-12,0
06238EE3BE6C,2.0,3.0,1.0,111.43243243243244,0.17567567567567569,0.006756756756756757,6.0,2026-01-12,0
062EA113798F,2.0,2.0,0.0,177.45283018867926,0.1320754716981132,0.0,4.0,2026-01-12,0
0634F78DB4C5,0.0,0.0,0.0,393.23880597014926,0.6716417910447762,0.0,0.0,2026-01-12,0
0639EA5602C1,0.0,0.0,0.0,0.0,0.0,0.0,0.0,2026-01-12,0
0644582257D9,5.0,4.0,0.0,274.2758620689655,0.18620689655172415,0.0,9.0,2026-01-12,0
064AED1EC0AA,2.0,18.0,0.0,135.2828947368421,0.11842105263157894,0.0,20.0,2026-01-12,0
064BE19B0A9E,0.0,1.0,1.0,2.9938650306748467,0.006134969325153374,0.006134969325153374,2.0,2026-01-12,0
064C94C771EC,1.0,1.0,0.0,32.559006211180126,0.006211180124223602,0.0,2.0,2026-01-12,1
064E66B5367B,0.0,1.0,0.0,111.42405063291139,0.3924050632911392,0.0,1.0,2026-01-12,0
06509A84E873,0.0,0.0,2.0,19.981366459627328,0.18012422360248448,0.012422360248447204,2.0,2026-01-12,0
065B928716CD,4.0,2.0,0.0,1996.3196721311476,2.819672131147541,0.0,6.0,2026-01-12,0
065C003A8D0C,3.0,4.0,3.0,1318.5081967213114,1.7704918032786885,0.02459016393442623,10.0,2026-01-12,0
066430BA5119,3.0,5.0,0.0,74.53333333333333,0.030303030303030304,0.0,8.0,2026-01-12,0
0665C3FE6D67,0.0,3.0,1.0,47.72670807453416,0.018633540372670808,0.006211180124223602,4.0,2026-01-12,0
06711BE6AD2A,2.0,6.0,0.0,61.716981132075475,0.03773584905660377,0.0,8.0,2026-01-12,0
06787526FEB3,2.0,0.0,0.0,446.3478260869565,1.108695652173913,0.0,2.0,2026-01-12,0
0683D2A8DA42,1.0,1.0,0.0,4.481481481481482,0.006172839506172839,0.0,2.0,2026-01-12,0
068553B3AA23,0.0,0.0,1.0,13568.551020408164,1.6326530612244898,0.01020408163265306,1.0,2026-01-12,0
0687F36E02C6,2.0,2.0,0.0,27.0625,0.1,0.0,4.0,2026-01-12,0
069357B9F15F,0.0,0.0,0.0,106.38775510204081,0.3469387755102041,0.02040816326530612,0.0,2026-01-12,0
06981FD8AA87,1.0,2.0,0.0,387.89403973509934,0.13245033112582782,0.0,3.0,2026-01-12,0
069A98DEEB1D,2.0,1.0,2.0,96337.64,16.32,0.28,5.0,2026-01-12,0
06AA1DE70CBF,2.0,2.0,0.0,9.714285714285714,0.012422360248447204,0.0,4.0,2026-01-12,0
06AAA28A5D6B,1.0,1.0,0.0,41.25595238095238,0.005952380952380952,0.0,2.0,2026-01-12,0
06AEE181F595,1.0,4.0,0.0,107.83673469387755,0.272108843537415,0.0,5.0,2026-01-12,0
06B162DC93E3,4.0,4.0,0.0,6558.150442477876,0.18584070796460178,0.0,8.0,2026-01-12,0
06B641B75B29,2.0,0.0,0.0,2544.1637931034484,4.387931034482759,0.0603448275862069,2.0,2026-01-12,0
06C0D5E3BCDB,3.0,1.0,6.0,114345.97222222222,6.166666666666667,0.4722222222222222,10.0,2026-01-12,0
06C67619095C,3.0,4.0,0.0,587.4906832298136,0.024844720496894408,0.0,7.0,2026-01-12,0
06C77FEA9550,3.0,2.0,0.0,174.4967741935484,0.632258064516129,0.0,5.0,2026-01-12,0
06C98DF4F0FA,0.0,0.0,0.0,0.0,0.0,0.0,0.0,2026-01-12,0
06CE0F3CFB3C,10.0,6.0,0.0,1677.6690647482014,0.2517985611510791,0.0,16.0,2026-01-12,0
06D0342253A0,5.0,3.0,0.0,233.5095541401274,0.12738853503184713,0.0,8.0,2026-01-12,0
06D388A19D5D,0.0,2.0,0.0,9.670967741935485,0.14838709677419354,0.0,2.0,2026-01-12,0
06D6B7018E15,0.0,13.0,0.0,66.59375,0.08125,0.0,13.0,2026-01-12,0
06D7F6C73E0C,2.0,5.0,0.0,1681.9712230215828,0.3381294964028777,0.0,7.0,2026-01-12,0
06D84598CCB4,1.0,7.0,0.0,71.46583850931677,0.043478260869565216,0.0,8.0,2026-01-12,0
06DAF11BD38F,5.0,3.0,0.0,1104.7175572519084,0.5877862595419847,0.0,8.0,2026-01-12,0
06EA136A2996,0.0,0.0,0.0,0.0,0.0,0.0,0.0,2026-01-12,0
06EDBAE64B57,1.0,2.0,0.0,28.530864197530864,0.012345679012345678,0.0,3.0,2026-01-12,0
06EEBD283262,0.0,1.0,0.0,8.208588957055214,0.006134969325153374,0.0,1.0,2026-01-12,0
06EFD61B80ED,0.0,4.0,0.0,9.5125,0.025,0.0,4.0,2026-01-12,0
06F2469B50EF,0.0,3.0,4.0,43.788079470198674,0.019867549668874173,0.026490066225165563,7.0,2026-01-12,0
06F2CDBD2C41,8.0,7.0,0.0,327.85616438356163,0.3219178082191781,0.0,15.0,2026-01-12,0
06F40EA87663,5.0,9.0,0.0,126.93037974683544,0.056962025316455694,0.0,14.0,2026-01-12,0
06F49BD8F572,11.0,6.0,3.0,328.8623188405797,0.2826086956521739,0.021739130434782608,20.0,2026-01-12,0
06FDA7D7B22A,1.0,2.0,0.0,7.3478260869565215,0.012422360248447204,0.0,3.0,2026-01-12,0
06FFEC2EFA5E,2.0,3.0,0.0,260.4507042253521,0.5774647887323944,0.0,5.0,2026-01-12,0
0A0B47664A85,5.0,2.0,0.0,71.73456790123457,0.32098765432098764,0.0,7.0,2026-01-12,0
0A10201AFE0A,2.0,4.0,0.0,14.932098765432098,0.024691358024691357,0.0,6.0,2026-01-12,0
0A1037E90A63,4.0,5.0,0.0,440.6607142857143,0.02976190476190476,0.0,9.0,2026-01-12,0
0A10A5A5056E,3.0,2.0,0.0,72.30573248407643,0.17197452229299362,0.0,5.0,2026-01-12,0
0A15BC628AFC,0.0,0.0,0.0,0.0,0.0,0.0,0.0,2026-01-12,0
0A182EFD3C61,4.0,0.0,0.0,141.7734375,1.015625,0.0,4.0,2026-01-12,0
0A184A2E46B7,1.0,0.0,0.0,100.40764331210191,1.21656050955414,0.0,1.0,2026-01-12,0
0A19C62F4F6D,2.0,3.0,0.0,56.617834394904456,0.1337579617834395,0.0,5.0,2026-01-12,0
0A1FB1C98A92,3.0,2.0,0.0,29.03680981595092,0.08588957055214724,0.0,5.0,2026-01-12,0
0A23474F1944,3.0,3.0,0.0,31.50657894736842,0.2236842105263158,0.0,6.0,2026-01-12,0
0A25F6E3466C,3.0,3.0,3.0,1508.1818181818182,1.809090909090909,0.02727272727272727,9.0,2026-01-12,0
0A268A7E40CD,1.0,8.0,0.0,61.69620253164557,0.05063291139240506,0.0,9.0,2026-01-12,0
0A272C5A2C9B,0.0,0.0,0.0,0.0,0.0,0.0,0.0,2026-01-12,0
0A2778A31BE3,2.0,2.0,0.0,22.803680981595093,0.012269938650306749,0.0,4.0,2026-01-12,0
0A3528D089D9,1.0,5.0,0.0,27.869565217391305,0.031055900621118012,0.0,6.0,2026-01-12,0
0A3983033084,0.0,1.0,0.0,32.80128205128205,0.07051282051282051,0.0,1.0,2026-01-12,0
0A42B2DB6370,2.0,2.0,0.0,39.96341463414634,0.012195121951219513,0.0,4.0,2026-01-12,0
0A4673793B3E,1.0,1.0,0.0,4.0359281437125745,0.005988023952095809,0.0,2.0,2026-01-12,0
0A485668F5C0,2.0,3.0,0.0,226.82978723404256,0.3262411347517731,0.0,5.0,2026-01-12,0
0A4C884F240A,3.0,3.0,1.0,205.17333333333335,0.5266666666666666,0.006666666666666667,7.0,2026-01-12,0
0A4E33E2692B,3.0,3.0,0.0,875.484375,0.90625,0.0,6.0,2026-01-12,0
0A52DDE896BF,2.0,0.0,0.0,79.7516339869281,0.49019607843137253,0.0,2.0,2026-01-12,0
0A55DA266F71,1.0,0.0,0.0,25.0188679245283,0.06289308176100629,0.0,1.0,2026-01-12,0
0A568E79FEF6,0.0,0.0,0.0,0.0,0.0,0.0,0.0,2026-01-12,0
0A57338657F8,4.0,7.0,0.0,22.146496815286625,0.21656050955414013,0.0,11.0,2026-01-12,0
0A57A684E20B,6.0,7.0,0.0,64.65625,0.05,0.0,13.0,2026-01-12,0
0A58FAD26D9D,2.0,6.0,0.0,56.122699386503065,0.03680981595092025,0.0,8.0,2026-01-12,0
0A5C1439B384,2.0,4.0,0.0,111.73053892215569,0.023952095808383235,0.0,6.0,2026-01-12,0
0A5D017E401E,4.0,5.0,0.0,232.79617834394904,0.24203821656050956,0.0,9.0,2026-01-12,0
0A5E96449374,1.0,3.0,0.0,1595.3495145631068,1.6601941747572815,0.0,4.0,2026-01-12,0
0A61E3165158,2.0,1.0,0.0,42.98101265822785,0.10126582278481013,0.0,3.0,2026-01-12,0
0A62EECEEBD1,0.0,3.0,0.0,79.825,0.01875,0.0,3.0,2026-01-12,0
0A6324E3E043,6.0,12.0,4.0,124.51282051282051,0.08974358974358974,0.02564102564102564,22.0,2026-01-12,0
0A6390E0FBA4,6.0,0.0,0.0,2092.351145038168,2.381679389312977,0.0,6.0,2026-01-12,0
0A663B6B4B28,2.0,3.0,1.0,310.87179487179486,1.7179487179487178,0.00641025641025641,6.0,2026-01-12,0
0A682ED9C6DD,1.0,6.0,0.0,30.923566878980893,0.03821656050955414,0.0,7.0,2026-01-12,0
0A68A2032450,1.0,2.0,0.0,110.13138686131387,0.15328467153284672,0.0,3.0,2026-01-12,0
0A68DF0B3D07,1.0,1.0,0.0,137.7051282051282,0.11538461538461539,0.0,2.0,2026-01-12,0
0A68F38A6ACF,2.0,11.0,1.0,48.88815789473684,0.07236842105263158,0.006578947368421052,14.0,2026-01-12,0
0A6C571A1550,2.0,3.0,0.0,15.63855421686747,0.018072289156626505,0.0,5.0,2026-01-12,0
0A6D3595373D,0.0,12.0,0.0,39.47826086956522,0.07453416149068323,0.0,12.0,2026-01-12,0
0A6DA0C82CCB,4.0,4.0,0.0,393.9634146341463,0.024390243902439025,0.0,8.0,2026-01-12,0
0A71A6F9D6C6,3.0,16.0,0.0,72.95757575757575,0.09696969696969697,0.0,19.0,2026-01-12,0
0A78701F2DCA,1.0,2.0,0.0,56.97674418604651,0.046511627906976744,0.0,3.0,2026-01-12,0
0A78FAF47B00,1.0,2.0,0.0,68.43790849673202,0.16993464052287582,0.0,3.0,2026-01-12,0
0A7AAFDD9E11,0.0,1.0,0.0,356.55102040816325,0.14965986394557823,0.0,1.0,2026-01-12,0
0A7AC5BDAF86,4.0,5.0,0.0,18.81366459627329,0.037267080745341616,0.0,9.0,2026-01-12,0
0A800188C20F,3.0,20.0,0.0,292.77777777777777,0.13071895424836602,0.0,23.0,2026-01-12,0
0A8407CF4D85,2.0,5.0,0.0,21.993589743589745,0.038461538461538464,0.0,7.0,2026-01-12,0
0A87B8C2734F,6.0,5.0,0.0,97.0657894736842,0.21052631578947367,0.0,11.0,2026-01-12,0
0A8EA87BB037,4.0,4.0,0.0,87.60126582278481,0.21518987341772153,0.0,8.0,2026-01-12,0
0A9547C11A56,0.0,0.0,0.0,3855.103092783505,2.556701030927835,0.0,0.0,2026-01-12,0
0A96EACD8070,2.0,1.0,0.0,500.95238095238096,1.2857142857142858,0.0,3.0,2026-01-12,0
0A974F5D7D8C,3.0,3.0,2.0,141.9299363057325,0.21019108280254778,0.012738853503184714,8.0,2026-01-12,0
0A9A3BFD6C9B,4.0,3.0,0.0,65.73469387755102,0.4421768707482993,0.0,7.0,2026-01-12,0
0AA18F330F59,0.0,0.0,0.0,6569.79347826087,8.369565217391305,0.0,0.0,2026-01-12,0
0AA2818A7B27,1.0,1.0,0.0,317.18518518518516,0.006172839506172839,0.0,2.0,2026-01-12,0
0AA296FF247D,1.0,2.0,0.0,120.44927536231884,0.16666666666666666,0.0,3.0,2026-01-12,0
0AA2F2CAB50B,2.0,2.0,0.0,1048.7173913043478,3.0434782608695654,0.0,4.0,2026-01-12,0
0AA3F18DE550,1.0,9.0,0.0,29.74375,0.05625,0.0,10.0,2026-01-12,0
0AA473D2FC17,1.0,1.0,0.0,35.64779874213836,0.06918238993710692,0.0,2.0,2026-01-12,0
0AA4B065E5A5,2.0,14.0,0.0,54.3109756097561,0.09146341463414634,0.0,16.0,2026-01-12,0
0AA9051FFFFA,2.0,4.0,0.0,38.910828025477706,0.025477707006369428,0.0,6.0,2026-01-12,0
0AB5F9C21BF8,0.0,0.0,0.0,313.0993377483444,0.5033112582781457,0.0,0.0,2026-01-12,0
0AB6B45C775A,12.0,12.0,0.0,2925.091743119266,3.7981651376146788,0.0,24.0,2026-01-12,0
0AB97B7632EB,0.0,0.0,0.0,0.0,0.0,0.0,0.0,2026-01-12,0
0ABC8E60F4C1,0.0,6.0,3.0,105.98561151079137,0.04316546762589928,0.02158273381294964,9.0,2026-01-12,0
0ABD2E513F79,9.0,0.0,1.0,216.80124223602485,0.12422360248447205,0.006211180124223602,10.0,2026-01-12,0
0ABE42BE4165,1.0,1.0,0.0,20.88198757763975,0.09316770186335403,0.0,2.0,2026-01-12,0
0AC437023B18,0.0,0.0,0.0,19742.0,15.0,0.0,0.0,2026-01-12,0
0AD276FC5E27,0.0,0.0,0.0,276.51079136690646,0.2158273381294964,0.0,0.0,2026-01-12,0
0AD2C92E9756,1.0,3.0,0.0,68.26219512195122,0.018292682926829267,0.0,4.0,2026-01-12,0
0ADD02AB693D,4.0,7.0,0.0,42614.850746268654,4.208955223880597,0.0,11.0,2026-01-12,0
0AE03793586F,1.0,2.0,0.0,45.2360248447205,0.012422360248447204,0.0,3.0,2026-01-12,0
0AE21E7A17E4,6.0,5.0,0.0,83.5925925925926,0.2839506172839506,0.0,11.0,2026-01-12,0
0AE6BF39C720,3.0,11.0,0.0,91.03184713375796,0.3630573248407643,0.0,14.0,2026-01-12,0
0AF1F0E3B640,0.0,5.0,0.0,61.33974358974359,0.03205128205128205,0.0,5.0,2026-01-12,0
0AF51D7D0F73,3.0,4.0,0.0,252.68707482993196,0.23809523809523808,0.0,7.0,2026-01-12,0
0AF8DCB98E4B,0.0,0.0,0.0,238.5472972972973,0.36486486486486486,0.0,0.0,2026-01-12,0
0AF9846E92DD,1.0,1.0,0.0,63.66197183098591,0.1267605633802817,0.0,2.0,2026-01-12,0
0AFB7B311996,0.0,2.0,1.0,6.763975155279503,0.012422360248447204,0.006211180124223602,3.0,2026-01-12,0
0AFE702BB093,1.0,0.0,1.0,1922.132743362832,4.017699115044247,0.008849557522123894,2.0,2026-01-12,0
0AFFC263C0D9,0.0,0.0,6.0,464.20472440944883,0.4881889763779528,0.05511811023622047,6.0,2026-01-12,0
0E03D8F69853,1.0,1.0,0.0,903.9435483870968,1.25,0.0,2.0,2026-01-12,0
0E0A8D6EB6B9,0.0,0.0,0.0,151.43037974683546,0.20253164556962025,0.0,0.0,2026-01-12,0
0E0C3EB7915D,5.0,1.0,0.0,18.836477987421382,0.1509433962264151,0.0,6.0,2026-01-12,0
0E0E2996F51A,3.0,4.0,1.0,136.8562091503268,0.20915032679738563,0.006535947712418301,8.0,2026-01-12,0
0E113B01A9A2,0.0,0.0,0.0,190.9806451612903,0.0967741935483871,0.0,0.0,2026-01-12,0
0E11F69747A8,1.0,1.0,0.0,24.48125,0.00625,0.0,2.0,2026-01-12,0
0E121B6B8661,4.0,1.0,5.0,89.20261437908496,0.12418300653594772,0.032679738562091505,10.0,2026-01-12,0
0E1B6F4DBA34,4.0,2.0,0.0,151.56953642384107,0.543046357615894,0.0,6.0,2026-01-12,0
0E1C622E61BC,1.0,9.0,2.0,53.79874213836478,0.06289308176100629,0.012578616352201259,12.0,2026-01-12,0
0E1D7CA1DB0C,3.0,2.0,0.0,54.60606060606061,0.16363636363636364,0.0,5.0,2026-01-12,0
0E21C239D865,2.0,4.0,0.0,15.25748502994012,0.023952095808383235,0.0,6.0,2026-01-12,0
0E2575C7EE05,4.0,1.0,0.0,121.29299363057325,0.1337579617834395,0.0,5.0,2026-01-12,0
0E2728C481CA,0.0,3.0,6.0,761.237037037037,0.8518518518518519,0.044444444444444446,9.0,2026-01-12,0
0E293C5E4650,4.0,1.0,0.0,133.18421052631578,0.19078947368421054,0.0,5.0,2026-01-12,0
0E2DEE345837,1.0,7.0,0.0,53.316770186335404,0.043478260869565216,0.0,8.0,2026-01-12,0
0E31C429C185,3.0,4.0,0.0,332.27096774193546,0.025806451612903226,0.0,7.0,2026-01-12,0
0E34282F4B53,4.0,5.0,0.0,89.30625,0.03125,0.0,9.0,2026-01-12,0
0E3D96237639,2.0,6.0,0.0,16.561728395061728,0.037037037037037035,0.0,8.0,2026-01-12,0
0E41CF7F74D5,2.0,2.0,0.0,36.15822784810127,0.17088607594936708,0.0,4.0,2026-01-12,0
0E462188408C,4.0,2.0,0.0,34.79245283018868,1.270440251572327,0.0,6.0,2026-01-12,0
0E485CCBF90A,2.0,0.0,0.0,335.29126213592235,0.3106796116504854,0.0,2.0,2026-01-12,0
0E4CE5FB4405,2.0,1.0,0.0,199.04166666666666,0.3472222222222222,0.0,3.0,2026-01-12,0
0E50A5B2E5C4,2.0,2.0,0.0,25.81366459627329,0.012422360248447204,0.0,4.0,2026-01-12,0
0E543D410B0C,0.0,2.0,0.0,3.0239520958083834,0.011976047904191617,0.0,2.0,2026-01-12,0
0E55F28AB569,6.0,1.0,2.0,14973.747126436781,1.5862068965517242,0.21839080459770116,9.0,2026-01-12,0
0E5A9CEA8093,1.0,11.0,1.0,40.0,0.075,0.00625,13.0,2026-01-12,0
0E5CD9B19DCB,5.0,9.0,0.0,548.6387096774193,0.06451612903225806,0.0,14.0,2026-01-12,0
0E5DFCF65AD4,3.0,5.0,0.0,2160.7062937062938,0.3006993006993007,0.0,8.0,2026-01-12,0
0E61D34F9993,3.0,19.0,0.0,21.63125,0.11875,0.0,22.0,2026-01-12,0
0E69783262BE,4.0,3.0,3.0,153.61290322580646,0.10967741935483871,0.01935483870967742,10.0,2026-01-12,0
0E69C64B6E57,2.0,8.0,0.0,146.75471698113208,0.050314465408805034,0.0,10.0,2026-01-12,0
0E6A7794AFC7,0.0,0.0,0.0,0.0,0.0,0.0,0.0,2026-01-12,0
0E6ACE6D3146,3.0,5.0,0.0,25.496932515337424,0.19631901840490798,0.0,8.0,2026-01-12,0
0E6D2CBAED41,4.0,1.0,0.0,1140.1357142857144,1.7642857142857142,0.0,5.0,2026-01-12,0
0E752F1B295C,2.0,1.0,6.0,14909.572916666666,7.78125,0.4166666666666667,9.0,2026-01-12,0
0E7A8A5414C2,9.0,19.0,0.0,1288.1777777777777,1.2296296296296296,0.0,28.0,2026-01-12,0
0E892C46A442,2.0,0.0,0.0,73.76774193548387,1.270967741935484,0.0,2.0,2026-01-12,0
0E89F7D5B5BD,3.0,1.0,6.0,67.40645161290323,0.3032258064516129,0.03870967741935484,10.0,2026-01-12,0
0E8B8566815B,5.0,0.0,0.0,169.83544303797467,0.0949367088607595,0.0,5.0,2026-01-12,0
0E8CF9CA526F,1.0,2.0,0.0,4.793939393939394,0.012121212121212121,0.0,3.0,2026-01-12,0
0E8F36DAB9C2,1.0,3.0,0.0,1192.1237113402062,0.7422680412371134,0.0,4.0,2026-01-12,0
0E9761D8EB58,5.0,5.0,0.0,8263.587155963303,13.688073394495413,0.0,10.0,2026-01-12,0
0E9A30D927A5,3.0,6.0,3.0,5914.2808988764045,2.0,0.2696629213483146,12.0,2026-01-12,0
0E9C29FF940E,3.0,5.0,0.0,80.98958333333333,0.052083333333333336,0.0,8.0,2026-01-12,0
0E9DC914D8DF,2.0,2.0,0.0,113.60365853658537,0.012195121951219513,0.0,4.0,2026-01-12,0
0EA0447DA91C,1.0,1.0,0.0,2327.1692307692306,3.1615384615384614,0.0,2.0,2026-01-12,0
0EA22CFA3A24,0.0,1.0,0.0,139.48387096774192,0.2838709677419355,0.0,1.0,2026-01-12,0
0EA52A2A7581,3.0,2.0,8.0,304.90277777777777,0.3888888888888889,0.0625,13.0,2026-01-12,0
0EAEFEAEFB09,1.0,1.0,0.0,27.335403726708076,0.33540372670807456,0.0,2.0,2026-01-12,0
0EB04F2114F4,1.0,1.0,0.0,80.53048780487805,0.006097560975609756,0.0,2.0,2026-01-12,0
0EB6B31D8AFB,1.0,2.0,0.0,55.63414634146341,0.012195121951219513,0.0,3.0,2026-01-12,0
0EBF1B27CDE1,0.0,0.0,1.0,128.47435897435898,0.391025641025641,0.00641025641025641,1.0,2026-01-12,0
0EC8A35D0C20,1.0,1.0,0.0,16.70807453416149,0.006211180124223602,0.0,2.0,2026-01-12,0
0ED0849FD6D8,1.0,1.0,1.0,458.6978417266187,0.3597122302158273,0.007194244604316547,3.0,2026-01-12,0
0ED1E9DBD593,2.0,6.0,0.0,1767.875,1.2980769230769231,0.0,8.0,2026-01-12,0
0ED4052A2763,1.0,4.0,0.0,32.81325301204819,0.024096385542168676,0.0,5.0,2026-01-12,0
0ED5057ECE3F,2.0,1.0,1.0,723.2941176470588,1.3676470588235294,0.007352941176470588,4.0,2026-01-12,0
0EDC7177CCA9,0.0,0.0,0.0,137.4140127388535,0.03184713375796178,0.025477707006369428,0.0,2026-01-12,0
0EE071F7B24A,2.0,7.0,0.0,33.875,0.04375,0.0,9.0,2026-01-12,0
0EE09EDA649F,7.0,18.0,0.0,579.2986111111111,0.125,0.0,25.0,2026-01-12,0
0EE317BA7C52,3.0,1.0,4.0,176.93650793650792,0.373015873015873,0.031746031746031744,8.0,2026-01-12,0
0EE51B79E853,0.0,5.0,0.0,13.140243902439025,0.03048780487804878,0.0,5.0,2026-01-12,0
0EE78E4317BB,1.0,1.0,0.0,54.80821917808219,0.10273972602739725,0.0,2.0,2026-01-12,0
0EE9497950EE,1.0,0.0,0.0,30.411392405063292,0.3227848101265823,0.0,1.0,2026-01-12,0
0EEA98D1BFDB,3.0,7.0,0.0,14.030864197530864,0.043209876543209874,0.0,10.0,2026-01-12,0
0EECB108FF91,3.0,1.0,0.0,61.04430379746835,0.36075949367088606,0.0,4.0,2026-01-12,0
0EF023E6452D,1.0,3.0,6.0,249.16783216783216,0.26573426573426573,0.04195804195804196,10.0,2026-01-12,0
0EF08481B333,2.0,10.0,0.0,20.325,0.0625,0.0,12.0,2026-01-12,0
0EF437108E63,2.0,0.0,0.0,211.10294117647058,0.3014705882352941,0.0,2.0,2026-01-12,0
0EF47B410B41,4.0,6.0,0.0,81.68181818181819,0.03896103896103896,0.0,10.0,2026-01-12,0
0EFD600E2623,1.0,4.0,0.0,29.944444444444443,0.024691358024691357,0.0,5.0,2026-01-12,0
0202CB0A6B1F,1.0,4.0,0.0,80.7452229299363,0.15286624203821655,0.0,5.0,2026-01-19,0
02043B6BA08B,0.0,4.0,0.0,11.688741721854305,0.026490066225165563,0.0,4.0,2026-01-19,0
02075B45BF24,1.0,3.0,1.0,11.364779874213836,0.018867924528301886,0.006289308176100629,5.0,2026-01-19,0
02091DF7CCB8,0.0,0.0,0.0,2559.59793814433,2.3711340206185567,0.15463917525773196,0.0,2026-01-19,0
02097AB58D3C,3.0,16.0,0.0,90.7125,0.1,0.0,19.0,2026-01-19,0
020CC6FB9659,2.0,0.0,1.0,194.3548387096774,0.4258064516129032,0.0064516129032258064,3.0,2026-01-19,0
02132677328F,0.0,1.0,0.0,44.26027397260274,0.1232876712328767,0.0,1.0,2026-01-19,0
02142F017781,0.0,0.0,1.0,0.0,0.0,0.006134969325153374,1.0,2026-01-19,0
02145826103B,2.0,1.0,0.0,67.61842105263158,0.25,0.0,3.0,2026-01-19,0
0217820BFFB2,2.0,3.0,0.0,342.496644295302,0.35570469798657717,0.0,5.0,2026-01-19,0
02251388D3A2,1.0,2.0,0.0,29.475609756097562,0.018292682926829267,0.0,3.0,2026-01-19,0
0228A99EE35A,2.0,7.0,0.0,29.954838709677418,0.04516129032258064,0.0,9.0,2026-01-19,0
022C6F326E3B,7.0,0.0,7.0,182686.69565217392,37.21739130434783,1.2391304347826086,14.0,2026-01-19,0
022DB47C41AC,0.0,1.0,0.0,102.22929936305732,0.1337579617834395,0.0,1.0,2026-01-19,0
023015602FAA,0.0,2.0,0.0,23.29090909090909,0.012121212121212121,0.0,2.0,2026-01-19,0
0230D261A1CD,4.0,10.0,0.0,32.317880794701985,0.0728476821192053,0.0,14.0,2026-01-19,0
0230EEF72435,2.0,0.0,0.0,51.27564102564103,1.1346153846153846,0.0,2.0,2026-01-19,0
02314F9A9168,3.0,6.0,2.0,12178.09090909091,1.628099173553719,0.01652892561983471,11.0,2026-01-19,0
023257D29366,3.0,6.0,0.0,66.90853658536585,0.036585365853658534,0.0,9.0,2026-01-19,0
023270320B57,5.0,4.0,0.0,68.78260869565217,0.9130434782608695,0.0,9.0,2026-01-19,0
02388A18854F,5.0,0.0,0.0,460.18382352941177,2.3088235294117645,0.0,5.0,2026-01-19,0
0239AD51B7AF,8.0,12.0,3.0,5859.09243697479,3.4789915966386555,0.025210084033613446,23.0,2026-01-19,0
023A663EFD87,2.0,0.0,0.0,79.41290322580645,0.4064516129032258,0.0,2.0,2026-01-19,0
023ADDDECF84,2.0,1.0,1.0,1165.1181102362204,1.078740157480315,0.007874015748031496,4.0,2026-01-19,0
02423E0E6E9F,4.0,4.0,4.0,86783.725,10.825,3.35,12.0,2026-01-19,0
024570739DE0,0.0,0.0,0.0,4465.0,2.0,1.0,0.0,2026-01-19,0
02478CD90F3A,3.0,7.0,0.0,569.228187919463,0.04697986577181208,0.0,10.0,2026-01-19,0
024DD3A9ADCA,13.0,8.0,12.0,6860.59793814433,2.783505154639175,0.4536082474226804,33.0,2026-01-19,0
024ED433BF7D,1.0,0.0,2.0,2111.0882352941176,2.8137254901960786,0.0196078431372549,3.0,2026-01-19,0
0253BB40EDA6,1.0,2.0,0.0,6.806060606060606,0.012121212121212121,0.0,3.0,2026-01-19,0
0257E855DBCE,0.0,0.0,2.0,39.03164556962025,0.10126582278481013,0.012658227848101266,2.0,2026-01-19,0
0259991BA036,1.0,0.0,2.0,825.8372093023256,0.7984496124031008,0.015503875968992248,3.0,2026-01-19,0
026A6007FA48,4.0,1.0,0.0,273.2830188679245,0.5094339622641509,0.0,5.0,2026-01-19,0
027137436C87,3.0,3.0,0.0,21.720496894409937,0.018633540372670808,0.0,6.0,2026-01-19,0
0278E06A2F67,0.0,0.0,0.0,0.0,0.0,0.0,0.0,2026-01-19,0
0279D2AC6ACE,4.0,15.0,0.0,69.07142857142857,0.11038961038961038,0.0,19.0,2026-01-19,0
027B2DC4EA84,0.0,1.0,0.0,120.44171779141104,0.09202453987730061,0.0,1.0,2026-01-19,0
027D07FC97FC,3.0,7.0,0.0,105.1523178807947,0.046357615894039736,0.0,10.0,2026-01-19,0
027FE9CED489,2.0,6.0,0.0,272.63448275862066,0.9862068965517241,0.0,8.0,2026-01-19,0
028764AA026E,0.0,0.0,0.0,0.0,0.0,0.0,0.0,2026-01-19,0
02892F51E1CB,6.0,0.0,7.0,134814.12307692308,39.707692307692305,0.1076923076923077,13.0,2026-01-19,0
0289694A6E5B,1.0,2.0,0.0,179.60666666666665,0.18666666666666668,0.0,3.0,2026-01-19,0
028B24EADDAD,4.0,5.0,12.0,23350.2,3.3777777777777778,0.15555555555555556,21.0,2026-01-19,0
028CC0AE5719,0.0,0.0,0.0,2715.8823529411766,0.9191176470588235,0.0,0.0,2026-01-19,0
0293918A963F,1.0,1.0,0.0,69.79268292682927,0.006097560975609756,0.0,2.0,2026-01-19,0
02980E461859,1.0,3.0,0.0,32.89808917197452,0.01910828025477707,0.0,4.0,2026-01-19,0
029A2B32D17E,1.0,0.0,0.0,222.3708609271523,0.7814569536423841,0.0,1.0,2026-01-19,0
029C03C2BF19,5.0,2.0,0.0,73.47852760736197,0.19631901840490798,0.0,7.0,2026-01-19,0
029DA26B1A92,5.0,12.0,0.0,37.670731707317074,0.07317073170731707,0.0,17.0,2026-01-19,0
02A3A213EEC1,3.0,4.0,0.0,56.40963855421687,0.024096385542168676,0.0,7.0,2026-01-19,0
02A80292CB97,0.0,0.0,0.0,47.775,0.1625,0.0,0.0,2026-01-19,0
02B5C5ADC792,0.0,3.0,1.0,429.25342465753425,0.21232876712328766,0.00684931506849315,4.0,2026-01-19,0
02B742646A0E,1.0,1.0,0.0,95.51898734177215,0.15822784810126583,0.0,2.0,2026-01-19,0
02BAD919855D,2.0,0.0,2.0,13606.41304347826,2.1630434782608696,0.021739130434782608,4.0,2026-01-19,0
02BD26A4C3A0,2.0,5.0,0.0,35.551515151515154,0.030303030303030304,0.0,7.0,2026-01-19,0
02C0F45F31E7,0.0,0.0,1.0,338165.625,55.0,0.03125,1.0,2026-01-19,0
02CFFA3A3F35,1.0,1.0,0.0,21.460122699386503,0.006134969325153374,0.0,2.0,2026-01-19,0
02D49A34B2FE,0.0,0.0,0.0,289.35714285714283,0.31746031746031744,0.007936507936507936,0.0,2026-01-19,0
02D4DFEF402A,2.0,0.0,0.0,54117.666666666664,31.69047619047619,0.16666666666666666,2.0,2026-01-19,0
02D7623552C8,2.0,4.0,2.0,2371.7678571428573,2.75,0.32142857142857145,8.0,2026-01-19,0
02DC03A0F1E6,0.0,5.0,0.0,14.078787878787878,0.030303030303030304,0.0,5.0,2026-01-19,0
02E12310186C,4.0,0.0,0.0,88002.79545454546,2.5454545454545454,0.11363636363636363,4.0,2026-01-19,0
02EBC6CD4398,6.0,11.0,0.0,58.41139240506329,0.08227848101265822,0.0,17.0,2026-01-19,0
02F093C88F2E,2.0,1.0,0.0,62.32258064516129,0.08387096774193549,0.0,3.0,2026-01-19,0
02F18EEE028A,0.0,0.0,0.0,152.66187050359713,0.1510791366906475,0.0,0.0,2026-01-19,0
02F56F7C8E0B,0.0,0.0,0.0,0.0,0.0,0.0,0.0,2026-01-19,0
02F5CE7705EC,0.0,0.0,1.0,59.19078947368421,0.5592105263157895,0.006578947368421052,1.0,2026-01-19,0
02F98EB34A7A,2.0,5.0,0.0,17.709876543209877,0.030864197530864196,0.0,7.0,2026-01-19,0
02FBDD4A2C43,3.0,4.0,0.0,23.28395061728395,0.024691358024691357,0.0,7.0,2026-01-19,0
060C5773A61B,4.0,0.0,0.0,917.276923076923,0.9615384615384616,0.0,4.0,2026-01-19,0
060EE3CB4779,3.0,0.0,0.0,49.717948717948715,0.14102564102564102,0.0,3.0,2026-01-19,0
06132D7396F8,0.0,1.0,0.0,420.3071428571429,0.8071428571428572,0.0,1.0,2026-01-19,0
0616F247083A,5.0,3.0,0.0,290.59183673469386,0.17006802721088435,0.0,8.0,2026-01-19,0
061A4322745C,0.0,0.0,3.0,169.4931506849315,0.3287671232876712,0.02054794520547945,3.0,2026-01-19,0
06238EE3BE6C,3.0,4.0,2.0,212.26845637583892,0.22818791946308725,0.013422818791946308,9.0,2026-01-19,0
062EA113798F,1.0,0.0,0.0,125.39634146341463,0.054878048780487805,0.0,1.0,2026-01-19,0
0634F78DB4C5,0.0,0.0,0.0,392.5378787878788,0.6818181818181818,0.0,0.0,2026-01-19,0
0639EA5602C1,4.0,5.0,0.0,57.11392405063291,0.03164556962025317,0.0,9.0,2026-01-19,0
0644582257D9,2.0,1.0,0.0,128.41216216216216,0.10135135135135136,0.0,3.0,2026-01-19,0
064AED1EC0AA,3.0,3.0,0.0,251.1875,0.22916666666666666,0.0,6.0,2026-01-19,0
064BE19B0A9E,0.0,2.0,2.0,23.50314465408805,0.012578616352201259,0.012578616352201259,4.0,2026-01-19,0
064C94C771EC,4.0,16.0,0.0,973.1282051282051,0.10256410256410256,0.0,20.0,2026-01-19,0
064E66B5367B,2.0,3.0,0.0,164.59876543209876,0.3765432098765432,0.0,5.0,2026-01-19,0
06509A84E873,0.0,0.0,1.0,13.553459119496855,0.1761006289308176,0.006289308176100629,1.0,2026-01-19,0
065B928716CD,5.0,2.0,0.0,2579.561403508772,3.1140350877192984,0.0,7.0,2026-01-19,0
065C003A8D0C,2.0,1.0,7.0,1126.6904761904761,1.3650793650793651,0.05555555555555555,10.0,2026-01-19,0
066430BA5119,2.0,3.0,0.0,19.4472049689441,0.018633540372670808,0.0,5.0,2026-01-19,0
0665C3FE6D67,1.0,6.0,0.0,122.61783439490446,0.03821656050955414,0.0,7.0,2026-01-19,0
06711BE6AD2A,0.0,7.0,0.0,40.666666666666664,0.043209876543209874,0.0,7.0,2026-01-19,0
06787526FEB3,0.0,1.0,0.0,268.67424242424244,1.1666666666666667,0.0,1.0,2026-01-19,0
0683D2A8DA42,3.0,7.0,2.0,31.2760736196319,0.04294478527607362,0.012269938650306749,12.0,2026-01-19,0
068553B3AA23,0.0,0.0,0.0,1481.6760563380283,0.29577464788732394,0.0,0.0,2026-01-19,0
0687F36E02C6,1.0,0.0,0.0,30.75,0.11206896551724138,0.0,1.0,2026-01-19,0
069357B9F15F,0.0,0.0,1.0,71.0952380952381,0.272108843537415,0.006802721088435374,1.0,2026-01-19,0
06981FD8AA87,4.0,2.0,1.0,548.171052631579,0.1513157894736842,0.006578947368421052,7.0,2026-01-19,0
069A98DEEB1D,0.0,0.0,0.0,70359.0243902439,17.51219512195122,0.3170731707317073,0.0,2026-01-19,0
06AA1DE70CBF,2.0,4.0,0.0,75.89024390243902,0.024390243902439025,0.0,6.0,2026-01-19,0
06AAA28A5D6B,1.0,2.0,0.0,37.01234567901235,0.012345679012345678,0.0,3.0,2026-01-19,0
06AEE181F595,6.0,5.0,0.0,167.98611111111111,0.2916666666666667,0.0,11.0,2026-01-19,0
06B162DC93E3,1.0,0.0,0.0,2172.92523364486,0.1588785046728972,0.0,1.0,2026-01-19,0
06B641B75B29,1.0,0.0,5.0,1422.842105263158,4.131578947368421,0.043859649122807015,6.0,2026-01-19,0
06C0D5E3BCDB,1.0,1.0,1.0,70788.8275862069,5.172413793103448,0.20689655172413793,3.0,2026-01-19,0
06C67619095C,1.0,2.0,0.0,108.1741935483871,0.012903225806451613,0.0,3.0,2026-01-19,0
06C77FEA9550,9.0,4.0,0.0,410.0952380952381,0.9591836734693877,0.0,13.0,2026-01-19,0
06C98DF4F0FA,1.0,1.0,1.0,11.305732484076433,0.006369426751592357,0.006369426751592357,3.0,2026-01-19,0
06CE0F3CFB3C,2.0,1.0,0.0,517.1565217391304,0.14782608695652175,0.0,3.0,2026-01-19,0
06D0342253A0,1.0,0.0,0.0,74.21656050955414,0.050955414012738856,0.0,1.0,2026-01-19,0
06D388A19D5D,2.0,1.0,0.0,6.95679012345679,0.09876543209876543,0.0,3.0,2026-01-19,0
06D6B7018E15,0.0,13.0,0.0,60.25,0.08125,0.0,13.0,2026-01-19,0
06D7F6C73E0C,0.0,0.0,0.0,192.13513513513513,0.05405405405405406,0.0,0.0,2026-01-19,0
06D84598CCB4,1.0,7.0,0.0,67.45061728395062,0.043209876543209874,0.0,8.0,2026-01-19,0
06DAF11BD38F,1.0,0.0,0.0,389.59722222222223,0.2569444444444444,0.0,1.0,2026-01-19,0
06EA136A2996,2.0,4.0,0.0,96.23926380368098,0.024539877300613498,0.0,6.0,2026-01-19,0
06EDBAE64B57,0.0,1.0,0.0,2.6503067484662575,0.006134969325153374,0.0,1.0,2026-01-19,0
06EEBD283262,2.0,2.0,0.0,68.0251572327044,0.012578616352201259,0.0,4.0,2026-01-19,0
06EFD61B80ED,3.0,8.0,0.0,38.22222222222222,0.04938271604938271,0.0,11.0,2026-01-19,0
06F2469B50EF,2.0,4.0,1.0,88.68987341772151,0.02531645569620253,0.006329113924050633,7.0,2026-01-19,0
06F2CDBD2C41,3.0,2.0,0.0,318.9153846153846,0.4307692307692308,0.0,5.0,2026-01-19,0
06F40EA87663,0.0,5.0,0.0,16.817073170731707,0.03048780487804878,0.0,5.0,2026-01-19,0
06F49BD8F572,15.0,19.0,3.0,1523.5391304347827,1.1565217391304348,0.02608695652173913,37.0,2026-01-19,0
06FDA7D7B22A,2.0,3.0,0.0,12.067073170731707,0.018292682926829267,0.0,5.0,2026-01-19,0
06FFEC2EFA5E,1.0,2.0,0.0,191.74657534246575,0.4589041095890411,0.0,3.0,2026-01-19,1
0A0B47664A85,0.0,1.0,0.0,40.833333333333336,0.2716049382716049,0.0,1.0,2026-01-19,0
0A10201AFE0A,2.0,3.0,0.0,29.836477987421382,0.018867924528301886,0.0,5.0,2026-01-19,0
0A1037E90A63,0.0,2.0,0.0,30.005988023952096,0.011976047904191617,0.0,2.0,2026-01-19,0
0A10A5A5056E,2.0,3.0,0.0,80.2547770700637,0.15286624203821655,0.0,5.0,2026-01-19,0
0A15BC628AFC,0.0,0.0,0.0,0.0,0.0,0.0,0.0,2026-01-19,0
0A182EFD3C61,2.0,0.0,0.0,168.33812949640287,0.8633093525179856,0.0,2.0,2026-01-19,0
0A184A2E46B7,1.0,0.0,0.0,50.34355828220859,0.8834355828220859,0.0,1.0,2026-01-19,0
0A19C62F4F6D,3.0,3.0,0.0,96.13125,0.1125,0.0,6.0,2026-01-19,0
0A1FB1C98A92,0.0,10.0,0.0,11.679245283018869,0.06289308176100629,0.0,10.0,2026-01-19,0
0A23474F1944,2.0,2.0,0.0,16.434782608695652,0.18012422360248448,0.0,4.0,2026-01-19,0
0A25F6E3466C,2.0,1.0,3.0,1447.1858407079646,2.017699115044248,0.02654867256637168,6.0,2026-01-19,0
0A268A7E40CD,2.0,8.0,0.0,28.13125,0.05,0.0,10.0,2026-01-19,0
0A272C5A2C9B,1.0,2.0,0.0,16.387878787878787,0.012121212121212121,0.0,3.0,2026-01-19,0
0A2778A31BE3,3.0,3.0,0.0,37.75949367088607,0.0189873417721519,0.0,6.0,2026-01-19,0
0A3528D089D9,2.0,13.0,0.0,55.2625,0.08125,0.0,15.0,2026-01-19,0
0A3983033084,1.0,10.0,0.0,28.96273291925466,0.062111801242236024,0.0,11.0,2026-01-19,0
0A42B2DB6370,2.0,2.0,0.0,57.670731707317074,0.012195121951219513,0.0,4.0,2026-01-19,0
0A4673793B3E,2.0,6.0,0.0,5.993939393939394,0.03636363636363636,0.0,8.0,2026-01-19,0
0A485668F5C0,3.0,1.0,0.0,213.77777777777777,0.3247863247863248,0.0,4.0,2026-01-19,0
0A4C884F240A,7.0,6.0,2.0,418.5422535211268,0.7183098591549296,0.014084507042253521,15.0,2026-01-19,0
0A4E33E2692B,4.0,5.0,0.0,1037.686567164179,0.9850746268656716,0.0,9.0,2026-01-19,0
0A52DDE896BF,2.0,0.0,0.0,52.150326797385624,0.30718954248366015,0.0,2.0,2026-01-19,0
0A55DA266F71,2.0,10.0,0.0,36.807453416149066,0.062111801242236024,0.0,12.0,2026-01-19,0
0A568E79FEF6,0.0,0.0,0.0,0.0,0.0,0.0,0.0,2026-01-19,0
0A57338657F8,4.0,1.0,0.0,18.5,0.13580246913580246,0.0,5.0,2026-01-19,0
0A57A684E20B,0.0,4.0,0.0,10.524390243902438,0.024390243902439025,0.0,4.0,2026-01-19,0
0A58FAD26D9D,2.0,6.0,0.0,45.80368098159509,0.03680981595092025,0.0,8.0,2026-01-19,0
0A5C1439B384,1.0,4.0,0.0,28.436363636363637,0.024242424242424242,0.0,5.0,2026-01-19,0
0A5D017E401E,3.0,3.0,0.0,227.61744966442953,0.21476510067114093,0.0,6.0,2026-01-19,0
0A5E96449374,2.0,1.0,0.0,1712.2241379310344,1.4310344827586208,0.0,3.0,2026-01-19,0
0A61E3165158,3.0,2.0,0.0,69.88125,0.175,0.0,5.0,2026-01-19,0
0A62EECEEBD1,0.0,3.0,0.0,42.4472049689441,0.018633540372670808,0.0,3.0,2026-01-19,0
0A6324E3E043,3.0,8.0,3.0,64.71951219512195,0.04878048780487805,0.018292682926829267,14.0,2026-01-19,0
0A6390E0FBA4,5.0,2.0,0.0,2229.0666666666666,2.688888888888889,0.0,7.0,2026-01-19,0
0A663B6B4B28,2.0,5.0,1.0,339.24666666666667,2.34,0.006666666666666667,8.0,2026-01-19,0
0A682ED9C6DD,3.0,6.0,0.0,53.096774193548384,0.03870967741935484,0.0,9.0,2026-01-19,0
0A68A2032450,1.0,0.0,0.0,78.95070422535211,0.09154929577464789,0.0,1.0,2026-01-19,0
0A68DF0B3D07,1.0,1.0,0.0,87.44654088050315,0.07547169811320754,0.0,2.0,2026-01-19,0
0A68F38A6ACF,3.0,12.0,4.0,123.39864864864865,0.0945945945945946,0.02702702702702703,19.0,2026-01-19,0
0A6C571A1550,2.0,2.0,0.0,8.104294478527608,0.018404907975460124,0.0,4.0,2026-01-19,0
0A6D3595373D,2.0,9.0,0.0,46.96319018404908,0.05521472392638037,0.0,11.0,2026-01-19,0
0A6DA0C82CCB,0.0,1.0,0.0,19.21604938271605,0.006172839506172839,0.0,1.0,2026-01-19,0
0A71A6F9D6C6,2.0,8.0,0.0,113.73125,0.05,0.0,10.0,2026-01-19,0
0A78701F2DCA,5.0,9.0,0.0,55.91503267973856,0.058823529411764705,0.0,14.0,2026-01-19,0
0A78FAF47B00,4.0,4.0,0.0,79.08536585365853,0.15853658536585366,0.0,8.0,2026-01-19,0
0A7AAFDD9E11,1.0,2.0,0.0,352.5973154362416,0.09395973154362416,0.0,3.0,2026-01-19,0
0A7AC5BDAF86,3.0,5.0,0.0,19.923566878980893,0.03821656050955414,0.0,8.0,2026-01-19,0
0A800188C20F,2.0,10.0,0.0,133.84313725490196,0.0718954248366013,0.0,12.0,2026-01-19,0
0A8407CF4D85,1.0,8.0,0.0,153.9811320754717,0.050314465408805034,0.0,9.0,2026-01-19,0
0A87B8C2734F,3.0,5.0,0.0,69.0253164556962,0.12658227848101267,0.0,8.0,2026-01-19,0
0A8EA87BB037,2.0,2.0,0.0,53.987730061349694,0.1411042944785276,0.0,4.0,2026-01-19,0
0A9547C11A56,0.0,0.0,0.0,1793.5846153846153,1.4307692307692308,0.0,0.0,2026-01-19,0
0A96EACD8070,3.0,2.0,0.0,465.60283687943263,1.2411347517730495,0.0,5.0,2026-01-19,0
0A974F5D7D8C,4.0,1.0,4.0,127.91558441558442,0.13636363636363635,0.025974025974025976,9.0,2026-01-19,0
0A9A3BFD6C9B,5.0,0.0,0.0,60.3,0.38125,0.0,5.0,2026-01-19,0
0AA18F330F59,0.0,0.0,0.0,7254.122448979592,6.0,0.0,0.0,2026-01-19,0
0AA2818A7B27,1.0,1.0,0.0,353.5740740740741,0.006172839506172839,0.0,2.0,2026-01-19,0
0AA296FF247D,0.0,4.0,0.0,74.3006993006993,0.15384615384615385,0.0,4.0,2026-01-19,0
0AA2F2CAB50B,2.0,4.0,0.0,1168.5354330708662,3.4015748031496065,0.0,6.0,2026-01-19,0
0AA3F18DE550,0.0,11.0,0.0,35.00625,0.06875,0.0,11.0,2026-01-19,0
0AA473D2FC17,0.0,5.0,1.0,12.175,0.03125,0.00625,6.0,2026-01-19,0
0AA4B065E5A5,3.0,11.0,0.0,39.11656441717791,0.06748466257668712,0.0,14.0,2026-01-19,0
0AA9051FFFFA,2.0,4.0,0.0,15.386503067484663,0.024539877300613498,0.0,6.0,2026-01-19,0
0AB5F9C21BF8,1.0,0.0,1.0,428.93055555555554,0.4375,0.006944444444444444,2.0,2026-01-19,0
0AB6B45C775A,11.0,6.0,5.0,7561.367088607595,7.30379746835443,0.06329113924050633,22.0,2026-01-19,0
0AB97B7632EB,0.0,0.0,0.0,0.0,0.0,0.0,0.0,2026-01-19,0
0ABC8E60F4C1,1.0,15.0,0.0,320.9142857142857,0.10714285714285714,0.0,16.0,2026-01-19,0
0ABD2E513F79,5.0,0.0,0.0,358.0662251655629,0.1390728476821192,0.0,5.0,2026-01-19,0
0ABE42BE4165,5.0,2.0,0.0,43.55769230769231,0.1346153846153846,0.0,7.0,2026-01-19,0
0AC437023B18,0.0,0.0,0.0,19742.0,15.0,0.0,0.0,2026-01-19,0
0AD276FC5E27,0.0,1.0,0.0,209.4016393442623,0.2786885245901639,0.0,1.0,2026-01-19,0
0AD2C92E9756,3.0,3.0,0.0,268.0365853658537,0.018292682926829267,0.0,6.0,2026-01-19,0
0ADD02AB693D,5.0,4.0,0.0,53788.2125,5.3,0.0,9.0,2026-01-19,0
0AE03793586F,0.0,0.0,0.0,0.0,0.0,0.0,0.0,2026-01-19,0
0AE21E7A17E4,4.0,2.0,0.0,76.76729559748428,0.2389937106918239,0.0,6.0,2026-01-19,0
0AE6BF39C720,4.0,11.0,0.0,93.15789473684211,0.3026315789473684,0.0,15.0,2026-01-19,0
0AF1F0E3B640,0.0,7.0,0.0,58.74050632911393,0.04430379746835443,0.0,7.0,2026-01-19,0
0AF51D7D0F73,2.0,4.0,0.0,276.1363636363636,0.2857142857142857,0.0,6.0,2026-01-19,0
0AF8DCB98E4B,1.0,2.0,0.0,89.54838709677419,0.14193548387096774,0.0,3.0,2026-01-19,0
0AF9846E92DD,0.0,0.0,0.0,29.218045112781954,0.11278195488721804,0.0,0.0,2026-01-19,0
0AFB7B311996,1.0,4.0,0.0,49.19512195121951,0.024390243902439025,0.0,5.0,2026-01-19,0
0AFE702BB093,4.0,1.0,1.0,2430.2589285714284,4.383928571428571,0.008928571428571428,6.0,2026-01-19,0
0AFFC263C0D9,1.0,1.0,5.0,621.2833333333333,0.5916666666666667,0.041666666666666664,7.0,2026-01-19,0
0E03D8F69853,4.0,0.0,0.0,760.776119402985,1.1417910447761195,0.0,4.0,2026-01-19,0
0E0A8D6EB6B9,0.0,0.0,0.0,124.17006802721089,0.16326530612244897,0.0,0.0,2026-01-19,0
0E0C3EB7915D,3.0,1.0,0.0,12.286585365853659,0.0975609756097561,0.0,4.0,2026-01-19,0
0E0E2996F51A,1.0,5.0,0.0,141.87820512820514,0.23076923076923078,0.0,6.0,2026-01-19,0
0E113B01A9A2,0.0,0.0,0.0,162.5496688741722,0.11920529801324503,0.0,0.0,2026-01-19,0
0E11F69747A8,0.0,0.0,0.0,0.0,0.0,0.0,0.0,2026-01-19,0
0E121B6B8661,4.0,3.0,4.0,96.99363057324841,0.1910828025477707,0.025477707006369428,11.0,2026-01-19,0
0E1B6F4DBA34,4.0,3.0,0.0,177.13333333333333,0.52,0.0,7.0,2026-01-19,0
0E1C622E61BC,0.0,6.0,1.0,20.37012987012987,0.03896103896103896,0.006493506493506494,7.0,2026-01-19,0
0E1D7CA1DB0C,3.0,1.0,0.0,60.72289156626506,0.14457831325301204,0.0,4.0,2026-01-19,0
0E21C239D865,2.0,4.0,0.0,79.88125,0.025,0.0,6.0,2026-01-19,0
0E2575C7EE05,1.0,3.0,0.0,128.43225806451613,0.11612903225806452,0.0,4.0,2026-01-19,0
0E2728C481CA,1.0,1.0,11.0,685.260162601626,0.8780487804878049,0.08943089430894309,13.0,2026-01-19,0
0E293C5E4650,1.0,1.0,0.0,108.23529411764706,0.1437908496732026,0.0,2.0,2026-01-19,0
0E2DEE345837,2.0,10.0,0.0,94.0609756097561,0.06707317073170732,0.0,12.0,2026-01-19,0
0E31C429C185,2.0,2.0,0.0,134.44805194805195,0.012987012987012988,0.0,4.0,2026-01-19,0
0E34282F4B53,1.0,2.0,0.0,28.509677419354837,0.012903225806451613,0.0,3.0,2026-01-19,0
0E3D96237639,1.0,4.0,0.0,8.753086419753087,0.024691358024691357,0.0,5.0,2026-01-19,0
0E3E1361EF6B,1.0,5.0,0.0,208.82608695652175,0.07246376811594203,0.0,6.0,2026-01-19,0
0E41CF7F74D5,6.0,8.0,0.0,44.5253164556962,0.24050632911392406,0.0,14.0,2026-01-19,0
0E462188408C,6.0,6.0,0.0,35.62893081761006,1.251572327044025,0.0,12.0,2026-01-19,0
0E485CCBF90A,2.0,4.0,0.0,286.67123287671234,0.2465753424657534,0.0,6.0,2026-01-19,0
0E4CE5FB4405,3.0,1.0,0.0,156.18705035971223,0.31654676258992803,0.0,4.0,2026-01-19,0
0E50A5B2E5C4,1.0,4.0,1.0,19.16875,0.025,0.00625,6.0,2026-01-19,0
0E5303C82FCB,2.0,2.0,0.0,8.460869565217392,0.017391304347826087,0.0,4.0,2026-01-19,0
0E543D410B0C,3.0,6.0,0.0,63.38181818181818,0.03636363636363636,0.0,9.0,2026-01-19,0
0E55F28AB569,4.0,0.0,4.0,17720.102040816328,1.4591836734693877,0.336734693877551,8.0,2026-01-19,0
0E5A9CEA8093,0.0,11.0,0.0,17.079754601226995,0.06748466257668712,0.0,11.0,2026-01-19,0
0E5CD9B19DCB,4.0,10.0,0.0,1627.8692307692309,0.07692307692307693,0.0,14.0,2026-01-19,1
0E5DFCF65AD4,2.0,9.0,0.0,1531.3543307086613,0.3779527559055118,0.0,11.0,2026-01-19,0
0E61D34F9993,1.0,9.0,0.0,9.91304347826087,0.055900621118012424,0.0,10.0,2026-01-19,0
0E69783262BE,2.0,2.0,0.0,109.02027027027027,0.11486486486486487,0.0,4.0,2026-01-19,0
0E69C64B6E57,3.0,7.0,0.0,108.00632911392405,0.04430379746835443,0.0,10.0,2026-01-19,0
0E6A7794AFC7,2.0,2.0,0.0,18.65868263473054,0.011976047904191617,0.0,4.0,2026-01-19,0
0E6ACE6D3146,2.0,1.0,0.0,32.698113207547166,0.18867924528301888,0.0,3.0,2026-01-19,0
0E6D2CBAED41,2.0,0.0,0.0,1165.0387596899225,1.8372093023255813,0.0,2.0,2026-01-19,0
0E752F1B295C,2.0,0.0,0.0,7167.526315789473,3.8157894736842106,0.19298245614035087,2.0,2026-01-19,0
0E7A8A5414C2,8.0,6.0,0.0,1484.572463768116,1.210144927536232,0.0,14.0,2026-01-19,0
0E892C46A442,4.0,1.0,0.0,90.38709677419355,1.4516129032258065,0.0,5.0,2026-01-19,0
0E89F7D5B5BD,5.0,0.0,10.0,142.7922077922078,0.38961038961038963,0.07142857142857142,15.0,2026-01-19,0
0E8B8566815B,0.0,0.0,0.0,61.609271523178805,0.08609271523178808,0.0,0.0,2026-01-19,0
0E8CF9CA526F,1.0,4.0,0.0,28.733333333333334,0.024242424242424242,0.0,5.0,2026-01-19,0
0E8F36DAB9C2,0.0,1.0,0.0,634.9117647058823,0.5980392156862745,0.0,1.0,2026-01-19,0
0E9761D8EB58,0.0,0.0,0.0,5784.284403669725,12.46788990825688,0.0,0.0,2026-01-19,0
0E9A30D927A5,6.0,3.0,2.0,12685.479591836734,2.6122448979591835,0.23469387755102042,11.0,2026-01-19,0
0E9C29FF940E,3.0,3.0,0.0,41.809815950920246,0.018404907975460124,0.0,6.0,2026-01-19,0
0E9DC914D8DF,2.0,2.0,0.0,186.79746835443038,0.012658227848101266,0.0,4.0,2026-01-19,0
0EA0447DA91C,1.0,1.0,0.0,1942.664,3.12,0.0,2.0,2026-01-19,0
0EA22CFA3A24,1.0,0.0,0.0,184.43949044585986,0.267515923566879,0.0,1.0,2026-01-19,0
0EA52A2A7581,2.0,0.0,3.0,120.03973509933775,0.19205298013245034,0.019867549668874173,5.0,2026-01-19,0
0EAEFEAEFB09,2.0,1.0,0.0,25.32704402515723,0.3584905660377358,0.0,3.0,2026-01-19,0
0EB04F2114F4,0.0,0.0,0.0,0.0,0.0,0.0,0.0,2026-01-19,0
0EB6B31D8AFB,0.0,2.0,0.0,19.7875,0.0125,0.0,2.0,2026-01-19,0
0EBF1B27CDE1,3.0,2.0,0.0,100.29452054794521,0.4520547945205479,0.0,5.0,2026-01-19,0
0EC8A35D0C20,3.0,5.0,0.0,61.60625,0.03125,0.0,8.0,2026-01-19,0
0ED0849FD6D8,1.0,2.0,0.0,369.3174603174603,0.3888888888888889,0.0,3.0,2026-01-19,0
0ED1E9DBD593,2.0,0.0,0.0,864.5130434782609,0.6521739130434783,0.0,2.0,2026-01-19,0
0ED4052A2763,0.0,3.0,0.0,8.54375,0.01875,0.0,3.0,2026-01-19,0
0ED5057ECE3F,3.0,3.0,4.0,738.3493150684932,1.2808219178082192,0.03424657534246575,10.0,2026-01-19,0
0EDC7177CCA9,0.0,3.0,1.0,72.39622641509433,0.018867924528301886,0.006289308176100629,4.0,2026-01-19,0
0EE071F7B24A,1.0,4.0,0.0,18.21383647798742,0.025157232704402517,0.0,5.0,2026-01-19,0
0EE09EDA649F,2.0,10.0,0.0,303.73202614379085,0.06535947712418301,0.0,12.0,2026-01-19,0
0EE317BA7C52,1.0,2.0,3.0,146.58536585365854,0.2682926829268293,0.024390243902439025,6.0,2026-01-19,0
0EE51B79E853,2.0,6.0,0.0,62.84756097560975,0.036585365853658534,0.0,8.0,2026-01-19,0
0EE78E4317BB,6.0,0.0,0.0,200.30872483221478,0.1342281879194631,0.0,6.0,2026-01-19,0
0EE9497950EE,2.0,0.0,0.0,27.25,0.1858974358974359,0.0,2.0,2026-01-19,0
0EEA98D1BFDB,4.0,12.0,0.0,33.484662576687114,0.0736196319018405,0.0,16.0,2026-01-19,0
0EECB108FF91,1.0,1.0,0.0,36.39751552795031,0.4161490683229814,0.0,2.0,2026-01-19,0
0EF023E6452D,3.0,5.0,4.0,377.01428571428573,0.29285714285714287,0.02857142857142857,12.0,2026-01-19,0
0EF08481B333,3.0,10.0,0.0,15.61963190184049,0.06134969325153374,0.0,13.0,2026-01-19,0
0EF437108E63,6.0,0.0,0.0,280.64539007092196,0.3971631205673759,0.0,6.0,2026-01-19,0
0EF47B410B41,5.0,10.0,0.0,66.54,0.08,0.0,15.0,2026-01-19,0
0EFD600E2623,2.0,3.0,0.0,43.38993710691824,0.018867924528301886,0.0,5.0,2026-01-19,0
0202CB0A6B1F,2.0,0.0,0.0,121.8048780487805,0.14634146341463414,0.0,2.0,2026-01-26,0
02043B6BA08B,0.0,2.0,0.0,1.8819875776397517,0.012422360248447204,0.0,2.0,2026-01-26,0
02075B45BF24,0.0,6.0,1.0,12.88953488372093,0.03488372093023256,0.005813953488372093,7.0,2026-01-26,0
02091DF7CCB8,0.0,0.0,0.0,787.9401709401709,1.205128205128205,0.05982905982905983,0.0,2026-01-26,0
02097AB58D3C,2.0,19.0,0.0,133.83333333333334,0.14743589743589744,0.0,21.0,2026-01-26,0
020CC6FB9659,1.0,7.0,1.0,169.1604938271605,0.48148148148148145,0.006172839506172839,9.0,2026-01-26,0
02132677328F,0.0,2.0,0.0,67.98113207547169,0.12578616352201258,0.0,2.0,2026-01-26,0
02142F017781,2.0,2.0,0.0,136.11627906976744,0.011627906976744186,0.0,4.0,2026-01-26,0
02145826103B,6.0,0.0,0.0,103.65625,0.325,0.0,6.0,2026-01-26,0
0217820BFFB2,2.0,4.0,0.0,427.50306748466255,0.4294478527607362,0.0,6.0,2026-01-26,0
02251388D3A2,2.0,4.0,0.0,64.50595238095238,0.023809523809523808,0.0,6.0,2026-01-26,0
0228A99EE35A,2.0,5.0,0.0,24.31547619047619,0.02976190476190476,0.0,7.0,2026-01-26,0
022C6F326E3B,3.0,0.0,4.0,219656.5185185185,36.888888888888886,1.5925925925925926,7.0,2026-01-26,0
022DB47C41AC,4.0,2.0,0.0,99.8641975308642,0.13580246913580246,0.0,6.0,2026-01-26,0
023015602FAA,0.0,1.0,0.0,4.162790697674419,0.005813953488372093,0.0,1.0,2026-01-26,0
0230D261A1CD,4.0,10.0,0.0,19.29824561403509,0.05847953216374269,0.0,14.0,2026-01-26,0
0230EEF72435,4.0,2.0,0.0,70.06470588235294,1.464705882352941,0.0,6.0,2026-01-26,0
02314F9A9168,3.0,7.0,0.0,13189.1015625,1.96875,0.0,10.0,2026-01-26,0
023257D29366,1.0,4.0,0.0,56.603550295857985,0.023668639053254437,0.0,5.0,2026-01-26,0
023270320B57,4.0,1.0,0.0,55.31736526946108,0.7485029940119761,0.0,5.0,2026-01-26,0
02388A18854F,3.0,0.0,0.0,574.7794117647059,2.75,0.0,3.0,2026-01-26,0
0239AD51B7AF,3.0,1.0,0.0,3059.6384615384613,2.4846153846153847,0.0,4.0,2026-01-26,0
023A663EFD87,6.0,7.0,0.0,121.14814814814815,0.6975308641975309,0.0,13.0,2026-01-26,0
023ADDDECF84,3.0,2.0,0.0,1801.984251968504,1.3858267716535433,0.0,5.0,2026-01-26,0
02423E0E6E9F,4.0,4.0,7.0,127367.85714285714,15.012987012987013,6.012987012987013,15.0,2026-01-26,1
024570739DE0,0.0,0.0,0.0,4465.0,2.0,1.0,0.0,2026-01-26,0
02478CD90F3A,1.0,5.0,0.0,131.64634146341464,0.03048780487804878,0.0,6.0,2026-01-26,0
024DD3A9ADCA,4.0,1.0,2.0,3111.9333333333334,1.7142857142857142,0.22857142857142856,7.0,2026-01-26,0
024ED433BF7D,0.0,0.0,0.0,590.8790322580645,1.5080645161290323,0.0,0.0,2026-01-26,0
0253BB40EDA6,1.0,1.0,0.0,36.758620689655174,0.005747126436781609,0.0,2.0,2026-01-26,0
0257E855DBCE,0.0,0.0,0.0,16.444444444444443,0.06432748538011696,0.0,0.0,2026-01-26,0
0259991BA036,0.0,0.0,0.0,96.05590062111801,0.2484472049689441,0.0,0.0,2026-01-26,0
025E884AB484,0.0,0.0,0.0,0.0,0.0,0.0,0.0,2026-01-26,0
026A6007FA48,1.0,4.0,1.0,310.3636363636364,0.5714285714285714,0.006493506493506494,6.0,2026-01-26,0
027137436C87,8.0,15.0,0.0,69.98265895953757,0.08670520231213873,0.0,23.0,2026-01-26,0
0278E06A2F67,2.0,4.0,0.0,46.174698795180724,0.024096385542168676,0.0,6.0,2026-01-26,0
0279D2AC6ACE,6.0,1.0,0.0,61.41875,0.08125,0.0,7.0,2026-01-26,0
027B2DC4EA84,1.0,0.0,0.0,78.0060975609756,0.04878048780487805,0.0,1.0,2026-01-26,0
027D07FC97FC,1.0,6.0,0.0,51.61349693251534,0.03680981595092025,0.0,7.0,2026-01-26,0
027FE9CED489,0.0,2.0,0.0,86.6890243902439,0.7317073170731707,0.0,2.0,2026-01-26,0
02817D5E40EE,4.0,1.0,0.0,574.75,0.8306451612903226,0.0,5.0,2026-01-26,0
028764AA026E,0.0,0.0,0.0,0.0,0.0,0.0,0.0,2026-01-26,0
02892F51E1CB,3.0,0.0,0.0,110241.26315789473,38.49122807017544,0.21052631578947367,3.0,2026-01-26,0
0289694A6E5B,3.0,6.0,0.0,236.6184210526316,0.23684210526315788,0.0,9.0,2026-01-26,0
028B24EADDAD,1.0,0.0,3.0,8928.899159663866,2.142857142857143,0.025210084033613446,4.0,2026-01-26,0
028CC0AE5719,0.0,0.0,0.0,1336.5,0.6197183098591549,0.0,0.0,2026-01-26,0
0293918A963F,1.0,2.0,0.0,153.4335260115607,0.011560693641618497,0.0,3.0,2026-01-26,0
02980E461859,2.0,3.0,0.0,60.758823529411764,0.01764705882352941,0.0,5.0,2026-01-26,0
029A2B32D17E,1.0,4.0,0.0,169.6038961038961,0.8116883116883117,0.0,5.0,2026-01-26,0
029C03C2BF19,1.0,3.0,0.0,88.84117647058824,0.22941176470588234,0.0,4.0,2026-01-26,0
029DA26B1A92,5.0,3.0,0.0,45.19298245614035,0.15789473684210525,0.0,8.0,2026-01-26,0
02A3A213EEC1,2.0,3.0,0.0,37.544910179640716,0.017964071856287425,0.0,5.0,2026-01-26,0
02A80292CB97,2.0,4.0,0.0,50.6878612716763,0.1791907514450867,0.0,6.0,2026-01-26,0
02B5C5ADC792,1.0,5.0,0.0,390.0886075949367,0.17088607594936708,0.0,6.0,2026-01-26,0
02B742646A0E,1.0,1.0,0.0,51.95238095238095,0.10119047619047619,0.0,2.0,2026-01-26,0
02BAD919855D,1.0,0.0,0.0,5876.655462184874,1.1176470588235294,0.0,1.0,2026-01-26,0
02BD26A4C3A0,4.0,5.0,0.0,44.58720930232558,0.03488372093023256,0.0,9.0,2026-01-26,0
02C0F45F31E7,0.0,0.0,0.0,401428.92307692306,55.0,0.0,0.0,2026-01-26,0
02CFFA3A3F35,2.0,2.0,0.0,27.264367816091955,0.011494252873563218,0.0,4.0,2026-01-26,0
02D49A34B2FE,0.0,0.0,0.0,156.62962962962962,0.3037037037037037,0.0,0.0,2026-01-26,0
02D4DFEF402A,2.0,0.0,4.0,52373.16949152543,28.305084745762713,0.2033898305084746,6.0,2026-01-26,0
02D7623552C8,2.0,1.0,3.0,3235.245283018868,2.849056603773585,0.5566037735849056,6.0,2026-01-26,0
02DC03A0F1E6,0.0,3.0,0.0,5.790697674418604,0.01744186046511628,0.0,3.0,2026-01-26,0
02E12310186C,0.0,1.0,0.0,23789.36283185841,1.5132743362831858,0.04424778761061947,1.0,2026-01-26,0
02EBC6CD4398,2.0,10.0,0.0,40.9112426035503,0.0650887573964497,0.0,12.0,2026-01-26,0
02F093C88F2E,1.0,3.0,0.0,41.70909090909091,0.08484848484848485,0.0,4.0,2026-01-26,0
02F18EEE028A,0.0,3.0,0.0,109.85714285714286,0.16326530612244897,0.0,3.0,2026-01-26,0
02F56F7C8E0B,1.0,1.0,0.0,169.16184971098266,0.005780346820809248,0.0,2.0,2026-01-26,0
02F5CE7705EC,0.0,5.0,0.0,58.9875,0.46875,0.0,5.0,2026-01-26,0
02F98EB34A7A,1.0,3.0,0.0,4.378698224852071,0.01775147928994083,0.0,4.0,2026-01-26,0
02FBDD4A2C43,5.0,7.0,0.0,69.67469879518072,0.04216867469879518,0.0,12.0,2026-01-26,0
060C5773A61B,2.0,1.0,0.0,755.9020979020979,1.1538461538461537,0.0,3.0,2026-01-26,0
060EE3CB4779,5.0,0.0,0.0,48.36746987951807,0.1686746987951807,0.0,5.0,2026-01-26,0
06132D7396F8,9.0,1.0,1.0,945.0866666666667,1.08,0.006666666666666667,11.0,2026-01-26,0
0616F247083A,1.0,0.0,0.0,104.23780487804878,0.07317073170731707,0.0,1.0,2026-01-26,0
061A4322745C,1.0,1.0,6.0,192.5759493670886,0.3291139240506329,0.0379746835443038,8.0,2026-01-26,0
06238EE3BE6C,1.0,3.0,0.0,79.64670658682634,0.15568862275449102,0.0,4.0,2026-01-26,0
062CA8BB55FC,0.0,0.0,0.0,0.0,0.0,0.0,0.0,2026-01-26,0
062EA113798F,0.0,9.0,0.0,19.653179190751445,0.05202312138728324,0.0,9.0,2026-01-26,0
0634F78DB4C5,5.0,0.0,0.0,485.9154929577465,0.6338028169014085,0.0,5.0,2026-01-26,0
0639EA5602C1,3.0,3.0,0.0,59.54761904761905,0.017857142857142856,0.0,6.0,2026-01-26,0
0644582257D9,4.0,0.0,0.0,183.5472972972973,0.16216216216216217,0.0,4.0,2026-01-26,0
064AED1EC0AA,12.0,16.0,2.0,1394.8639455782313,0.5238095238095238,0.013605442176870748,30.0,2026-01-26,1
064BE19B0A9E,0.0,3.0,1.0,24.45294117647059,0.01764705882352941,0.0058823529411764705,4.0,2026-01-26,0
064C94C771EC,3.0,9.0,0.0,507.7748344370861,0.0728476821192053,0.0,12.0,2026-01-26,0
064E66B5367B,4.0,1.0,0.0,143.64071856287424,0.3532934131736527,0.0,5.0,2026-01-26,0
06509A84E873,3.0,3.0,4.0,25.575757575757574,0.20606060606060606,0.024242424242424242,10.0,2026-01-26,0
0656377B3078,2.0,3.0,0.0,78.53398058252426,0.02912621359223301,0.0,5.0,2026-01-26,0
065B928716CD,1.0,1.0,0.0,2085.5496183206105,3.33587786259542,0.0,2.0,2026-01-26,0
065C003A8D0C,1.0,1.0,7.0,716.7891156462586,1.0952380952380953,0.061224489795918366,9.0,2026-01-26,0
066430BA5119,2.0,7.0,0.0,31.03448275862069,0.040229885057471264,0.0,9.0,2026-01-26,0
0665C3FE6D67,1.0,3.0,1.0,30.54705882352941,0.01764705882352941,0.0058823529411764705,5.0,2026-01-26,0
06711BE6AD2A,1.0,5.0,0.0,55.870588235294115,0.029411764705882353,0.0,6.0,2026-01-26,0
06787526FEB3,5.0,4.0,0.0,611.9160305343512,1.6259541984732824,0.0,9.0,2026-01-26,0
0683D2A8DA42,1.0,2.0,1.0,9.385964912280702,0.011695906432748537,0.005847953216374269,4.0,2026-01-26,0
068553B3AA23,0.0,0.0,0.0,224.65131578947367,0.14473684210526316,0.0,0.0,2026-01-26,0
0687F36E02C6,4.0,4.0,0.0,68.8698224852071,0.15976331360946747,0.0,8.0,2026-01-26,0
069357B9F15F,3.0,1.0,2.0,70.36196319018404,0.24539877300613497,0.012269938650306749,6.0,2026-01-26,0
06981FD8AA87,0.0,1.0,0.0,326.1566265060241,0.12650602409638553,0.0,1.0,2026-01-26,0
069A98DEEB1D,3.0,2.0,1.0,106984.3,18.86,0.28,6.0,2026-01-26,0
069FB4585F6E,2.0,5.0,0.0,54.774193548387096,0.03225806451612903,0.0,7.0,2026-01-26,0
06AA1DE70CBF,1.0,3.0,0.0,16.069767441860463,0.01744186046511628,0.0,4.0,2026-01-26,0
06AAA28A5D6B,1.0,2.0,0.0,44.380116959064324,0.011695906432748537,0.0,3.0,2026-01-26,0
06AEE181F595,3.0,4.0,0.0,160.18589743589743,0.2948717948717949,0.0,7.0,2026-01-26,0
06B162DC93E3,2.0,2.0,0.0,2825.7872340425533,0.1347517730496454,0.0,4.0,2026-01-26,0
06B641B75B29,1.0,0.0,3.0,1114.475,3.2666666666666666,0.025,4.0,2026-01-26,0
06C0D5E3BCDB,1.0,1.0,0.0,73911.38636363637,6.181818181818182,0.3409090909090909,2.0,2026-01-26,0
06C67619095C,0.0,2.0,0.0,40.31395348837209,0.011627906976744186,0.0,2.0,2026-01-26,0
06C77FEA9550,0.0,1.0,0.0,141.30967741935484,0.6,0.0,1.0,2026-01-26,0
06C98DF4F0FA,2.0,2.0,0.0,179.7683615819209,0.011299435028248588,0.0,4.0,2026-01-26,0
06CE0F3CFB3C,0.0,0.0,0.0,175.11711711711712,0.08108108108108109,0.0,0.0,2026-01-26,0
06D0342253A0,2.0,1.0,0.0,189.140243902439,0.10365853658536585,0.0,3.0,2026-01-26,0
06D388A19D5D,0.0,2.0,0.0,3.230769230769231,0.08284023668639054,0.0,2.0,2026-01-26,0
06D6B7018E15,5.0,13.0,0.0,119.34567901234568,0.08641975308641975,0.0,18.0,2026-01-26,0
06D7F6C73E0C,0.0,0.0,0.0,111.66272189349112,0.05917159763313609,0.0,0.0,2026-01-26,0
06D84598CCB4,2.0,12.0,0.0,66.9585798816568,0.07100591715976332,0.0,14.0,2026-01-26,0
06DAF11BD38F,0.0,0.0,0.0,72.70666666666666,0.14,0.0,0.0,2026-01-26,0
06EA136A2996,1.0,1.0,0.0,10.091954022988507,0.005747126436781609,0.0,2.0,2026-01-26,0
06EDBAE64B57,1.0,1.0,0.0,36.43023255813954,0.005813953488372093,0.0,2.0,2026-01-26,0
06EEBD283262,3.0,3.0,0.0,34.0414201183432,0.01775147928994083,0.0,6.0,2026-01-26,0
06EFD61B80ED,2.0,7.0,0.0,15.958579881656805,0.04142011834319527,0.0,9.0,2026-01-26,0
06F2469B50EF,3.0,6.0,2.0,91.17105263157895,0.039473684210526314,0.013157894736842105,11.0,2026-01-26,0
06F2CDBD2C41,7.0,4.0,0.0,2225.646153846154,1.1076923076923078,0.0,11.0,2026-01-26,0
06F40EA87663,6.0,14.0,0.0,177.10778443113773,0.08383233532934131,0.0,20.0,2026-01-26,0
06F49BD8F572,10.0,12.0,9.0,7587.537735849057,2.7830188679245285,0.3584905660377358,31.0,2026-01-26,0
06FDA7D7B22A,2.0,5.0,0.0,25.637931034482758,0.028735632183908046,0.0,7.0,2026-01-26,0
06FFEC2EFA5E,2.0,1.0,0.0,367.89403973509934,0.6754966887417219,0.0,3.0,2026-01-26,0
0A0B47664A85,2.0,7.0,0.0,184.0701754385965,0.3508771929824561,0.0,9.0,2026-01-26,0
0A10201AFE0A,1.0,8.0,0.0,61.37647058823529,0.047058823529411764,0.0,9.0,2026-01-26,0
0A1037E90A63,0.0,0.0,0.0,0.0,0.0,0.0,0.0,2026-01-26,0
0A10A5A5056E,0.0,3.0,0.0,25.03680981595092,0.13496932515337423,0.0,3.0,2026-01-26,0
0A15BC628AFC,1.0,2.0,0.0,83.63793103448276,0.011494252873563218,0.0,3.0,2026-01-26,0
0A182EFD3C61,2.0,1.0,0.0,108.87234042553192,0.9787234042553191,0.0,3.0,2026-01-26,0
0A184A2E46B7,0.0,2.0,0.0,54.33139534883721,0.9534883720930233,0.0,2.0,2026-01-26,0
0A19C62F4F6D,4.0,3.0,0.0,73.4,0.11875,0.0,7.0,2026-01-26,0
0A1FB1C98A92,5.0,11.0,0.0,31.325443786982248,0.0650887573964497,0.0,16.0,2026-01-26,1
0A23474F1944,3.0,4.0,0.0,22.242424242424242,0.19393939393939394,0.0,7.0,2026-01-26,0
0A25F6E3466C,4.0,4.0,3.0,2668.3,2.3636363636363638,0.02727272727272727,11.0,2026-01-26,0
0A268A7E40CD,3.0,11.0,0.0,49.365269461077844,0.0658682634730539,0.0,14.0,2026-01-26,0
0A272C5A2C9B,0.0,0.0,0.0,0.0,0.0,0.0,0.0,2026-01-26,0
0A2778A31BE3,5.0,9.0,0.0,309.95652173913044,0.055900621118012424,0.0,14.0,2026-01-26,0
0A3528D089D9,1.0,22.0,0.0,224.16374269005848,0.13450292397660818,0.0,23.0,2026-01-26,0
0A3983033084,3.0,8.0,0.0,42.604790419161674,0.04790419161676647,0.0,11.0,2026-01-26,0
0A42B2DB6370,0.0,0.0,0.0,0.0,0.0,0.0,0.0,2026-01-26,0
0A4673793B3E,1.0,3.0,0.0,10.107954545454545,0.017045454545454544,0.0,4.0,2026-01-26,0
0A485668F5C0,4.0,1.0,0.0,340.91333333333336,0.44,0.0,5.0,2026-01-26,0
0A4C884F240A,2.0,3.0,4.0,253.88815789473685,0.4934210526315789,0.02631578947368421,9.0,2026-01-26,0
0A4E33E2692B,2.0,2.0,0.0,970.6993006993007,1.020979020979021,0.0,4.0,2026-01-26,0
0A52DDE896BF,7.0,5.0,0.0,128.56024096385542,0.608433734939759,0.0,12.0,2026-01-26,0
0A55DA266F71,2.0,5.0,0.0,36.874251497005986,0.03592814371257485,0.0,7.0,2026-01-26,0
0A568E79FEF6,0.0,0.0,0.0,0.0,0.0,0.0,0.0,2026-01-26,0
0A57338657F8,5.0,2.0,0.0,20.72289156626506,0.16265060240963855,0.0,7.0,2026-01-26,0
0A57A684E20B,3.0,9.0,0.0,29.119318181818183,0.05113636363636364,0.0,12.0,2026-01-26,0
0A58FAD26D9D,1.0,5.0,0.0,151.77777777777777,0.029239766081871343,0.0,6.0,2026-01-26,0
0A5C1439B384,1.0,2.0,0.0,22.25294117647059,0.011764705882352941,0.0,3.0,2026-01-26,0
0A5D017E401E,1.0,2.0,0.0,96.875,0.1375,0.0,3.0,2026-01-26,0
0A5E96449374,0.0,1.0,0.0,899.4765625,1.25,0.0,1.0,2026-01-26,0
0A61E3165158,5.0,1.0,0.0,75.69590643274854,0.11695906432748537,0.0,6.0,2026-01-26,0
0A62EECEEBD1,1.0,2.0,0.0,41.85207100591716,0.011834319526627219,0.0,3.0,2026-01-26,0
0A6324E3E043,3.0,9.0,2.0,53.65060240963855,0.05421686746987952,0.012048192771084338,14.0,2026-01-26,0
0A6390E0FBA4,4.0,3.0,0.0,2479.0763358778627,3.0,0.0,7.0,2026-01-26,0
0A663B6B4B28,3.0,3.0,4.0,492.0691823899371,2.0440251572327046,0.025157232704402517,10.0,2026-01-26,0
0A682ED9C6DD,3.0,7.0,0.0,36.5,0.041666666666666664,0.0,10.0,2026-01-26,0
0A68A2032450,3.0,0.0,0.0,98.61428571428571,0.11428571428571428,0.0,3.0,2026-01-26,0
0A68DF0B3D07,1.0,0.0,0.0,46.54216867469879,0.07228915662650602,0.0,1.0,2026-01-26,0
0A68F38A6ACF,3.0,15.0,2.0,102.31210191082802,0.09554140127388536,0.012738853503184714,20.0,2026-01-26,0
0A6C571A1550,0.0,3.0,0.0,3.67816091954023,0.017241379310344827,0.0,3.0,2026-01-26,0
0A6D3595373D,8.0,21.0,0.0,193.53614457831324,0.12650602409638553,0.0,29.0,2026-01-26,0
0A6DA0C82CCB,0.0,0.0,0.0,0.0,0.0,0.0,0.0,2026-01-26,0
0A71A6F9D6C6,1.0,18.0,0.0,62.26627218934911,0.10650887573964497,0.0,19.0,2026-01-26,0
0A78701F2DCA,3.0,11.0,0.0,170.44025157232704,0.06918238993710692,0.0,14.0,2026-01-26,0
0A78FAF47B00,3.0,3.0,0.0,75.18343195266272,0.14792899408284024,0.0,6.0,2026-01-26,0
0A7AAFDD9E11,0.0,1.0,0.0,104.54838709677419,0.05806451612903226,0.0,1.0,2026-01-26,0
0A7AC5BDAF86,4.0,15.0,0.0,70.51764705882353,0.09411764705882353,0.0,19.0,2026-01-26,0
0A7CCAB29381,1.0,2.0,0.0,22.324675324675326,0.025974025974025976,0.0,3.0,2026-01-26,0
0A800188C20F,3.0,14.0,0.0,271.34027777777777,0.09722222222222222,0.0,17.0,2026-01-26,0
0A8407CF4D85,1.0,5.0,0.0,62.792682926829265,0.03048780487804878,0.0,6.0,2026-01-26,0
0A87B8C2734F,4.0,2.0,0.0,134.70833333333334,0.1488095238095238,0.0,6.0,2026-01-26,0
0A8EA87BB037,5.0,6.0,0.0,67.46470588235294,0.21176470588235294,0.0,11.0,2026-01-26,0
0A9547C11A56,0.0,0.0,0.0,944.2275862068966,1.0,0.0,0.0,2026-01-26,0
0A96EACD8070,1.0,3.0,0.0,341.45098039215685,1.1568627450980393,0.0,4.0,2026-01-26,0
0A974F5D7D8C,0.0,2.0,0.0,51.365269461077844,0.12574850299401197,0.0,2.0,2026-01-26,0
0A9A3BFD6C9B,0.0,4.0,0.0,34.16770186335404,0.32298136645962733,0.0,4.0,2026-01-26,0
0AA18F330F59,0.0,0.0,0.0,2296.339285714286,4.392857142857143,0.0,0.0,2026-01-26,0
0AA2818A7B27,0.0,0.0,0.0,0.0,0.0,0.0,0.0,2026-01-26,0
0AA296FF247D,4.0,2.0,0.0,160.58783783783784,0.18243243243243243,0.0,6.0,2026-01-26,0
0AA2F2CAB50B,4.0,1.0,0.0,1248.7142857142858,3.142857142857143,0.0,5.0,2026-01-26,0
0AA3F18DE550,1.0,7.0,0.0,27.832369942196532,0.04046242774566474,0.0,8.0,2026-01-26,0
0AA473D2FC17,0.0,9.0,0.0,36.833333333333336,0.05357142857142857,0.0,9.0,2026-01-26,0
0AA4B065E5A5,4.0,14.0,0.0,54.91279069767442,0.0872093023255814,0.0,18.0,2026-01-26,0
0AA9051FFFFA,3.0,3.0,0.0,25.720238095238095,0.017857142857142856,0.0,6.0,2026-01-26,0
0AB5F9C21BF8,2.0,3.0,1.0,309.95061728395063,0.48148148148148145,0.006172839506172839,6.0,2026-01-26,0
0AB6B45C775A,8.0,8.0,7.0,16612.025316455696,13.658227848101266,0.10126582278481013,23.0,2026-01-26,0
0AB97B7632EB,0.0,0.0,0.0,0.0,0.0,0.0,0.0,2026-01-26,0
0ABC8E60F4C1,5.0,9.0,2.0,362.1677852348993,0.06040268456375839,0.013422818791946308,16.0,2026-01-26,0
0ABD2E513F79,3.0,2.0,1.0,253.0421686746988,0.1566265060240964,0.006024096385542169,6.0,2026-01-26,0
0ABE42BE4165,3.0,0.0,0.0,75.08875739644971,0.07692307692307693,0.0,3.0,2026-01-26,0
0AC437023B18,0.0,0.0,0.0,19742.0,15.0,0.0,0.0,2026-01-26,0
0AD276FC5E27,0.0,7.0,0.0,250.20261437908496,0.2875816993464052,0.0,7.0,2026-01-26,0
0AD2C92E9756,0.0,1.0,0.0,4.377142857142857,0.005714285714285714,0.0,1.0,2026-01-26,0
0ADD02AB693D,2.0,2.0,0.0,54409.53333333333,5.1066666666666665,0.0,4.0,2026-01-26,0
0AE03793586F,2.0,2.0,0.0,34.90909090909091,0.012121212121212121,0.0,4.0,2026-01-26,0
0AE21E7A17E4,10.0,8.0,0.0,150.96363636363637,0.3696969696969697,0.0,18.0,2026-01-26,0
0AE6BF39C720,3.0,2.0,0.0,92.54545454545455,0.3212121212121212,0.0,5.0,2026-01-26,0
0AF1F0E3B640,2.0,5.0,0.0,183.35365853658536,0.042682926829268296,0.0,7.0,2026-01-26,0
0AF51D7D0F73,5.0,9.0,0.0,666.5,0.31333333333333335,0.0,14.0,2026-01-26,0
0AF8DCB98E4B,1.0,1.0,0.0,100.82608695652173,0.16770186335403728,0.0,2.0,2026-01-26,0
0AF9846E92DD,7.0,3.0,0.0,138.27152317880794,0.17218543046357615,0.0,10.0,2026-01-26,0
0AFB7B311996,1.0,2.0,0.0,38.68235294117647,0.011764705882352941,0.0,3.0,2026-01-26,0
0AFE702BB093,1.0,0.0,0.0,954.0178571428571,2.5,0.0,1.0,2026-01-26,0
0AFFC263C0D9,2.0,1.0,9.0,754.3533834586466,0.5939849624060151,0.07518796992481203,12.0,2026-01-26,0
0E03D8F69853,5.0,2.0,0.0,1139.0422535211267,1.3661971830985915,0.0,7.0,2026-01-26,0
0E0A8D6EB6B9,0.0,3.0,0.0,55.37951807228916,0.14457831325301204,0.0,3.0,2026-01-26,0
0E0C3EB7915D,4.0,0.0,0.0,10.153846153846153,0.08875739644970414,0.0,4.0,2026-01-26,0
0E0E2996F51A,1.0,6.0,1.0,106.3433734939759,0.24096385542168675,0.006024096385542169,8.0,2026-01-26,0
0E113B01A9A2,0.0,0.0,0.0,61.12138728323699,0.07514450867052024,0.0,0.0,2026-01-26,0
0E11F69747A8,1.0,1.0,0.0,98.45977011494253,0.005747126436781609,0.0,2.0,2026-01-26,0
0E121B6B8661,1.0,1.0,3.0,82.75739644970415,0.1242603550295858,0.01775147928994083,5.0,2026-01-26,0
0E1B6F4DBA34,9.0,12.0,0.0,2090.1450381679388,2.9618320610687023,0.0,21.0,2026-01-26,0
0E1C622E61BC,2.0,6.0,0.0,30.944099378881987,0.037267080745341616,0.0,8.0,2026-01-26,0
0E1D7CA1DB0C,1.0,1.0,0.0,48.51445086705202,0.15028901734104047,0.0,2.0,2026-01-26,0
0E21C239D865,4.0,6.0,1.0,134.87058823529412,0.03529411764705882,0.0058823529411764705,11.0,2026-01-26,0
0E2575C7EE05,0.0,1.0,0.0,28.903614457831324,0.08433734939759036,0.0,1.0,2026-01-26,0
0E2728C481CA,1.0,5.0,7.0,1056.2571428571428,1.0357142857142858,0.05,13.0,2026-01-26,0
0E293C5E4650,1.0,2.0,0.0,63.809815950920246,0.09815950920245399,0.0,3.0,2026-01-26,0
0E2DEE345837,0.0,11.0,0.0,63.325581395348834,0.06395348837209303,0.0,11.0,2026-01-26,0
0E31C429C185,3.0,4.0,0.0,1028.5240963855422,0.024096385542168676,0.0,7.0,2026-01-26,0
0E34282F4B53,7.0,9.0,0.0,122.28323699421965,0.05202312138728324,0.0,16.0,2026-01-26,0
0E3D96237639,3.0,5.0,0.0,17.057803468208093,0.028901734104046242,0.0,8.0,2026-01-26,0
0E3E1361EF6B,0.0,3.0,0.0,35.882716049382715,0.018518518518518517,0.0,3.0,2026-01-26,0
0E41CF7F74D5,1.0,2.0,0.0,26.167664670658684,0.2215568862275449,0.0,3.0,2026-01-26,0
0E462188408C,5.0,3.0,0.0,39.19760479041916,1.467065868263473,0.0,8.0,2026-01-26,0
0E485CCBF90A,0.0,5.0,0.0,102.69871794871794,0.21153846153846154,0.0,5.0,2026-01-26,0
0E4CE5FB4405,6.0,0.0,0.0,176.0126582278481,0.2974683544303797,0.0,6.0,2026-01-26,0
0E50A5B2E5C4,1.0,2.0,0.0,6.793103448275862,0.011494252873563218,0.0,3.0,2026-01-26,0
0E5303C82FCB,5.0,10.0,0.0,12.05084745762712,0.05649717514124294,0.0,15.0,2026-01-26,0
0E543D410B0C,2.0,4.0,0.0,36.81976744186046,0.023255813953488372,0.0,6.0,2026-01-26,0
0E55F28AB569,1.0,1.0,5.0,10968.539215686274,1.5588235294117647,0.3137254901960784,7.0,2026-01-26,0
0E5A9CEA8093,6.0,14.0,0.0,74.42514970059881,0.08383233532934131,0.0,20.0,2026-01-26,0
0E5CD9B19DCB,1.0,4.0,1.0,6615.911564625851,0.17006802721088435,0.006802721088435374,6.0,2026-01-26,0
0E5DFCF65AD4,4.0,1.0,0.0,2942.296296296296,0.362962962962963,0.0,5.0,2026-01-26,0
0E61D34F9993,1.0,8.0,0.0,5.138728323699422,0.046242774566473986,0.0,9.0,2026-01-26,0
0E69783262BE,5.0,3.0,2.0,201.32919254658384,0.14285714285714285,0.012422360248447204,10.0,2026-01-26,0
0E69C64B6E57,2.0,9.0,0.0,62.5919540229885,0.05172413793103448,0.0,11.0,2026-01-26,0
0E6A7794AFC7,0.0,0.0,0.0,0.0,0.0,0.0,0.0,2026-01-26,0
0E6ACE6D3146,5.0,1.0,0.0,33.293413173652695,0.1377245508982036,0.0,6.0,2026-01-26,0
0E6D2CBAED41,4.0,2.0,0.0,1183.3381294964029,1.841726618705036,0.0,6.0,2026-01-26,0
0E6DD6464541,2.0,2.0,0.0,12.728155339805825,0.019417475728155338,0.0,4.0,2026-01-26,0
0E752F1B295C,2.0,0.0,0.0,6103.091603053435,3.1755725190839694,0.06870229007633588,2.0,2026-01-26,0
0E7A8A5414C2,2.0,4.0,0.0,1062.2818791946308,0.9865771812080537,0.0,6.0,2026-01-26,0
0E892C46A442,2.0,0.0,0.0,67.68235294117648,1.2411764705882353,0.0,2.0,2026-01-26,0
0E89F7D5B5BD,4.0,1.0,9.0,133.83030303030304,0.3878787878787879,0.05454545454545454,14.0,2026-01-26,0
0E8B8566815B,4.0,0.0,0.0,147.45625,0.10625,0.0,4.0,2026-01-26,0
0E8CF9CA526F,5.0,7.0,0.0,68.35227272727273,0.03977272727272727,0.0,12.0,2026-01-26,0
0E8F36DAB9C2,0.0,0.0,0.0,693.3153153153153,0.8108108108108109,0.0,0.0,2026-01-26,0
0E9761D8EB58,1.0,2.0,0.0,4626.717948717948,12.222222222222221,0.0,3.0,2026-01-26,0
0E9A30D927A5,3.0,1.0,5.0,12840.421052631578,2.9263157894736844,0.5368421052631579,9.0,2026-01-26,1
0E9C29FF940E,1.0,4.0,0.0,34.514619883040936,0.023391812865497075,0.0,5.0,2026-01-26,0
0E9DC914D8DF,3.0,5.0,0.0,600.0920245398773,0.03067484662576687,0.0,8.0,2026-01-26,0
0EA0447DA91C,4.0,3.0,1.0,2799.4126984126983,3.3412698412698414,0.007936507936507936,8.0,2026-01-26,0
0EA22CFA3A24,3.0,0.0,0.0,209.69565217391303,0.3167701863354037,0.0,3.0,2026-01-26,0
0EA52A2A7581,3.0,4.0,1.0,163.36363636363637,0.2597402597402597,0.006493506493506494,8.0,2026-01-26,0
0EAEFEAEFB09,8.0,1.0,0.0,37.946107784431135,0.38922155688622756,0.0,9.0,2026-01-26,0
0EB04F2114F4,0.0,0.0,0.0,0.0,0.0,0.0,0.0,2026-01-26,0
0EB6B31D8AFB,3.0,3.0,0.0,74.70857142857143,0.017142857142857144,0.0,6.0,2026-01-26,0
0EBF1B27CDE1,4.0,4.0,1.0,138.27044025157232,0.42138364779874216,0.006289308176100629,9.0,2026-01-26,0
0EC8A35D0C20,4.0,6.0,0.0,52.75,0.036585365853658534,0.0,10.0,2026-01-26,0
0ED0849FD6D8,3.0,2.0,0.0,515.5928571428572,0.34285714285714286,0.0,5.0,2026-01-26,0
0ED1E9DBD593,5.0,0.0,0.0,1467.6571428571428,0.6,0.0,5.0,2026-01-26,0
0ED4052A2763,2.0,7.0,0.0,68.01785714285714,0.041666666666666664,0.0,9.0,2026-01-26,0
0ED5057ECE3F,3.0,1.0,1.0,575.4313725490196,0.9869281045751634,0.006535947712418301,5.0,2026-01-26,0
0EDC7177CCA9,0.0,3.0,0.0,40.94578313253012,0.018072289156626505,0.0,3.0,2026-01-26,0
0EE071F7B24A,0.0,1.0,0.0,1.377245508982036,0.005988023952095809,0.0,1.0,2026-01-26,0
0EE09EDA649F,5.0,9.0,0.0,328.6666666666667,0.05660377358490566,0.0,14.0,2026-01-26,0
0EE317BA7C52,3.0,1.0,6.0,210.60169491525423,0.3559322033898305,0.05084745762711865,10.0,2026-01-26,0
0EE51B79E853,2.0,7.0,0.0,79.562874251497,0.041916167664670656,0.0,9.0,2026-01-26,0
0EE78E4317BB,2.0,1.0,0.0,129.33986928104576,0.1568627450980392,0.0,3.0,2026-01-26,0
0EE9497950EE,5.0,3.0,0.0,48.04026845637584,0.26174496644295303,0.0,8.0,2026-01-26,0
0EEA98D1BFDB,1.0,9.0,0.0,11.19047619047619,0.05357142857142857,0.0,10.0,2026-01-26,0
0EECB108FF91,4.0,6.0,0.0,68.22674418604652,0.4883720930232558,0.0,10.0,2026-01-26,0
0EF023E6452D,4.0,0.0,14.0,523.1608391608391,0.32867132867132864,0.0979020979020979,18.0,2026-01-26,0
0EF08481B333,1.0,6.0,0.0,15.489655172413793,0.041379310344827586,0.0,7.0,2026-01-26,0
0EF437108E63,4.0,1.0,0.0,391.2364864864865,0.3783783783783784,0.0,5.0,2026-01-26,0
0EF47B410B41,2.0,8.0,0.0,33.036144578313255,0.04819277108433735,0.0,10.0,2026-01-26,0
0EFD600E2623,2.0,6.0,0.0,106.20231213872832,0.04046242774566474,0.0,8.0,2026-01-26,0
